wetland,bin,relative_path,align_dir,classify_dir,status
S1A10,bin.1,S1A10/bin.1,/home/ubuntu/projects/biodata/DNA-BERT/data/gtdbtk/align/S1A10/bin.1,/home/ubuntu/projects/biodata/DNA-BERT/data/gtdbtk/classify/S1A10/bin.1,completed
S1A10,bin.10,S1A10/bin.10,/home/ubuntu/projects/biodata/DNA-BERT/data/gtdbtk/align/S1A10/bin.10,/home/ubuntu/projects/biodata/DNA-BERT/data/gtdbtk/classify/S1A10/bin.10,completed
S1A10,bin.12,S1A10/bin.12,/home/ubuntu/projects/biodata/DNA-BERT/data/gtdbtk/align/S1A10/bin.12,/home/ubuntu/projects/biodata/DNA-BERT/data/gtdbtk/classify/S1A10/bin.12,completed
S1A10,bin.13,S1A10/bin.13,/home/ubuntu/projects/biodata/DNA-BERT/data/gtdbtk/align/S1A10/bin.13,/home/ubuntu/projects/biodata/DNA-BERT/data/gtdbtk/classify/S1A10/bin.13,completed
S1A10,bin.16,S1A10/bin.16,/home/ubuntu/projects/biodata/DNA-BERT/data/gtdbtk/align/S1A10/bin.16,/home/ubuntu/projects/biodata/DNA-BERT/data/gtdbtk/classify/S1A10/bin.16,completed
S1A10,bin.17,S1A10/bin.17,/home/ubuntu/projects/biodata/DNA-BERT/data/gtdbtk/align/S1A10/bin.17,/home/ubuntu/projects/biodata/DNA-BERT/data/gtdbtk/classify/S1A10/bin.17,completed
S1A10,bin.22,S1A10/bin.22,/home/ubuntu/projects/biodata/DNA-BERT/data/gtdbtk/align/S1A10/bin.22,/home/ubuntu/projects/biodata/DNA-BERT/data/gtdbtk/classify/S1A10/bin.22,completed
S1A10,bin.23,S1A10/bin.23,/home/ubuntu/projects/biodata/DNA-BERT/data/gtdbtk/align/S1A10/bin.23,/home/ubuntu/projects/biodata/DNA-BERT/data/gtdbtk/classify/S1A10/bin.23,completed
S1A10,bin.28,S1A10/bin.28,/home/ubuntu/projects/biodata/DNA-BERT/data/gtdbtk/align/S1A10/bin.28,/home/ubuntu/projects/biodata/DNA-BERT/data/gtdbtk/classify/S1A10/bin.28,completed
S1A10,bin.29,S1A10/bin.29,/home/ubuntu/projects/biodata/DNA-BERT/data/gtdbtk/align/S1A10/bin.29,/home/ubuntu/projects/biodata/DNA-BERT/data/gtdbtk/classify/S1A10/bin.29,completed
S1A10,bin.30,S1A10/bin.30,/home/ubuntu/projects/biodata/DNA-BERT/data/gtdbtk/align/S1A10/bin.30,/home/ubuntu/projects/biodata/DNA-BERT/data/gtdbtk/classify/S1A10/bin.30,completed
S1A10,bin.36,S1A10/bin.36,/home/ubuntu/projects/biodata/DNA-BERT/data/gtdbtk/align/S1A10/bin.36,/home/ubuntu/projects/biodata/DNA-BERT/data/gtdbtk/classify/S1A10/bin.36,completed
S1A11,bin.14,S1A11/bin.14,/home/ubuntu/projects/biodata/DNA-BERT/data/gtdbtk/align/S1A11/bin.14,/home/ubuntu/projects/biodata/DNA-BERT/data/gtdbtk/classify/S1A11/bin.14,completed
S1A11,bin.15,S1A11/bin.15,/home/ubuntu/projects/biodata/DNA-BERT/data/gtdbtk/align/S1A11/bin.15,/home/ubuntu/projects/biodata/DNA-BERT/data/gtdbtk/classify/S1A11/bin.15,completed
S1A11,bin.18,S1A11/bin.18,/home/ubuntu/projects/biodata/DNA-BERT/data/gtdbtk/align/S1A11/bin.18,/home/ubuntu/projects/biodata/DNA-BERT/data/gtdbtk/classify/S1A11/bin.18,completed
S1A11,bin.19,S1A11/bin.19,/home/ubuntu/projects/biodata/DNA-BERT/data/gtdbtk/align/S1A11/bin.19,/home/ubuntu/projects/biodata/DNA-BERT/data/gtdbtk/classify/S1A11/bin.19,completed
S1A11,bin.21,S1A11/bin.21,/home/ubuntu/projects/biodata/DNA-BERT/data/gtdbtk/align/S1A11/bin.21,/home/ubuntu/projects/biodata/DNA-BERT/data/gtdbtk/classify/S1A11/bin.21,completed
S1A11,bin.23,S1A11/bin.23,/home/ubuntu/projects/biodata/DNA-BERT/data/gtdbtk/align/S1A11/bin.23,/home/ubuntu/projects/biodata/DNA-BERT/data/gtdbtk/classify/S1A11/bin.23,completed
S1A11,bin.25,S1A11/bin.25,/home/ubuntu/projects/biodata/DNA-BERT/data/gtdbtk/align/S1A11/bin.25,/home/ubuntu/projects/biodata/DNA-BERT/data/gtdbtk/classify/S1A11/bin.25,completed
S1A11,bin.4,S1A11/bin.4,/home/ubuntu/projects/biodata/DNA-BERT/data/gtdbtk/align/S1A11/bin.4,/home/ubuntu/projects/biodata/DNA-BERT/data/gtdbtk/classify/S1A11/bin.4,completed
S1A11,bin.9,S1A11/bin.9,/home/ubuntu/projects/biodata/DNA-BERT/data/gtdbtk/align/S1A11/bin.9,/home/ubuntu/projects/biodata/DNA-BERT/data/gtdbtk/classify/S1A11/bin.9,completed
S1A12,bin.1,S1A12/bin.1,/home/ubuntu/projects/biodata/DNA-BERT/data/gtdbtk/align/S1A12/bin.1,/home/ubuntu/projects/biodata/DNA-BERT/data/gtdbtk/classify/S1A12/bin.1,completed
S1A12,bin.11,S1A12/bin.11,/home/ubuntu/projects/biodata/DNA-BERT/data/gtdbtk/align/S1A12/bin.11,/home/ubuntu/projects/biodata/DNA-BERT/data/gtdbtk/classify/S1A12/bin.11,completed
S1A12,bin.12,S1A12/bin.12,/home/ubuntu/projects/biodata/DNA-BERT/data/gtdbtk/align/S1A12/bin.12,/home/ubuntu/projects/biodata/DNA-BERT/data/gtdbtk/classify/S1A12/bin.12,completed
S1A12,bin.20,S1A12/bin.20,/home/ubuntu/projects/biodata/DNA-BERT/data/gtdbtk/align/S1A12/bin.20,/home/ubuntu/projects/biodata/DNA-BERT/data/gtdbtk/classify/S1A12/bin.20,completed
S1A12,bin.23,S1A12/bin.23,/home/ubuntu/projects/biodata/DNA-BERT/data/gtdbtk/align/S1A12/bin.23,/home/ubuntu/projects/biodata/DNA-BERT/data/gtdbtk/classify/S1A12/bin.23,completed
S1A12,bin.25,S1A12/bin.25,/home/ubuntu/projects/biodata/DNA-BERT/data/gtdbtk/align/S1A12/bin.25,/home/ubuntu/projects/biodata/DNA-BERT/data/gtdbtk/classify/S1A12/bin.25,completed
S1A12,bin.28,S1A12/bin.28,/home/ubuntu/projects/biodata/DNA-BERT/data/gtdbtk/align/S1A12/bin.28,/home/ubuntu/projects/biodata/DNA-BERT/data/gtdbtk/classify/S1A12/bin.28,completed
S1A12,bin.29,S1A12/bin.29,/home/ubuntu/projects/biodata/DNA-BERT/data/gtdbtk/align/S1A12/bin.29,/home/ubuntu/projects/biodata/DNA-BERT/data/gtdbtk/classify/S1A12/bin.29,completed
S1A2,bin.1,S1A2/bin.1,/home/ubuntu/projects/biodata/DNA-BERT/data/gtdbtk/align/S1A2/bin.1,/home/ubuntu/projects/biodata/DNA-BERT/data/gtdbtk/classify/S1A2/bin.1,completed
S1A3,bin.12,S1A3/bin.12,/home/ubuntu/projects/biodata/DNA-BERT/data/gtdbtk/align/S1A3/bin.12,/home/ubuntu/projects/biodata/DNA-BERT/data/gtdbtk/classify/S1A3/bin.12,completed
S1A3,bin.13,S1A3/bin.13,/home/ubuntu/projects/biodata/DNA-BERT/data/gtdbtk/align/S1A3/bin.13,/home/ubuntu/projects/biodata/DNA-BERT/data/gtdbtk/classify/S1A3/bin.13,completed
S1A3,bin.2,S1A3/bin.2,/home/ubuntu/projects/biodata/DNA-BERT/data/gtdbtk/align/S1A3/bin.2,/home/ubuntu/projects/biodata/DNA-BERT/data/gtdbtk/classify/S1A3/bin.2,completed
S1A3,bin.7,S1A3/bin.7,/home/ubuntu/projects/biodata/DNA-BERT/data/gtdbtk/align/S1A3/bin.7,/home/ubuntu/projects/biodata/DNA-BERT/data/gtdbtk/classify/S1A3/bin.7,completed
S1A4,bin.9,S1A4/bin.9,/home/ubuntu/projects/biodata/DNA-BERT/data/gtdbtk/align/S1A4/bin.9,/home/ubuntu/projects/biodata/DNA-BERT/data/gtdbtk/classify/S1A4/bin.9,completed
S1A5,bin.6,S1A5/bin.6,/home/ubuntu/projects/biodata/DNA-BERT/data/gtdbtk/align/S1A5/bin.6,/home/ubuntu/projects/biodata/DNA-BERT/data/gtdbtk/classify/S1A5/bin.6,completed
S1A6,bin.10,S1A6/bin.10,/home/ubuntu/projects/biodata/DNA-BERT/data/gtdbtk/align/S1A6/bin.10,/home/ubuntu/projects/biodata/DNA-BERT/data/gtdbtk/classify/S1A6/bin.10,completed
S1A6,bin.14,S1A6/bin.14,/home/ubuntu/projects/biodata/DNA-BERT/data/gtdbtk/align/S1A6/bin.14,/home/ubuntu/projects/biodata/DNA-BERT/data/gtdbtk/classify/S1A6/bin.14,completed
S1A6,bin.5,S1A6/bin.5,/home/ubuntu/projects/biodata/DNA-BERT/data/gtdbtk/align/S1A6/bin.5,/home/ubuntu/projects/biodata/DNA-BERT/data/gtdbtk/classify/S1A6/bin.5,completed
S1A8,bin.1,S1A8/bin.1,/home/ubuntu/projects/biodata/DNA-BERT/data/gtdbtk/align/S1A8/bin.1,/home/ubuntu/projects/biodata/DNA-BERT/data/gtdbtk/classify/S1A8/bin.1,completed
S1A8,bin.12,S1A8/bin.12,/home/ubuntu/projects/biodata/DNA-BERT/data/gtdbtk/align/S1A8/bin.12,/home/ubuntu/projects/biodata/DNA-BERT/data/gtdbtk/classify/S1A8/bin.12,completed
S1A8,bin.18,S1A8/bin.18,/home/ubuntu/projects/biodata/DNA-BERT/data/gtdbtk/align/S1A8/bin.18,/home/ubuntu/projects/biodata/DNA-BERT/data/gtdbtk/classify/S1A8/bin.18,completed
S1A8,bin.19,S1A8/bin.19,/home/ubuntu/projects/biodata/DNA-BERT/data/gtdbtk/align/S1A8/bin.19,/home/ubuntu/projects/biodata/DNA-BERT/data/gtdbtk/classify/S1A8/bin.19,completed
S1A8,bin.21,S1A8/bin.21,/home/ubuntu/projects/biodata/DNA-BERT/data/gtdbtk/align/S1A8/bin.21,/home/ubuntu/projects/biodata/DNA-BERT/data/gtdbtk/classify/S1A8/bin.21,completed
S1A8,bin.23,S1A8/bin.23,/home/ubuntu/projects/biodata/DNA-BERT/data/gtdbtk/align/S1A8/bin.23,/home/ubuntu/projects/biodata/DNA-BERT/data/gtdbtk/classify/S1A8/bin.23,completed
S1A8,bin.24,S1A8/bin.24,/home/ubuntu/projects/biodata/DNA-BERT/data/gtdbtk/align/S1A8/bin.24,/home/ubuntu/projects/biodata/DNA-BERT/data/gtdbtk/classify/S1A8/bin.24,completed
S1A8,bin.27,S1A8/bin.27,/home/ubuntu/projects/biodata/DNA-BERT/data/gtdbtk/align/S1A8/bin.27,/home/ubuntu/projects/biodata/DNA-BERT/data/gtdbtk/classify/S1A8/bin.27,completed
S1A8,bin.28,S1A8/bin.28,/home/ubuntu/projects/biodata/DNA-BERT/data/gtdbtk/align/S1A8/bin.28,/home/ubuntu/projects/biodata/DNA-BERT/data/gtdbtk/classify/S1A8/bin.28,completed
S1A8,bin.4,S1A8/bin.4,/home/ubuntu/projects/biodata/DNA-BERT/data/gtdbtk/align/S1A8/bin.4,/home/ubuntu/projects/biodata/DNA-BERT/data/gtdbtk/classify/S1A8/bin.4,completed
S1A8,bin.5,S1A8/bin.5,/home/ubuntu/projects/biodata/DNA-BERT/data/gtdbtk/align/S1A8/bin.5,/home/ubuntu/projects/biodata/DNA-BERT/data/gtdbtk/classify/S1A8/bin.5,completed
S1A9,bin.1,S1A9/bin.1,/home/ubuntu/projects/biodata/DNA-BERT/data/gtdbtk/align/S1A9/bin.1,/home/ubuntu/projects/biodata/DNA-BERT/data/gtdbtk/classify/S1A9/bin.1,completed
S1A9,bin.13,S1A9/bin.13,/home/ubuntu/projects/biodata/DNA-BERT/data/gtdbtk/align/S1A9/bin.13,/home/ubuntu/projects/biodata/DNA-BERT/data/gtdbtk/classify/S1A9/bin.13,completed
S1A9,bin.20,S1A9/bin.20,/home/ubuntu/projects/biodata/DNA-BERT/data/gtdbtk/align/S1A9/bin.20,/home/ubuntu/projects/biodata/DNA-BERT/data/gtdbtk/classify/S1A9/bin.20,completed
S1B1,bin.18,S1B1/bin.18,/home/ubuntu/projects/biodata/DNA-BERT/data/gtdbtk/align/S1B1/bin.18,/home/ubuntu/projects/biodata/DNA-BERT/data/gtdbtk/classify/S1B1/bin.18,completed
S1B1,bin.24,S1B1/bin.24,/home/ubuntu/projects/biodata/DNA-BERT/data/gtdbtk/align/S1B1/bin.24,/home/ubuntu/projects/biodata/DNA-BERT/data/gtdbtk/classify/S1B1/bin.24,completed
S1B1,bin.25,S1B1/bin.25,/home/ubuntu/projects/biodata/DNA-BERT/data/gtdbtk/align/S1B1/bin.25,/home/ubuntu/projects/biodata/DNA-BERT/data/gtdbtk/classify/S1B1/bin.25,completed
S1B1,bin.5,S1B1/bin.5,/home/ubuntu/projects/biodata/DNA-BERT/data/gtdbtk/align/S1B1/bin.5,/home/ubuntu/projects/biodata/DNA-BERT/data/gtdbtk/classify/S1B1/bin.5,completed
S1B1,bin.6,S1B1/bin.6,/home/ubuntu/projects/biodata/DNA-BERT/data/gtdbtk/align/S1B1/bin.6,/home/ubuntu/projects/biodata/DNA-BERT/data/gtdbtk/classify/S1B1/bin.6,completed
S1B10,bin.11,S1B10/bin.11,/home/ubuntu/projects/biodata/DNA-BERT/data/gtdbtk/align/S1B10/bin.11,/home/ubuntu/projects/biodata/DNA-BERT/data/gtdbtk/classify/S1B10/bin.11,completed
S1B10,bin.16,S1B10/bin.16,/home/ubuntu/projects/biodata/DNA-BERT/data/gtdbtk/align/S1B10/bin.16,/home/ubuntu/projects/biodata/DNA-BERT/data/gtdbtk/classify/S1B10/bin.16,completed
S1B10,bin.5,S1B10/bin.5,/home/ubuntu/projects/biodata/DNA-BERT/data/gtdbtk/align/S1B10/bin.5,/home/ubuntu/projects/biodata/DNA-BERT/data/gtdbtk/classify/S1B10/bin.5,completed
S1B10,bin.9,S1B10/bin.9,/home/ubuntu/projects/biodata/DNA-BERT/data/gtdbtk/align/S1B10/bin.9,/home/ubuntu/projects/biodata/DNA-BERT/data/gtdbtk/classify/S1B10/bin.9,completed
S1B11,bin.13,S1B11/bin.13,/home/ubuntu/projects/biodata/DNA-BERT/data/gtdbtk/align/S1B11/bin.13,/home/ubuntu/projects/biodata/DNA-BERT/data/gtdbtk/classify/S1B11/bin.13,completed
S1B11,bin.14,S1B11/bin.14,/home/ubuntu/projects/biodata/DNA-BERT/data/gtdbtk/align/S1B11/bin.14,/home/ubuntu/projects/biodata/DNA-BERT/data/gtdbtk/classify/S1B11/bin.14,completed
S1B11,bin.15,S1B11/bin.15,/home/ubuntu/projects/biodata/DNA-BERT/data/gtdbtk/align/S1B11/bin.15,/home/ubuntu/projects/biodata/DNA-BERT/data/gtdbtk/classify/S1B11/bin.15,completed
S1B11,bin.22,S1B11/bin.22,/home/ubuntu/projects/biodata/DNA-BERT/data/gtdbtk/align/S1B11/bin.22,/home/ubuntu/projects/biodata/DNA-BERT/data/gtdbtk/classify/S1B11/bin.22,completed
S1B11,bin.4,S1B11/bin.4,/home/ubuntu/projects/biodata/DNA-BERT/data/gtdbtk/align/S1B11/bin.4,/home/ubuntu/projects/biodata/DNA-BERT/data/gtdbtk/classify/S1B11/bin.4,completed
S1B11,bin.6,S1B11/bin.6,/home/ubuntu/projects/biodata/DNA-BERT/data/gtdbtk/align/S1B11/bin.6,/home/ubuntu/projects/biodata/DNA-BERT/data/gtdbtk/classify/S1B11/bin.6,completed
S1B11,bin.8,S1B11/bin.8,/home/ubuntu/projects/biodata/DNA-BERT/data/gtdbtk/align/S1B11/bin.8,/home/ubuntu/projects/biodata/DNA-BERT/data/gtdbtk/classify/S1B11/bin.8,completed
S1B12,bin.10,S1B12/bin.10,/home/ubuntu/projects/biodata/DNA-BERT/data/gtdbtk/align/S1B12/bin.10,/home/ubuntu/projects/biodata/DNA-BERT/data/gtdbtk/classify/S1B12/bin.10,completed
S1B12,bin.15,S1B12/bin.15,/home/ubuntu/projects/biodata/DNA-BERT/data/gtdbtk/align/S1B12/bin.15,/home/ubuntu/projects/biodata/DNA-BERT/data/gtdbtk/classify/S1B12/bin.15,completed
S1B12,bin.21,S1B12/bin.21,/home/ubuntu/projects/biodata/DNA-BERT/data/gtdbtk/align/S1B12/bin.21,/home/ubuntu/projects/biodata/DNA-BERT/data/gtdbtk/classify/S1B12/bin.21,completed
S1B12,bin.26,S1B12/bin.26,/home/ubuntu/projects/biodata/DNA-BERT/data/gtdbtk/align/S1B12/bin.26,/home/ubuntu/projects/biodata/DNA-BERT/data/gtdbtk/classify/S1B12/bin.26,completed
S1B12,bin.31,S1B12/bin.31,/home/ubuntu/projects/biodata/DNA-BERT/data/gtdbtk/align/S1B12/bin.31,/home/ubuntu/projects/biodata/DNA-BERT/data/gtdbtk/classify/S1B12/bin.31,completed
S1B12,bin.37,S1B12/bin.37,/home/ubuntu/projects/biodata/DNA-BERT/data/gtdbtk/align/S1B12/bin.37,/home/ubuntu/projects/biodata/DNA-BERT/data/gtdbtk/classify/S1B12/bin.37,completed
S1B12,bin.44,S1B12/bin.44,/home/ubuntu/projects/biodata/DNA-BERT/data/gtdbtk/align/S1B12/bin.44,/home/ubuntu/projects/biodata/DNA-BERT/data/gtdbtk/classify/S1B12/bin.44,completed
S1B12,bin.48,S1B12/bin.48,/home/ubuntu/projects/biodata/DNA-BERT/data/gtdbtk/align/S1B12/bin.48,/home/ubuntu/projects/biodata/DNA-BERT/data/gtdbtk/classify/S1B12/bin.48,completed
S1B12,bin.50,S1B12/bin.50,/home/ubuntu/projects/biodata/DNA-BERT/data/gtdbtk/align/S1B12/bin.50,/home/ubuntu/projects/biodata/DNA-BERT/data/gtdbtk/classify/S1B12/bin.50,completed
S1B12,bin.51,S1B12/bin.51,/home/ubuntu/projects/biodata/DNA-BERT/data/gtdbtk/align/S1B12/bin.51,/home/ubuntu/projects/biodata/DNA-BERT/data/gtdbtk/classify/S1B12/bin.51,completed
S1B2,bin.11,S1B2/bin.11,/home/ubuntu/projects/biodata/DNA-BERT/data/gtdbtk/align/S1B2/bin.11,/home/ubuntu/projects/biodata/DNA-BERT/data/gtdbtk/classify/S1B2/bin.11,completed
S1B4,bin.5,S1B4/bin.5,/home/ubuntu/projects/biodata/DNA-BERT/data/gtdbtk/align/S1B4/bin.5,/home/ubuntu/projects/biodata/DNA-BERT/data/gtdbtk/classify/S1B4/bin.5,completed
S1B4,bin.9,S1B4/bin.9,/home/ubuntu/projects/biodata/DNA-BERT/data/gtdbtk/align/S1B4/bin.9,/home/ubuntu/projects/biodata/DNA-BERT/data/gtdbtk/classify/S1B4/bin.9,completed
S1B5,bin.1,S1B5/bin.1,/home/ubuntu/projects/biodata/DNA-BERT/data/gtdbtk/align/S1B5/bin.1,/home/ubuntu/projects/biodata/DNA-BERT/data/gtdbtk/classify/S1B5/bin.1,completed
S1B5,bin.13,S1B5/bin.13,/home/ubuntu/projects/biodata/DNA-BERT/data/gtdbtk/align/S1B5/bin.13,/home/ubuntu/projects/biodata/DNA-BERT/data/gtdbtk/classify/S1B5/bin.13,completed
S1B5,bin.18,S1B5/bin.18,/home/ubuntu/projects/biodata/DNA-BERT/data/gtdbtk/align/S1B5/bin.18,/home/ubuntu/projects/biodata/DNA-BERT/data/gtdbtk/classify/S1B5/bin.18,completed
S1B5,bin.20,S1B5/bin.20,/home/ubuntu/projects/biodata/DNA-BERT/data/gtdbtk/align/S1B5/bin.20,/home/ubuntu/projects/biodata/DNA-BERT/data/gtdbtk/classify/S1B5/bin.20,completed
S1B5,bin.21,S1B5/bin.21,/home/ubuntu/projects/biodata/DNA-BERT/data/gtdbtk/align/S1B5/bin.21,/home/ubuntu/projects/biodata/DNA-BERT/data/gtdbtk/classify/S1B5/bin.21,completed
S1B5,bin.22,S1B5/bin.22,/home/ubuntu/projects/biodata/DNA-BERT/data/gtdbtk/align/S1B5/bin.22,/home/ubuntu/projects/biodata/DNA-BERT/data/gtdbtk/classify/S1B5/bin.22,completed
S1B5,bin.25,S1B5/bin.25,/home/ubuntu/projects/biodata/DNA-BERT/data/gtdbtk/align/S1B5/bin.25,/home/ubuntu/projects/biodata/DNA-BERT/data/gtdbtk/classify/S1B5/bin.25,completed
S1B5,bin.8,S1B5/bin.8,/home/ubuntu/projects/biodata/DNA-BERT/data/gtdbtk/align/S1B5/bin.8,/home/ubuntu/projects/biodata/DNA-BERT/data/gtdbtk/classify/S1B5/bin.8,completed
S1B7,bin.2,S1B7/bin.2,/home/ubuntu/projects/biodata/DNA-BERT/data/gtdbtk/align/S1B7/bin.2,/home/ubuntu/projects/biodata/DNA-BERT/data/gtdbtk/classify/S1B7/bin.2,completed
S1B7,bin.4,S1B7/bin.4,/home/ubuntu/projects/biodata/DNA-BERT/data/gtdbtk/align/S1B7/bin.4,/home/ubuntu/projects/biodata/DNA-BERT/data/gtdbtk/classify/S1B7/bin.4,completed
S1B8,bin.12,S1B8/bin.12,/home/ubuntu/projects/biodata/DNA-BERT/data/gtdbtk/align/S1B8/bin.12,/home/ubuntu/projects/biodata/DNA-BERT/data/gtdbtk/classify/S1B8/bin.12,completed
S1B8,bin.15,S1B8/bin.15,/home/ubuntu/projects/biodata/DNA-BERT/data/gtdbtk/align/S1B8/bin.15,/home/ubuntu/projects/biodata/DNA-BERT/data/gtdbtk/classify/S1B8/bin.15,completed
S1B8,bin.8,S1B8/bin.8,/home/ubuntu/projects/biodata/DNA-BERT/data/gtdbtk/align/S1B8/bin.8,/home/ubuntu/projects/biodata/DNA-BERT/data/gtdbtk/classify/S1B8/bin.8,completed
S1C1,bin.19,S1C1/bin.19,/home/ubuntu/projects/biodata/DNA-BERT/data/gtdbtk/align/S1C1/bin.19,/home/ubuntu/projects/biodata/DNA-BERT/data/gtdbtk/classify/S1C1/bin.19,completed
S1C1,bin.22,S1C1/bin.22,/home/ubuntu/projects/biodata/DNA-BERT/data/gtdbtk/align/S1C1/bin.22,/home/ubuntu/projects/biodata/DNA-BERT/data/gtdbtk/classify/S1C1/bin.22,completed
S1C1,bin.41,S1C1/bin.41,/home/ubuntu/projects/biodata/DNA-BERT/data/gtdbtk/align/S1C1/bin.41,/home/ubuntu/projects/biodata/DNA-BERT/data/gtdbtk/classify/S1C1/bin.41,completed
S1C10,bin.13,S1C10/bin.13,/home/ubuntu/projects/biodata/DNA-BERT/data/gtdbtk/align/S1C10/bin.13,/home/ubuntu/projects/biodata/DNA-BERT/data/gtdbtk/classify/S1C10/bin.13,completed
S1C10,bin.14,S1C10/bin.14,/home/ubuntu/projects/biodata/DNA-BERT/data/gtdbtk/align/S1C10/bin.14,/home/ubuntu/projects/biodata/DNA-BERT/data/gtdbtk/classify/S1C10/bin.14,completed
S1C10,bin.18,S1C10/bin.18,/home/ubuntu/projects/biodata/DNA-BERT/data/gtdbtk/align/S1C10/bin.18,/home/ubuntu/projects/biodata/DNA-BERT/data/gtdbtk/classify/S1C10/bin.18,completed
S1C10,bin.20,S1C10/bin.20,/home/ubuntu/projects/biodata/DNA-BERT/data/gtdbtk/align/S1C10/bin.20,/home/ubuntu/projects/biodata/DNA-BERT/data/gtdbtk/classify/S1C10/bin.20,completed
S1C10,bin.23,S1C10/bin.23,/home/ubuntu/projects/biodata/DNA-BERT/data/gtdbtk/align/S1C10/bin.23,/home/ubuntu/projects/biodata/DNA-BERT/data/gtdbtk/classify/S1C10/bin.23,completed
S1C10,bin.26,S1C10/bin.26,/home/ubuntu/projects/biodata/DNA-BERT/data/gtdbtk/align/S1C10/bin.26,/home/ubuntu/projects/biodata/DNA-BERT/data/gtdbtk/classify/S1C10/bin.26,completed
S1C10,bin.34,S1C10/bin.34,/home/ubuntu/projects/biodata/DNA-BERT/data/gtdbtk/align/S1C10/bin.34,/home/ubuntu/projects/biodata/DNA-BERT/data/gtdbtk/classify/S1C10/bin.34,completed
S1C10,bin.38,S1C10/bin.38,/home/ubuntu/projects/biodata/DNA-BERT/data/gtdbtk/align/S1C10/bin.38,/home/ubuntu/projects/biodata/DNA-BERT/data/gtdbtk/classify/S1C10/bin.38,completed
S1C11,bin.12,S1C11/bin.12,/home/ubuntu/projects/biodata/DNA-BERT/data/gtdbtk/align/S1C11/bin.12,/home/ubuntu/projects/biodata/DNA-BERT/data/gtdbtk/classify/S1C11/bin.12,completed
S1C11,bin.18,S1C11/bin.18,/home/ubuntu/projects/biodata/DNA-BERT/data/gtdbtk/align/S1C11/bin.18,/home/ubuntu/projects/biodata/DNA-BERT/data/gtdbtk/classify/S1C11/bin.18,completed
S1C11,bin.36,S1C11/bin.36,/home/ubuntu/projects/biodata/DNA-BERT/data/gtdbtk/align/S1C11/bin.36,/home/ubuntu/projects/biodata/DNA-BERT/data/gtdbtk/classify/S1C11/bin.36,completed
S1C11,bin.4,S1C11/bin.4,/home/ubuntu/projects/biodata/DNA-BERT/data/gtdbtk/align/S1C11/bin.4,/home/ubuntu/projects/biodata/DNA-BERT/data/gtdbtk/classify/S1C11/bin.4,completed
S1C12,bin.10,S1C12/bin.10,/home/ubuntu/projects/biodata/DNA-BERT/data/gtdbtk/align/S1C12/bin.10,/home/ubuntu/projects/biodata/DNA-BERT/data/gtdbtk/classify/S1C12/bin.10,completed
S1C12,bin.12,S1C12/bin.12,/home/ubuntu/projects/biodata/DNA-BERT/data/gtdbtk/align/S1C12/bin.12,/home/ubuntu/projects/biodata/DNA-BERT/data/gtdbtk/classify/S1C12/bin.12,completed
S1C2,bin.13,S1C2/bin.13,/home/ubuntu/projects/biodata/DNA-BERT/data/gtdbtk/align/S1C2/bin.13,/home/ubuntu/projects/biodata/DNA-BERT/data/gtdbtk/classify/S1C2/bin.13,completed
S1C2,bin.15,S1C2/bin.15,/home/ubuntu/projects/biodata/DNA-BERT/data/gtdbtk/align/S1C2/bin.15,/home/ubuntu/projects/biodata/DNA-BERT/data/gtdbtk/classify/S1C2/bin.15,completed
S1C2,bin.16,S1C2/bin.16,/home/ubuntu/projects/biodata/DNA-BERT/data/gtdbtk/align/S1C2/bin.16,/home/ubuntu/projects/biodata/DNA-BERT/data/gtdbtk/classify/S1C2/bin.16,completed
S1C2,bin.28,S1C2/bin.28,/home/ubuntu/projects/biodata/DNA-BERT/data/gtdbtk/align/S1C2/bin.28,/home/ubuntu/projects/biodata/DNA-BERT/data/gtdbtk/classify/S1C2/bin.28,completed
S1C2,bin.3,S1C2/bin.3,/home/ubuntu/projects/biodata/DNA-BERT/data/gtdbtk/align/S1C2/bin.3,/home/ubuntu/projects/biodata/DNA-BERT/data/gtdbtk/classify/S1C2/bin.3,completed
S1C2,bin.30,S1C2/bin.30,/home/ubuntu/projects/biodata/DNA-BERT/data/gtdbtk/align/S1C2/bin.30,/home/ubuntu/projects/biodata/DNA-BERT/data/gtdbtk/classify/S1C2/bin.30,completed
S1C2,bin.33,S1C2/bin.33,/home/ubuntu/projects/biodata/DNA-BERT/data/gtdbtk/align/S1C2/bin.33,/home/ubuntu/projects/biodata/DNA-BERT/data/gtdbtk/classify/S1C2/bin.33,completed
S1C3,bin.17,S1C3/bin.17,/home/ubuntu/projects/biodata/DNA-BERT/data/gtdbtk/align/S1C3/bin.17,/home/ubuntu/projects/biodata/DNA-BERT/data/gtdbtk/classify/S1C3/bin.17,completed
S1C3,bin.24,S1C3/bin.24,/home/ubuntu/projects/biodata/DNA-BERT/data/gtdbtk/align/S1C3/bin.24,/home/ubuntu/projects/biodata/DNA-BERT/data/gtdbtk/classify/S1C3/bin.24,completed
S1C3,bin.26,S1C3/bin.26,/home/ubuntu/projects/biodata/DNA-BERT/data/gtdbtk/align/S1C3/bin.26,/home/ubuntu/projects/biodata/DNA-BERT/data/gtdbtk/classify/S1C3/bin.26,completed
S1C3,bin.31,S1C3/bin.31,/home/ubuntu/projects/biodata/DNA-BERT/data/gtdbtk/align/S1C3/bin.31,/home/ubuntu/projects/biodata/DNA-BERT/data/gtdbtk/classify/S1C3/bin.31,completed
S1C3,bin.34,S1C3/bin.34,/home/ubuntu/projects/biodata/DNA-BERT/data/gtdbtk/align/S1C3/bin.34,/home/ubuntu/projects/biodata/DNA-BERT/data/gtdbtk/classify/S1C3/bin.34,completed
S1C3,bin.4,S1C3/bin.4,/home/ubuntu/projects/biodata/DNA-BERT/data/gtdbtk/align/S1C3/bin.4,/home/ubuntu/projects/biodata/DNA-BERT/data/gtdbtk/classify/S1C3/bin.4,completed
S1C3,bin.46,S1C3/bin.46,/home/ubuntu/projects/biodata/DNA-BERT/data/gtdbtk/align/S1C3/bin.46,/home/ubuntu/projects/biodata/DNA-BERT/data/gtdbtk/classify/S1C3/bin.46,completed
S1C3,bin.51,S1C3/bin.51,/home/ubuntu/projects/biodata/DNA-BERT/data/gtdbtk/align/S1C3/bin.51,/home/ubuntu/projects/biodata/DNA-BERT/data/gtdbtk/classify/S1C3/bin.51,completed
S1C4,bin.17,S1C4/bin.17,/home/ubuntu/projects/biodata/DNA-BERT/data/gtdbtk/align/S1C4/bin.17,/home/ubuntu/projects/biodata/DNA-BERT/data/gtdbtk/classify/S1C4/bin.17,completed
S1C4,bin.21,S1C4/bin.21,/home/ubuntu/projects/biodata/DNA-BERT/data/gtdbtk/align/S1C4/bin.21,/home/ubuntu/projects/biodata/DNA-BERT/data/gtdbtk/classify/S1C4/bin.21,completed
S1C4,bin.24,S1C4/bin.24,/home/ubuntu/projects/biodata/DNA-BERT/data/gtdbtk/align/S1C4/bin.24,/home/ubuntu/projects/biodata/DNA-BERT/data/gtdbtk/classify/S1C4/bin.24,completed
S1C4,bin.26,S1C4/bin.26,/home/ubuntu/projects/biodata/DNA-BERT/data/gtdbtk/align/S1C4/bin.26,/home/ubuntu/projects/biodata/DNA-BERT/data/gtdbtk/classify/S1C4/bin.26,completed
S1C4,bin.46,S1C4/bin.46,/home/ubuntu/projects/biodata/DNA-BERT/data/gtdbtk/align/S1C4/bin.46,/home/ubuntu/projects/biodata/DNA-BERT/data/gtdbtk/classify/S1C4/bin.46,completed
S1C4,bin.61,S1C4/bin.61,/home/ubuntu/projects/biodata/DNA-BERT/data/gtdbtk/align/S1C4/bin.61,/home/ubuntu/projects/biodata/DNA-BERT/data/gtdbtk/classify/S1C4/bin.61,completed
S1C5,bin.10,S1C5/bin.10,/home/ubuntu/projects/biodata/DNA-BERT/data/gtdbtk/align/S1C5/bin.10,/home/ubuntu/projects/biodata/DNA-BERT/data/gtdbtk/classify/S1C5/bin.10,completed
S1C5,bin.22,S1C5/bin.22,/home/ubuntu/projects/biodata/DNA-BERT/data/gtdbtk/align/S1C5/bin.22,/home/ubuntu/projects/biodata/DNA-BERT/data/gtdbtk/classify/S1C5/bin.22,completed
S1C5,bin.5,S1C5/bin.5,/home/ubuntu/projects/biodata/DNA-BERT/data/gtdbtk/align/S1C5/bin.5,/home/ubuntu/projects/biodata/DNA-BERT/data/gtdbtk/classify/S1C5/bin.5,completed
S1C5,bin.7,S1C5/bin.7,/home/ubuntu/projects/biodata/DNA-BERT/data/gtdbtk/align/S1C5/bin.7,/home/ubuntu/projects/biodata/DNA-BERT/data/gtdbtk/classify/S1C5/bin.7,completed
S1C6,bin.10,S1C6/bin.10,/home/ubuntu/projects/biodata/DNA-BERT/data/gtdbtk/align/S1C6/bin.10,/home/ubuntu/projects/biodata/DNA-BERT/data/gtdbtk/classify/S1C6/bin.10,completed
S1C6,bin.13,S1C6/bin.13,/home/ubuntu/projects/biodata/DNA-BERT/data/gtdbtk/align/S1C6/bin.13,/home/ubuntu/projects/biodata/DNA-BERT/data/gtdbtk/classify/S1C6/bin.13,completed
S1C7,bin.17,S1C7/bin.17,/home/ubuntu/projects/biodata/DNA-BERT/data/gtdbtk/align/S1C7/bin.17,/home/ubuntu/projects/biodata/DNA-BERT/data/gtdbtk/classify/S1C7/bin.17,completed
S1C7,bin.26,S1C7/bin.26,/home/ubuntu/projects/biodata/DNA-BERT/data/gtdbtk/align/S1C7/bin.26,/home/ubuntu/projects/biodata/DNA-BERT/data/gtdbtk/classify/S1C7/bin.26,completed
S1C7,bin.31,S1C7/bin.31,/home/ubuntu/projects/biodata/DNA-BERT/data/gtdbtk/align/S1C7/bin.31,/home/ubuntu/projects/biodata/DNA-BERT/data/gtdbtk/classify/S1C7/bin.31,completed
S1C7,bin.4,S1C7/bin.4,/home/ubuntu/projects/biodata/DNA-BERT/data/gtdbtk/align/S1C7/bin.4,/home/ubuntu/projects/biodata/DNA-BERT/data/gtdbtk/classify/S1C7/bin.4,completed
S1C7,bin.41,S1C7/bin.41,/home/ubuntu/projects/biodata/DNA-BERT/data/gtdbtk/align/S1C7/bin.41,/home/ubuntu/projects/biodata/DNA-BERT/data/gtdbtk/classify/S1C7/bin.41,completed
S1C7,bin.43,S1C7/bin.43,/home/ubuntu/projects/biodata/DNA-BERT/data/gtdbtk/align/S1C7/bin.43,/home/ubuntu/projects/biodata/DNA-BERT/data/gtdbtk/classify/S1C7/bin.43,completed
S1C7,bin.61,S1C7/bin.61,/home/ubuntu/projects/biodata/DNA-BERT/data/gtdbtk/align/S1C7/bin.61,/home/ubuntu/projects/biodata/DNA-BERT/data/gtdbtk/classify/S1C7/bin.61,completed
S1C7,bin.8,S1C7/bin.8,/home/ubuntu/projects/biodata/DNA-BERT/data/gtdbtk/align/S1C7/bin.8,/home/ubuntu/projects/biodata/DNA-BERT/data/gtdbtk/classify/S1C7/bin.8,completed
S1C9,bin.1,S1C9/bin.1,/home/ubuntu/projects/biodata/DNA-BERT/data/gtdbtk/align/S1C9/bin.1,/home/ubuntu/projects/biodata/DNA-BERT/data/gtdbtk/classify/S1C9/bin.1,completed
S1C9,bin.14,S1C9/bin.14,/home/ubuntu/projects/biodata/DNA-BERT/data/gtdbtk/align/S1C9/bin.14,/home/ubuntu/projects/biodata/DNA-BERT/data/gtdbtk/classify/S1C9/bin.14,completed
S1C9,bin.15,S1C9/bin.15,/home/ubuntu/projects/biodata/DNA-BERT/data/gtdbtk/align/S1C9/bin.15,/home/ubuntu/projects/biodata/DNA-BERT/data/gtdbtk/classify/S1C9/bin.15,completed
S1C9,bin.17,S1C9/bin.17,/home/ubuntu/projects/biodata/DNA-BERT/data/gtdbtk/align/S1C9/bin.17,/home/ubuntu/projects/biodata/DNA-BERT/data/gtdbtk/classify/S1C9/bin.17,completed
S1C9,bin.19,S1C9/bin.19,/home/ubuntu/projects/biodata/DNA-BERT/data/gtdbtk/align/S1C9/bin.19,/home/ubuntu/projects/biodata/DNA-BERT/data/gtdbtk/classify/S1C9/bin.19,completed
S1C9,bin.23,S1C9/bin.23,/home/ubuntu/projects/biodata/DNA-BERT/data/gtdbtk/align/S1C9/bin.23,/home/ubuntu/projects/biodata/DNA-BERT/data/gtdbtk/classify/S1C9/bin.23,completed
S1C9,bin.24,S1C9/bin.24,/home/ubuntu/projects/biodata/DNA-BERT/data/gtdbtk/align/S1C9/bin.24,/home/ubuntu/projects/biodata/DNA-BERT/data/gtdbtk/classify/S1C9/bin.24,completed
S1C9,bin.3,S1C9/bin.3,/home/ubuntu/projects/biodata/DNA-BERT/data/gtdbtk/align/S1C9/bin.3,/home/ubuntu/projects/biodata/DNA-BERT/data/gtdbtk/classify/S1C9/bin.3,completed
S1C9,bin.38,S1C9/bin.38,/home/ubuntu/projects/biodata/DNA-BERT/data/gtdbtk/align/S1C9/bin.38,/home/ubuntu/projects/biodata/DNA-BERT/data/gtdbtk/classify/S1C9/bin.38,completed
S1D1,bin.11,S1D1/bin.11,/home/ubuntu/projects/biodata/DNA-BERT/data/gtdbtk/align/S1D1/bin.11,/home/ubuntu/projects/biodata/DNA-BERT/data/gtdbtk/classify/S1D1/bin.11,completed
S1D1,bin.25,S1D1/bin.25,/home/ubuntu/projects/biodata/DNA-BERT/data/gtdbtk/align/S1D1/bin.25,/home/ubuntu/projects/biodata/DNA-BERT/data/gtdbtk/classify/S1D1/bin.25,completed
S1D1,bin.26,S1D1/bin.26,/home/ubuntu/projects/biodata/DNA-BERT/data/gtdbtk/align/S1D1/bin.26,/home/ubuntu/projects/biodata/DNA-BERT/data/gtdbtk/classify/S1D1/bin.26,completed
S1D1,bin.9,S1D1/bin.9,/home/ubuntu/projects/biodata/DNA-BERT/data/gtdbtk/align/S1D1/bin.9,/home/ubuntu/projects/biodata/DNA-BERT/data/gtdbtk/classify/S1D1/bin.9,completed
S1D10,bin.1,S1D10/bin.1,/home/ubuntu/projects/biodata/DNA-BERT/data/gtdbtk/align/S1D10/bin.1,/home/ubuntu/projects/biodata/DNA-BERT/data/gtdbtk/classify/S1D10/bin.1,completed
S1D10,bin.13,S1D10/bin.13,/home/ubuntu/projects/biodata/DNA-BERT/data/gtdbtk/align/S1D10/bin.13,/home/ubuntu/projects/biodata/DNA-BERT/data/gtdbtk/classify/S1D10/bin.13,completed
S1D10,bin.15,S1D10/bin.15,/home/ubuntu/projects/biodata/DNA-BERT/data/gtdbtk/align/S1D10/bin.15,/home/ubuntu/projects/biodata/DNA-BERT/data/gtdbtk/classify/S1D10/bin.15,completed
S1D10,bin.21,S1D10/bin.21,/home/ubuntu/projects/biodata/DNA-BERT/data/gtdbtk/align/S1D10/bin.21,/home/ubuntu/projects/biodata/DNA-BERT/data/gtdbtk/classify/S1D10/bin.21,completed
S1D10,bin.22,S1D10/bin.22,/home/ubuntu/projects/biodata/DNA-BERT/data/gtdbtk/align/S1D10/bin.22,/home/ubuntu/projects/biodata/DNA-BERT/data/gtdbtk/classify/S1D10/bin.22,completed
S1D10,bin.3,S1D10/bin.3,/home/ubuntu/projects/biodata/DNA-BERT/data/gtdbtk/align/S1D10/bin.3,/home/ubuntu/projects/biodata/DNA-BERT/data/gtdbtk/classify/S1D10/bin.3,completed
S1D10,bin.31,S1D10/bin.31,/home/ubuntu/projects/biodata/DNA-BERT/data/gtdbtk/align/S1D10/bin.31,/home/ubuntu/projects/biodata/DNA-BERT/data/gtdbtk/classify/S1D10/bin.31,completed
S1D10,bin.39,S1D10/bin.39,/home/ubuntu/projects/biodata/DNA-BERT/data/gtdbtk/align/S1D10/bin.39,/home/ubuntu/projects/biodata/DNA-BERT/data/gtdbtk/classify/S1D10/bin.39,completed
S1D10,bin.42,S1D10/bin.42,/home/ubuntu/projects/biodata/DNA-BERT/data/gtdbtk/align/S1D10/bin.42,/home/ubuntu/projects/biodata/DNA-BERT/data/gtdbtk/classify/S1D10/bin.42,completed
S1D10,bin.46,S1D10/bin.46,/home/ubuntu/projects/biodata/DNA-BERT/data/gtdbtk/align/S1D10/bin.46,/home/ubuntu/projects/biodata/DNA-BERT/data/gtdbtk/classify/S1D10/bin.46,completed
S1D10,bin.66,S1D10/bin.66,/home/ubuntu/projects/biodata/DNA-BERT/data/gtdbtk/align/S1D10/bin.66,/home/ubuntu/projects/biodata/DNA-BERT/data/gtdbtk/classify/S1D10/bin.66,completed
S1D11,bin.16,S1D11/bin.16,/home/ubuntu/projects/biodata/DNA-BERT/data/gtdbtk/align/S1D11/bin.16,/home/ubuntu/projects/biodata/DNA-BERT/data/gtdbtk/classify/S1D11/bin.16,completed
S1D11,bin.18,S1D11/bin.18,/home/ubuntu/projects/biodata/DNA-BERT/data/gtdbtk/align/S1D11/bin.18,/home/ubuntu/projects/biodata/DNA-BERT/data/gtdbtk/classify/S1D11/bin.18,completed
S1D11,bin.4,S1D11/bin.4,/home/ubuntu/projects/biodata/DNA-BERT/data/gtdbtk/align/S1D11/bin.4,/home/ubuntu/projects/biodata/DNA-BERT/data/gtdbtk/classify/S1D11/bin.4,completed
S1D11,bin.42,S1D11/bin.42,/home/ubuntu/projects/biodata/DNA-BERT/data/gtdbtk/align/S1D11/bin.42,/home/ubuntu/projects/biodata/DNA-BERT/data/gtdbtk/classify/S1D11/bin.42,completed
S1D11,bin.7,S1D11/bin.7,/home/ubuntu/projects/biodata/DNA-BERT/data/gtdbtk/align/S1D11/bin.7,/home/ubuntu/projects/biodata/DNA-BERT/data/gtdbtk/classify/S1D11/bin.7,completed
S1D12,bin.11,S1D12/bin.11,/home/ubuntu/projects/biodata/DNA-BERT/data/gtdbtk/align/S1D12/bin.11,/home/ubuntu/projects/biodata/DNA-BERT/data/gtdbtk/classify/S1D12/bin.11,completed
S1D12,bin.12,S1D12/bin.12,/home/ubuntu/projects/biodata/DNA-BERT/data/gtdbtk/align/S1D12/bin.12,/home/ubuntu/projects/biodata/DNA-BERT/data/gtdbtk/classify/S1D12/bin.12,completed
S1D12,bin.15,S1D12/bin.15,/home/ubuntu/projects/biodata/DNA-BERT/data/gtdbtk/align/S1D12/bin.15,/home/ubuntu/projects/biodata/DNA-BERT/data/gtdbtk/classify/S1D12/bin.15,completed
S1D12,bin.16,S1D12/bin.16,/home/ubuntu/projects/biodata/DNA-BERT/data/gtdbtk/align/S1D12/bin.16,/home/ubuntu/projects/biodata/DNA-BERT/data/gtdbtk/classify/S1D12/bin.16,completed
S1D12,bin.25,S1D12/bin.25,/home/ubuntu/projects/biodata/DNA-BERT/data/gtdbtk/align/S1D12/bin.25,/home/ubuntu/projects/biodata/DNA-BERT/data/gtdbtk/classify/S1D12/bin.25,completed
S1D12,bin.29,S1D12/bin.29,/home/ubuntu/projects/biodata/DNA-BERT/data/gtdbtk/align/S1D12/bin.29,/home/ubuntu/projects/biodata/DNA-BERT/data/gtdbtk/classify/S1D12/bin.29,completed
S1D12,bin.3,S1D12/bin.3,/home/ubuntu/projects/biodata/DNA-BERT/data/gtdbtk/align/S1D12/bin.3,/home/ubuntu/projects/biodata/DNA-BERT/data/gtdbtk/classify/S1D12/bin.3,completed
S1D12,bin.37,S1D12/bin.37,/home/ubuntu/projects/biodata/DNA-BERT/data/gtdbtk/align/S1D12/bin.37,/home/ubuntu/projects/biodata/DNA-BERT/data/gtdbtk/classify/S1D12/bin.37,completed
S1D12,bin.44,S1D12/bin.44,/home/ubuntu/projects/biodata/DNA-BERT/data/gtdbtk/align/S1D12/bin.44,/home/ubuntu/projects/biodata/DNA-BERT/data/gtdbtk/classify/S1D12/bin.44,completed
S1D2,bin.13,S1D2/bin.13,/home/ubuntu/projects/biodata/DNA-BERT/data/gtdbtk/align/S1D2/bin.13,/home/ubuntu/projects/biodata/DNA-BERT/data/gtdbtk/classify/S1D2/bin.13,completed
S1D2,bin.2,S1D2/bin.2,/home/ubuntu/projects/biodata/DNA-BERT/data/gtdbtk/align/S1D2/bin.2,/home/ubuntu/projects/biodata/DNA-BERT/data/gtdbtk/classify/S1D2/bin.2,completed
S1D2,bin.27,S1D2/bin.27,/home/ubuntu/projects/biodata/DNA-BERT/data/gtdbtk/align/S1D2/bin.27,/home/ubuntu/projects/biodata/DNA-BERT/data/gtdbtk/classify/S1D2/bin.27,completed
S1D2,bin.29,S1D2/bin.29,/home/ubuntu/projects/biodata/DNA-BERT/data/gtdbtk/align/S1D2/bin.29,/home/ubuntu/projects/biodata/DNA-BERT/data/gtdbtk/classify/S1D2/bin.29,completed
S1D2,bin.42,S1D2/bin.42,/home/ubuntu/projects/biodata/DNA-BERT/data/gtdbtk/align/S1D2/bin.42,/home/ubuntu/projects/biodata/DNA-BERT/data/gtdbtk/classify/S1D2/bin.42,completed
S1D2,bin.6,S1D2/bin.6,/home/ubuntu/projects/biodata/DNA-BERT/data/gtdbtk/align/S1D2/bin.6,/home/ubuntu/projects/biodata/DNA-BERT/data/gtdbtk/classify/S1D2/bin.6,completed
S1D2,bin.9,S1D2/bin.9,/home/ubuntu/projects/biodata/DNA-BERT/data/gtdbtk/align/S1D2/bin.9,/home/ubuntu/projects/biodata/DNA-BERT/data/gtdbtk/classify/S1D2/bin.9,completed
S1D3,bin.1,S1D3/bin.1,/home/ubuntu/projects/biodata/DNA-BERT/data/gtdbtk/align/S1D3/bin.1,/home/ubuntu/projects/biodata/DNA-BERT/data/gtdbtk/classify/S1D3/bin.1,completed
S1D3,bin.12,S1D3/bin.12,/home/ubuntu/projects/biodata/DNA-BERT/data/gtdbtk/align/S1D3/bin.12,/home/ubuntu/projects/biodata/DNA-BERT/data/gtdbtk/classify/S1D3/bin.12,completed
S1D3,bin.13,S1D3/bin.13,/home/ubuntu/projects/biodata/DNA-BERT/data/gtdbtk/align/S1D3/bin.13,/home/ubuntu/projects/biodata/DNA-BERT/data/gtdbtk/classify/S1D3/bin.13,completed
S1D3,bin.20,S1D3/bin.20,/home/ubuntu/projects/biodata/DNA-BERT/data/gtdbtk/align/S1D3/bin.20,/home/ubuntu/projects/biodata/DNA-BERT/data/gtdbtk/classify/S1D3/bin.20,completed
S1D3,bin.25,S1D3/bin.25,/home/ubuntu/projects/biodata/DNA-BERT/data/gtdbtk/align/S1D3/bin.25,/home/ubuntu/projects/biodata/DNA-BERT/data/gtdbtk/classify/S1D3/bin.25,completed
S1D3,bin.26,S1D3/bin.26,/home/ubuntu/projects/biodata/DNA-BERT/data/gtdbtk/align/S1D3/bin.26,/home/ubuntu/projects/biodata/DNA-BERT/data/gtdbtk/classify/S1D3/bin.26,completed
S1D3,bin.27,S1D3/bin.27,/home/ubuntu/projects/biodata/DNA-BERT/data/gtdbtk/align/S1D3/bin.27,/home/ubuntu/projects/biodata/DNA-BERT/data/gtdbtk/classify/S1D3/bin.27,completed
S1D3,bin.38,S1D3/bin.38,/home/ubuntu/projects/biodata/DNA-BERT/data/gtdbtk/align/S1D3/bin.38,/home/ubuntu/projects/biodata/DNA-BERT/data/gtdbtk/classify/S1D3/bin.38,completed
S1D3,bin.39,S1D3/bin.39,/home/ubuntu/projects/biodata/DNA-BERT/data/gtdbtk/align/S1D3/bin.39,/home/ubuntu/projects/biodata/DNA-BERT/data/gtdbtk/classify/S1D3/bin.39,completed
S1D3,bin.56,S1D3/bin.56,/home/ubuntu/projects/biodata/DNA-BERT/data/gtdbtk/align/S1D3/bin.56,/home/ubuntu/projects/biodata/DNA-BERT/data/gtdbtk/classify/S1D3/bin.56,completed
S1D3,bin.7,S1D3/bin.7,/home/ubuntu/projects/biodata/DNA-BERT/data/gtdbtk/align/S1D3/bin.7,/home/ubuntu/projects/biodata/DNA-BERT/data/gtdbtk/classify/S1D3/bin.7,completed
S1D4,bin.10,S1D4/bin.10,/home/ubuntu/projects/biodata/DNA-BERT/data/gtdbtk/align/S1D4/bin.10,/home/ubuntu/projects/biodata/DNA-BERT/data/gtdbtk/classify/S1D4/bin.10,completed
S1D4,bin.11,S1D4/bin.11,/home/ubuntu/projects/biodata/DNA-BERT/data/gtdbtk/align/S1D4/bin.11,/home/ubuntu/projects/biodata/DNA-BERT/data/gtdbtk/classify/S1D4/bin.11,completed
S1D4,bin.16,S1D4/bin.16,/home/ubuntu/projects/biodata/DNA-BERT/data/gtdbtk/align/S1D4/bin.16,/home/ubuntu/projects/biodata/DNA-BERT/data/gtdbtk/classify/S1D4/bin.16,completed
S1D4,bin.24,S1D4/bin.24,/home/ubuntu/projects/biodata/DNA-BERT/data/gtdbtk/align/S1D4/bin.24,/home/ubuntu/projects/biodata/DNA-BERT/data/gtdbtk/classify/S1D4/bin.24,completed
S1D4,bin.26,S1D4/bin.26,/home/ubuntu/projects/biodata/DNA-BERT/data/gtdbtk/align/S1D4/bin.26,/home/ubuntu/projects/biodata/DNA-BERT/data/gtdbtk/classify/S1D4/bin.26,completed
S1D4,bin.28,S1D4/bin.28,/home/ubuntu/projects/biodata/DNA-BERT/data/gtdbtk/align/S1D4/bin.28,/home/ubuntu/projects/biodata/DNA-BERT/data/gtdbtk/classify/S1D4/bin.28,completed
S1D4,bin.38,S1D4/bin.38,/home/ubuntu/projects/biodata/DNA-BERT/data/gtdbtk/align/S1D4/bin.38,/home/ubuntu/projects/biodata/DNA-BERT/data/gtdbtk/classify/S1D4/bin.38,completed
S1D4,bin.39,S1D4/bin.39,/home/ubuntu/projects/biodata/DNA-BERT/data/gtdbtk/align/S1D4/bin.39,/home/ubuntu/projects/biodata/DNA-BERT/data/gtdbtk/classify/S1D4/bin.39,completed
S1D4,bin.45,S1D4/bin.45,/home/ubuntu/projects/biodata/DNA-BERT/data/gtdbtk/align/S1D4/bin.45,/home/ubuntu/projects/biodata/DNA-BERT/data/gtdbtk/classify/S1D4/bin.45,completed
S1D4,bin.52,S1D4/bin.52,/home/ubuntu/projects/biodata/DNA-BERT/data/gtdbtk/align/S1D4/bin.52,/home/ubuntu/projects/biodata/DNA-BERT/data/gtdbtk/classify/S1D4/bin.52,completed
S1D4,bin.54,S1D4/bin.54,/home/ubuntu/projects/biodata/DNA-BERT/data/gtdbtk/align/S1D4/bin.54,/home/ubuntu/projects/biodata/DNA-BERT/data/gtdbtk/classify/S1D4/bin.54,completed
S1D4,bin.55,S1D4/bin.55,/home/ubuntu/projects/biodata/DNA-BERT/data/gtdbtk/align/S1D4/bin.55,/home/ubuntu/projects/biodata/DNA-BERT/data/gtdbtk/classify/S1D4/bin.55,completed
S1D4,bin.61,S1D4/bin.61,/home/ubuntu/projects/biodata/DNA-BERT/data/gtdbtk/align/S1D4/bin.61,/home/ubuntu/projects/biodata/DNA-BERT/data/gtdbtk/classify/S1D4/bin.61,completed
S1D4,bin.9,S1D4/bin.9,/home/ubuntu/projects/biodata/DNA-BERT/data/gtdbtk/align/S1D4/bin.9,/home/ubuntu/projects/biodata/DNA-BERT/data/gtdbtk/classify/S1D4/bin.9,completed
S1D5,bin.10,S1D5/bin.10,/home/ubuntu/projects/biodata/DNA-BERT/data/gtdbtk/align/S1D5/bin.10,/home/ubuntu/projects/biodata/DNA-BERT/data/gtdbtk/classify/S1D5/bin.10,completed
S1D5,bin.16,S1D5/bin.16,/home/ubuntu/projects/biodata/DNA-BERT/data/gtdbtk/align/S1D5/bin.16,/home/ubuntu/projects/biodata/DNA-BERT/data/gtdbtk/classify/S1D5/bin.16,completed
S1D5,bin.21,S1D5/bin.21,/home/ubuntu/projects/biodata/DNA-BERT/data/gtdbtk/align/S1D5/bin.21,/home/ubuntu/projects/biodata/DNA-BERT/data/gtdbtk/classify/S1D5/bin.21,completed
S1D5,bin.22,S1D5/bin.22,/home/ubuntu/projects/biodata/DNA-BERT/data/gtdbtk/align/S1D5/bin.22,/home/ubuntu/projects/biodata/DNA-BERT/data/gtdbtk/classify/S1D5/bin.22,completed
S1D5,bin.26,S1D5/bin.26,/home/ubuntu/projects/biodata/DNA-BERT/data/gtdbtk/align/S1D5/bin.26,/home/ubuntu/projects/biodata/DNA-BERT/data/gtdbtk/classify/S1D5/bin.26,completed
S1D5,bin.31,S1D5/bin.31,/home/ubuntu/projects/biodata/DNA-BERT/data/gtdbtk/align/S1D5/bin.31,/home/ubuntu/projects/biodata/DNA-BERT/data/gtdbtk/classify/S1D5/bin.31,completed
S1D6,bin.13,S1D6/bin.13,/home/ubuntu/projects/biodata/DNA-BERT/data/gtdbtk/align/S1D6/bin.13,/home/ubuntu/projects/biodata/DNA-BERT/data/gtdbtk/classify/S1D6/bin.13,completed
S1D6,bin.16,S1D6/bin.16,/home/ubuntu/projects/biodata/DNA-BERT/data/gtdbtk/align/S1D6/bin.16,/home/ubuntu/projects/biodata/DNA-BERT/data/gtdbtk/classify/S1D6/bin.16,completed
S1D6,bin.22,S1D6/bin.22,/home/ubuntu/projects/biodata/DNA-BERT/data/gtdbtk/align/S1D6/bin.22,/home/ubuntu/projects/biodata/DNA-BERT/data/gtdbtk/classify/S1D6/bin.22,completed
S1D6,bin.24,S1D6/bin.24,/home/ubuntu/projects/biodata/DNA-BERT/data/gtdbtk/align/S1D6/bin.24,/home/ubuntu/projects/biodata/DNA-BERT/data/gtdbtk/classify/S1D6/bin.24,completed
S1D6,bin.25,S1D6/bin.25,/home/ubuntu/projects/biodata/DNA-BERT/data/gtdbtk/align/S1D6/bin.25,/home/ubuntu/projects/biodata/DNA-BERT/data/gtdbtk/classify/S1D6/bin.25,completed
S1D6,bin.26,S1D6/bin.26,/home/ubuntu/projects/biodata/DNA-BERT/data/gtdbtk/align/S1D6/bin.26,/home/ubuntu/projects/biodata/DNA-BERT/data/gtdbtk/classify/S1D6/bin.26,completed
S1D6,bin.43,S1D6/bin.43,/home/ubuntu/projects/biodata/DNA-BERT/data/gtdbtk/align/S1D6/bin.43,/home/ubuntu/projects/biodata/DNA-BERT/data/gtdbtk/classify/S1D6/bin.43,completed
S1D6,bin.45,S1D6/bin.45,/home/ubuntu/projects/biodata/DNA-BERT/data/gtdbtk/align/S1D6/bin.45,/home/ubuntu/projects/biodata/DNA-BERT/data/gtdbtk/classify/S1D6/bin.45,completed
S1D6,bin.47,S1D6/bin.47,/home/ubuntu/projects/biodata/DNA-BERT/data/gtdbtk/align/S1D6/bin.47,/home/ubuntu/projects/biodata/DNA-BERT/data/gtdbtk/classify/S1D6/bin.47,completed
S1D6,bin.48,S1D6/bin.48,/home/ubuntu/projects/biodata/DNA-BERT/data/gtdbtk/align/S1D6/bin.48,/home/ubuntu/projects/biodata/DNA-BERT/data/gtdbtk/classify/S1D6/bin.48,completed
S1D6,bin.49,S1D6/bin.49,/home/ubuntu/projects/biodata/DNA-BERT/data/gtdbtk/align/S1D6/bin.49,/home/ubuntu/projects/biodata/DNA-BERT/data/gtdbtk/classify/S1D6/bin.49,completed
S1D6,bin.5,S1D6/bin.5,/home/ubuntu/projects/biodata/DNA-BERT/data/gtdbtk/align/S1D6/bin.5,/home/ubuntu/projects/biodata/DNA-BERT/data/gtdbtk/classify/S1D6/bin.5,completed
S1D6,bin.54,S1D6/bin.54,/home/ubuntu/projects/biodata/DNA-BERT/data/gtdbtk/align/S1D6/bin.54,/home/ubuntu/projects/biodata/DNA-BERT/data/gtdbtk/classify/S1D6/bin.54,completed
S1D6,bin.55,S1D6/bin.55,/home/ubuntu/projects/biodata/DNA-BERT/data/gtdbtk/align/S1D6/bin.55,/home/ubuntu/projects/biodata/DNA-BERT/data/gtdbtk/classify/S1D6/bin.55,completed
S1D6,bin.57,S1D6/bin.57,/home/ubuntu/projects/biodata/DNA-BERT/data/gtdbtk/align/S1D6/bin.57,/home/ubuntu/projects/biodata/DNA-BERT/data/gtdbtk/classify/S1D6/bin.57,completed
S1D6,bin.6,S1D6/bin.6,/home/ubuntu/projects/biodata/DNA-BERT/data/gtdbtk/align/S1D6/bin.6,/home/ubuntu/projects/biodata/DNA-BERT/data/gtdbtk/classify/S1D6/bin.6,completed
S1D7,bin.12,S1D7/bin.12,/home/ubuntu/projects/biodata/DNA-BERT/data/gtdbtk/align/S1D7/bin.12,/home/ubuntu/projects/biodata/DNA-BERT/data/gtdbtk/classify/S1D7/bin.12,completed
S1D7,bin.17,S1D7/bin.17,/home/ubuntu/projects/biodata/DNA-BERT/data/gtdbtk/align/S1D7/bin.17,/home/ubuntu/projects/biodata/DNA-BERT/data/gtdbtk/classify/S1D7/bin.17,completed
S1D7,bin.18,S1D7/bin.18,/home/ubuntu/projects/biodata/DNA-BERT/data/gtdbtk/align/S1D7/bin.18,/home/ubuntu/projects/biodata/DNA-BERT/data/gtdbtk/classify/S1D7/bin.18,completed
S1D7,bin.28,S1D7/bin.28,/home/ubuntu/projects/biodata/DNA-BERT/data/gtdbtk/align/S1D7/bin.28,/home/ubuntu/projects/biodata/DNA-BERT/data/gtdbtk/classify/S1D7/bin.28,completed
S1D7,bin.34,S1D7/bin.34,/home/ubuntu/projects/biodata/DNA-BERT/data/gtdbtk/align/S1D7/bin.34,/home/ubuntu/projects/biodata/DNA-BERT/data/gtdbtk/classify/S1D7/bin.34,completed
S1D8,bin.10,S1D8/bin.10,/home/ubuntu/projects/biodata/DNA-BERT/data/gtdbtk/align/S1D8/bin.10,/home/ubuntu/projects/biodata/DNA-BERT/data/gtdbtk/classify/S1D8/bin.10,completed
S1D8,bin.13,S1D8/bin.13,/home/ubuntu/projects/biodata/DNA-BERT/data/gtdbtk/align/S1D8/bin.13,/home/ubuntu/projects/biodata/DNA-BERT/data/gtdbtk/classify/S1D8/bin.13,completed
S1D8,bin.16,S1D8/bin.16,/home/ubuntu/projects/biodata/DNA-BERT/data/gtdbtk/align/S1D8/bin.16,/home/ubuntu/projects/biodata/DNA-BERT/data/gtdbtk/classify/S1D8/bin.16,completed
S1D8,bin.17,S1D8/bin.17,/home/ubuntu/projects/biodata/DNA-BERT/data/gtdbtk/align/S1D8/bin.17,/home/ubuntu/projects/biodata/DNA-BERT/data/gtdbtk/classify/S1D8/bin.17,completed
S1D8,bin.26,S1D8/bin.26,/home/ubuntu/projects/biodata/DNA-BERT/data/gtdbtk/align/S1D8/bin.26,/home/ubuntu/projects/biodata/DNA-BERT/data/gtdbtk/classify/S1D8/bin.26,completed
S1D9,bin.18,S1D9/bin.18,/home/ubuntu/projects/biodata/DNA-BERT/data/gtdbtk/align/S1D9/bin.18,/home/ubuntu/projects/biodata/DNA-BERT/data/gtdbtk/classify/S1D9/bin.18,completed
S1D9,bin.23,S1D9/bin.23,/home/ubuntu/projects/biodata/DNA-BERT/data/gtdbtk/align/S1D9/bin.23,/home/ubuntu/projects/biodata/DNA-BERT/data/gtdbtk/classify/S1D9/bin.23,completed
S1D9,bin.25,S1D9/bin.25,/home/ubuntu/projects/biodata/DNA-BERT/data/gtdbtk/align/S1D9/bin.25,/home/ubuntu/projects/biodata/DNA-BERT/data/gtdbtk/classify/S1D9/bin.25,completed
S1D9,bin.26,S1D9/bin.26,/home/ubuntu/projects/biodata/DNA-BERT/data/gtdbtk/align/S1D9/bin.26,/home/ubuntu/projects/biodata/DNA-BERT/data/gtdbtk/classify/S1D9/bin.26,completed
S1D9,bin.30,S1D9/bin.30,/home/ubuntu/projects/biodata/DNA-BERT/data/gtdbtk/align/S1D9/bin.30,/home/ubuntu/projects/biodata/DNA-BERT/data/gtdbtk/classify/S1D9/bin.30,completed
S1D9,bin.47,S1D9/bin.47,/home/ubuntu/projects/biodata/DNA-BERT/data/gtdbtk/align/S1D9/bin.47,/home/ubuntu/projects/biodata/DNA-BERT/data/gtdbtk/classify/S1D9/bin.47,completed
S1D9,bin.49,S1D9/bin.49,/home/ubuntu/projects/biodata/DNA-BERT/data/gtdbtk/align/S1D9/bin.49,/home/ubuntu/projects/biodata/DNA-BERT/data/gtdbtk/classify/S1D9/bin.49,completed
S1D9,bin.51,S1D9/bin.51,/home/ubuntu/projects/biodata/DNA-BERT/data/gtdbtk/align/S1D9/bin.51,/home/ubuntu/projects/biodata/DNA-BERT/data/gtdbtk/classify/S1D9/bin.51,completed
S1D9,bin.55,S1D9/bin.55,/home/ubuntu/projects/biodata/DNA-BERT/data/gtdbtk/align/S1D9/bin.55,/home/ubuntu/projects/biodata/DNA-BERT/data/gtdbtk/classify/S1D9/bin.55,completed
S1E1,bin.14,S1E1/bin.14,/home/ubuntu/projects/biodata/DNA-BERT/data/gtdbtk/align/S1E1/bin.14,/home/ubuntu/projects/biodata/DNA-BERT/data/gtdbtk/classify/S1E1/bin.14,completed
S1E1,bin.6,S1E1/bin.6,/home/ubuntu/projects/biodata/DNA-BERT/data/gtdbtk/align/S1E1/bin.6,/home/ubuntu/projects/biodata/DNA-BERT/data/gtdbtk/classify/S1E1/bin.6,completed
S1E10,bin.2,S1E10/bin.2,/home/ubuntu/projects/biodata/DNA-BERT/data/gtdbtk/align/S1E10/bin.2,/home/ubuntu/projects/biodata/DNA-BERT/data/gtdbtk/classify/S1E10/bin.2,completed
S1E10,bin.9,S1E10/bin.9,/home/ubuntu/projects/biodata/DNA-BERT/data/gtdbtk/align/S1E10/bin.9,/home/ubuntu/projects/biodata/DNA-BERT/data/gtdbtk/classify/S1E10/bin.9,completed
S1E11,bin.10,S1E11/bin.10,/home/ubuntu/projects/biodata/DNA-BERT/data/gtdbtk/align/S1E11/bin.10,/home/ubuntu/projects/biodata/DNA-BERT/data/gtdbtk/classify/S1E11/bin.10,completed
S1E11,bin.14,S1E11/bin.14,/home/ubuntu/projects/biodata/DNA-BERT/data/gtdbtk/align/S1E11/bin.14,/home/ubuntu/projects/biodata/DNA-BERT/data/gtdbtk/classify/S1E11/bin.14,completed
S1E11,bin.15,S1E11/bin.15,/home/ubuntu/projects/biodata/DNA-BERT/data/gtdbtk/align/S1E11/bin.15,/home/ubuntu/projects/biodata/DNA-BERT/data/gtdbtk/classify/S1E11/bin.15,completed
S1E11,bin.18,S1E11/bin.18,/home/ubuntu/projects/biodata/DNA-BERT/data/gtdbtk/align/S1E11/bin.18,/home/ubuntu/projects/biodata/DNA-BERT/data/gtdbtk/classify/S1E11/bin.18,completed
S1E11,bin.6,S1E11/bin.6,/home/ubuntu/projects/biodata/DNA-BERT/data/gtdbtk/align/S1E11/bin.6,/home/ubuntu/projects/biodata/DNA-BERT/data/gtdbtk/classify/S1E11/bin.6,completed
S1E11,bin.9,S1E11/bin.9,/home/ubuntu/projects/biodata/DNA-BERT/data/gtdbtk/align/S1E11/bin.9,/home/ubuntu/projects/biodata/DNA-BERT/data/gtdbtk/classify/S1E11/bin.9,completed
S1E12,bin.10,S1E12/bin.10,/home/ubuntu/projects/biodata/DNA-BERT/data/gtdbtk/align/S1E12/bin.10,/home/ubuntu/projects/biodata/DNA-BERT/data/gtdbtk/classify/S1E12/bin.10,completed
S1E12,bin.13,S1E12/bin.13,/home/ubuntu/projects/biodata/DNA-BERT/data/gtdbtk/align/S1E12/bin.13,/home/ubuntu/projects/biodata/DNA-BERT/data/gtdbtk/classify/S1E12/bin.13,completed
S1E12,bin.3,S1E12/bin.3,/home/ubuntu/projects/biodata/DNA-BERT/data/gtdbtk/align/S1E12/bin.3,/home/ubuntu/projects/biodata/DNA-BERT/data/gtdbtk/classify/S1E12/bin.3,completed
S1E12,bin.9,S1E12/bin.9,/home/ubuntu/projects/biodata/DNA-BERT/data/gtdbtk/align/S1E12/bin.9,/home/ubuntu/projects/biodata/DNA-BERT/data/gtdbtk/classify/S1E12/bin.9,completed
S1E2,bin.11,S1E2/bin.11,/home/ubuntu/projects/biodata/DNA-BERT/data/gtdbtk/align/S1E2/bin.11,/home/ubuntu/projects/biodata/DNA-BERT/data/gtdbtk/classify/S1E2/bin.11,completed
S1E2,bin.2,S1E2/bin.2,/home/ubuntu/projects/biodata/DNA-BERT/data/gtdbtk/align/S1E2/bin.2,/home/ubuntu/projects/biodata/DNA-BERT/data/gtdbtk/classify/S1E2/bin.2,completed
S1E3,bin.20,S1E3/bin.20,/home/ubuntu/projects/biodata/DNA-BERT/data/gtdbtk/align/S1E3/bin.20,/home/ubuntu/projects/biodata/DNA-BERT/data/gtdbtk/classify/S1E3/bin.20,completed
S1E3,bin.22,S1E3/bin.22,/home/ubuntu/projects/biodata/DNA-BERT/data/gtdbtk/align/S1E3/bin.22,/home/ubuntu/projects/biodata/DNA-BERT/data/gtdbtk/classify/S1E3/bin.22,completed
S1E4,bin.13,S1E4/bin.13,/home/ubuntu/projects/biodata/DNA-BERT/data/gtdbtk/align/S1E4/bin.13,/home/ubuntu/projects/biodata/DNA-BERT/data/gtdbtk/classify/S1E4/bin.13,completed
S1E4,bin.17,S1E4/bin.17,/home/ubuntu/projects/biodata/DNA-BERT/data/gtdbtk/align/S1E4/bin.17,/home/ubuntu/projects/biodata/DNA-BERT/data/gtdbtk/classify/S1E4/bin.17,completed
S1E4,bin.2,S1E4/bin.2,/home/ubuntu/projects/biodata/DNA-BERT/data/gtdbtk/align/S1E4/bin.2,/home/ubuntu/projects/biodata/DNA-BERT/data/gtdbtk/classify/S1E4/bin.2,completed
S1E4,bin.3,S1E4/bin.3,/home/ubuntu/projects/biodata/DNA-BERT/data/gtdbtk/align/S1E4/bin.3,/home/ubuntu/projects/biodata/DNA-BERT/data/gtdbtk/classify/S1E4/bin.3,completed
S1E5,bin.15,S1E5/bin.15,/home/ubuntu/projects/biodata/DNA-BERT/data/gtdbtk/align/S1E5/bin.15,/home/ubuntu/projects/biodata/DNA-BERT/data/gtdbtk/classify/S1E5/bin.15,completed
S1E5,bin.21,S1E5/bin.21,/home/ubuntu/projects/biodata/DNA-BERT/data/gtdbtk/align/S1E5/bin.21,/home/ubuntu/projects/biodata/DNA-BERT/data/gtdbtk/classify/S1E5/bin.21,completed
S1E5,bin.25,S1E5/bin.25,/home/ubuntu/projects/biodata/DNA-BERT/data/gtdbtk/align/S1E5/bin.25,/home/ubuntu/projects/biodata/DNA-BERT/data/gtdbtk/classify/S1E5/bin.25,completed
S1E5,bin.29,S1E5/bin.29,/home/ubuntu/projects/biodata/DNA-BERT/data/gtdbtk/align/S1E5/bin.29,/home/ubuntu/projects/biodata/DNA-BERT/data/gtdbtk/classify/S1E5/bin.29,completed
S1E5,bin.3,S1E5/bin.3,/home/ubuntu/projects/biodata/DNA-BERT/data/gtdbtk/align/S1E5/bin.3,/home/ubuntu/projects/biodata/DNA-BERT/data/gtdbtk/classify/S1E5/bin.3,completed
S1E5,bin.6,S1E5/bin.6,/home/ubuntu/projects/biodata/DNA-BERT/data/gtdbtk/align/S1E5/bin.6,/home/ubuntu/projects/biodata/DNA-BERT/data/gtdbtk/classify/S1E5/bin.6,completed
S1E6,bin.12,S1E6/bin.12,/home/ubuntu/projects/biodata/DNA-BERT/data/gtdbtk/align/S1E6/bin.12,/home/ubuntu/projects/biodata/DNA-BERT/data/gtdbtk/classify/S1E6/bin.12,completed
S1E6,bin.21,S1E6/bin.21,/home/ubuntu/projects/biodata/DNA-BERT/data/gtdbtk/align/S1E6/bin.21,/home/ubuntu/projects/biodata/DNA-BERT/data/gtdbtk/classify/S1E6/bin.21,completed
S1E7,bin.11,S1E7/bin.11,/home/ubuntu/projects/biodata/DNA-BERT/data/gtdbtk/align/S1E7/bin.11,/home/ubuntu/projects/biodata/DNA-BERT/data/gtdbtk/classify/S1E7/bin.11,completed
S1E7,bin.14,S1E7/bin.14,/home/ubuntu/projects/biodata/DNA-BERT/data/gtdbtk/align/S1E7/bin.14,/home/ubuntu/projects/biodata/DNA-BERT/data/gtdbtk/classify/S1E7/bin.14,completed
S1E7,bin.16,S1E7/bin.16,/home/ubuntu/projects/biodata/DNA-BERT/data/gtdbtk/align/S1E7/bin.16,/home/ubuntu/projects/biodata/DNA-BERT/data/gtdbtk/classify/S1E7/bin.16,completed
S1E7,bin.17,S1E7/bin.17,/home/ubuntu/projects/biodata/DNA-BERT/data/gtdbtk/align/S1E7/bin.17,/home/ubuntu/projects/biodata/DNA-BERT/data/gtdbtk/classify/S1E7/bin.17,completed
S1E7,bin.5,S1E7/bin.5,/home/ubuntu/projects/biodata/DNA-BERT/data/gtdbtk/align/S1E7/bin.5,/home/ubuntu/projects/biodata/DNA-BERT/data/gtdbtk/classify/S1E7/bin.5,completed
S1E8,bin.15,S1E8/bin.15,/home/ubuntu/projects/biodata/DNA-BERT/data/gtdbtk/align/S1E8/bin.15,/home/ubuntu/projects/biodata/DNA-BERT/data/gtdbtk/classify/S1E8/bin.15,completed
S1E8,bin.16,S1E8/bin.16,/home/ubuntu/projects/biodata/DNA-BERT/data/gtdbtk/align/S1E8/bin.16,/home/ubuntu/projects/biodata/DNA-BERT/data/gtdbtk/classify/S1E8/bin.16,completed
S1E8,bin.25,S1E8/bin.25,/home/ubuntu/projects/biodata/DNA-BERT/data/gtdbtk/align/S1E8/bin.25,/home/ubuntu/projects/biodata/DNA-BERT/data/gtdbtk/classify/S1E8/bin.25,completed
S1E9,bin.11,S1E9/bin.11,/home/ubuntu/projects/biodata/DNA-BERT/data/gtdbtk/align/S1E9/bin.11,/home/ubuntu/projects/biodata/DNA-BERT/data/gtdbtk/classify/S1E9/bin.11,completed
S1E9,bin.3,S1E9/bin.3,/home/ubuntu/projects/biodata/DNA-BERT/data/gtdbtk/align/S1E9/bin.3,/home/ubuntu/projects/biodata/DNA-BERT/data/gtdbtk/classify/S1E9/bin.3,completed
S1E9,bin.6,S1E9/bin.6,/home/ubuntu/projects/biodata/DNA-BERT/data/gtdbtk/align/S1E9/bin.6,/home/ubuntu/projects/biodata/DNA-BERT/data/gtdbtk/classify/S1E9/bin.6,completed
S1F10,bin.12,S1F10/bin.12,/home/ubuntu/projects/biodata/DNA-BERT/data/gtdbtk/align/S1F10/bin.12,/home/ubuntu/projects/biodata/DNA-BERT/data/gtdbtk/classify/S1F10/bin.12,completed
S1F10,bin.15,S1F10/bin.15,/home/ubuntu/projects/biodata/DNA-BERT/data/gtdbtk/align/S1F10/bin.15,/home/ubuntu/projects/biodata/DNA-BERT/data/gtdbtk/classify/S1F10/bin.15,completed
S1F10,bin.20,S1F10/bin.20,/home/ubuntu/projects/biodata/DNA-BERT/data/gtdbtk/align/S1F10/bin.20,/home/ubuntu/projects/biodata/DNA-BERT/data/gtdbtk/classify/S1F10/bin.20,completed
S1F10,bin.22,S1F10/bin.22,/home/ubuntu/projects/biodata/DNA-BERT/data/gtdbtk/align/S1F10/bin.22,/home/ubuntu/projects/biodata/DNA-BERT/data/gtdbtk/classify/S1F10/bin.22,completed
S1F10,bin.25,S1F10/bin.25,/home/ubuntu/projects/biodata/DNA-BERT/data/gtdbtk/align/S1F10/bin.25,/home/ubuntu/projects/biodata/DNA-BERT/data/gtdbtk/classify/S1F10/bin.25,completed
S1F10,bin.3,S1F10/bin.3,/home/ubuntu/projects/biodata/DNA-BERT/data/gtdbtk/align/S1F10/bin.3,/home/ubuntu/projects/biodata/DNA-BERT/data/gtdbtk/classify/S1F10/bin.3,completed
S1F10,bin.4,S1F10/bin.4,/home/ubuntu/projects/biodata/DNA-BERT/data/gtdbtk/align/S1F10/bin.4,/home/ubuntu/projects/biodata/DNA-BERT/data/gtdbtk/classify/S1F10/bin.4,completed
S1F10,bin.8,S1F10/bin.8,/home/ubuntu/projects/biodata/DNA-BERT/data/gtdbtk/align/S1F10/bin.8,/home/ubuntu/projects/biodata/DNA-BERT/data/gtdbtk/classify/S1F10/bin.8,completed
S1F11,bin.16,S1F11/bin.16,/home/ubuntu/projects/biodata/DNA-BERT/data/gtdbtk/align/S1F11/bin.16,/home/ubuntu/projects/biodata/DNA-BERT/data/gtdbtk/classify/S1F11/bin.16,completed
S1F11,bin.20,S1F11/bin.20,/home/ubuntu/projects/biodata/DNA-BERT/data/gtdbtk/align/S1F11/bin.20,/home/ubuntu/projects/biodata/DNA-BERT/data/gtdbtk/classify/S1F11/bin.20,completed
S1F11,bin.22,S1F11/bin.22,/home/ubuntu/projects/biodata/DNA-BERT/data/gtdbtk/align/S1F11/bin.22,/home/ubuntu/projects/biodata/DNA-BERT/data/gtdbtk/classify/S1F11/bin.22,completed
S1F11,bin.4,S1F11/bin.4,/home/ubuntu/projects/biodata/DNA-BERT/data/gtdbtk/align/S1F11/bin.4,/home/ubuntu/projects/biodata/DNA-BERT/data/gtdbtk/classify/S1F11/bin.4,completed
S1F12,bin.12,S1F12/bin.12,/home/ubuntu/projects/biodata/DNA-BERT/data/gtdbtk/align/S1F12/bin.12,/home/ubuntu/projects/biodata/DNA-BERT/data/gtdbtk/classify/S1F12/bin.12,completed
S1F12,bin.19,S1F12/bin.19,/home/ubuntu/projects/biodata/DNA-BERT/data/gtdbtk/align/S1F12/bin.19,/home/ubuntu/projects/biodata/DNA-BERT/data/gtdbtk/classify/S1F12/bin.19,completed
S1F12,bin.2,S1F12/bin.2,/home/ubuntu/projects/biodata/DNA-BERT/data/gtdbtk/align/S1F12/bin.2,/home/ubuntu/projects/biodata/DNA-BERT/data/gtdbtk/classify/S1F12/bin.2,completed
S1F12,bin.31,S1F12/bin.31,/home/ubuntu/projects/biodata/DNA-BERT/data/gtdbtk/align/S1F12/bin.31,/home/ubuntu/projects/biodata/DNA-BERT/data/gtdbtk/classify/S1F12/bin.31,completed
S1F3,bin.10,S1F3/bin.10,/home/ubuntu/projects/biodata/DNA-BERT/data/gtdbtk/align/S1F3/bin.10,/home/ubuntu/projects/biodata/DNA-BERT/data/gtdbtk/classify/S1F3/bin.10,completed
S1F3,bin.4,S1F3/bin.4,/home/ubuntu/projects/biodata/DNA-BERT/data/gtdbtk/align/S1F3/bin.4,/home/ubuntu/projects/biodata/DNA-BERT/data/gtdbtk/classify/S1F3/bin.4,completed
S1F3,bin.8,S1F3/bin.8,/home/ubuntu/projects/biodata/DNA-BERT/data/gtdbtk/align/S1F3/bin.8,/home/ubuntu/projects/biodata/DNA-BERT/data/gtdbtk/classify/S1F3/bin.8,completed
S1F4,bin.10,S1F4/bin.10,/home/ubuntu/projects/biodata/DNA-BERT/data/gtdbtk/align/S1F4/bin.10,/home/ubuntu/projects/biodata/DNA-BERT/data/gtdbtk/classify/S1F4/bin.10,completed
S1F5,bin.12,S1F5/bin.12,/home/ubuntu/projects/biodata/DNA-BERT/data/gtdbtk/align/S1F5/bin.12,/home/ubuntu/projects/biodata/DNA-BERT/data/gtdbtk/classify/S1F5/bin.12,completed
S1F5,bin.24,S1F5/bin.24,/home/ubuntu/projects/biodata/DNA-BERT/data/gtdbtk/align/S1F5/bin.24,/home/ubuntu/projects/biodata/DNA-BERT/data/gtdbtk/classify/S1F5/bin.24,completed
S1F5,bin.4,S1F5/bin.4,/home/ubuntu/projects/biodata/DNA-BERT/data/gtdbtk/align/S1F5/bin.4,/home/ubuntu/projects/biodata/DNA-BERT/data/gtdbtk/classify/S1F5/bin.4,completed
S1F6,bin.1,S1F6/bin.1,/home/ubuntu/projects/biodata/DNA-BERT/data/gtdbtk/align/S1F6/bin.1,/home/ubuntu/projects/biodata/DNA-BERT/data/gtdbtk/classify/S1F6/bin.1,completed
S1F6,bin.12,S1F6/bin.12,/home/ubuntu/projects/biodata/DNA-BERT/data/gtdbtk/align/S1F6/bin.12,/home/ubuntu/projects/biodata/DNA-BERT/data/gtdbtk/classify/S1F6/bin.12,completed
S1F6,bin.14,S1F6/bin.14,/home/ubuntu/projects/biodata/DNA-BERT/data/gtdbtk/align/S1F6/bin.14,/home/ubuntu/projects/biodata/DNA-BERT/data/gtdbtk/classify/S1F6/bin.14,completed
S1F6,bin.19,S1F6/bin.19,/home/ubuntu/projects/biodata/DNA-BERT/data/gtdbtk/align/S1F6/bin.19,/home/ubuntu/projects/biodata/DNA-BERT/data/gtdbtk/classify/S1F6/bin.19,completed
S1F6,bin.9,S1F6/bin.9,/home/ubuntu/projects/biodata/DNA-BERT/data/gtdbtk/align/S1F6/bin.9,/home/ubuntu/projects/biodata/DNA-BERT/data/gtdbtk/classify/S1F6/bin.9,completed
S1F7,bin.17,S1F7/bin.17,/home/ubuntu/projects/biodata/DNA-BERT/data/gtdbtk/align/S1F7/bin.17,/home/ubuntu/projects/biodata/DNA-BERT/data/gtdbtk/classify/S1F7/bin.17,completed
S1F7,bin.19,S1F7/bin.19,/home/ubuntu/projects/biodata/DNA-BERT/data/gtdbtk/align/S1F7/bin.19,/home/ubuntu/projects/biodata/DNA-BERT/data/gtdbtk/classify/S1F7/bin.19,completed
S1F7,bin.20,S1F7/bin.20,/home/ubuntu/projects/biodata/DNA-BERT/data/gtdbtk/align/S1F7/bin.20,/home/ubuntu/projects/biodata/DNA-BERT/data/gtdbtk/classify/S1F7/bin.20,completed
S1F7,bin.9,S1F7/bin.9,/home/ubuntu/projects/biodata/DNA-BERT/data/gtdbtk/align/S1F7/bin.9,/home/ubuntu/projects/biodata/DNA-BERT/data/gtdbtk/classify/S1F7/bin.9,completed
S1F8,bin.10,S1F8/bin.10,/home/ubuntu/projects/biodata/DNA-BERT/data/gtdbtk/align/S1F8/bin.10,/home/ubuntu/projects/biodata/DNA-BERT/data/gtdbtk/classify/S1F8/bin.10,completed
S1F8,bin.16,S1F8/bin.16,/home/ubuntu/projects/biodata/DNA-BERT/data/gtdbtk/align/S1F8/bin.16,/home/ubuntu/projects/biodata/DNA-BERT/data/gtdbtk/classify/S1F8/bin.16,completed
S1F8,bin.2,S1F8/bin.2,/home/ubuntu/projects/biodata/DNA-BERT/data/gtdbtk/align/S1F8/bin.2,/home/ubuntu/projects/biodata/DNA-BERT/data/gtdbtk/classify/S1F8/bin.2,completed
S1F8,bin.20,S1F8/bin.20,/home/ubuntu/projects/biodata/DNA-BERT/data/gtdbtk/align/S1F8/bin.20,/home/ubuntu/projects/biodata/DNA-BERT/data/gtdbtk/classify/S1F8/bin.20,completed
S1F9,bin.10,S1F9/bin.10,/home/ubuntu/projects/biodata/DNA-BERT/data/gtdbtk/align/S1F9/bin.10,/home/ubuntu/projects/biodata/DNA-BERT/data/gtdbtk/classify/S1F9/bin.10,completed
S1F9,bin.13,S1F9/bin.13,/home/ubuntu/projects/biodata/DNA-BERT/data/gtdbtk/align/S1F9/bin.13,/home/ubuntu/projects/biodata/DNA-BERT/data/gtdbtk/classify/S1F9/bin.13,completed
S1F9,bin.14,S1F9/bin.14,/home/ubuntu/projects/biodata/DNA-BERT/data/gtdbtk/align/S1F9/bin.14,/home/ubuntu/projects/biodata/DNA-BERT/data/gtdbtk/classify/S1F9/bin.14,completed
S1F9,bin.24,S1F9/bin.24,/home/ubuntu/projects/biodata/DNA-BERT/data/gtdbtk/align/S1F9/bin.24,/home/ubuntu/projects/biodata/DNA-BERT/data/gtdbtk/classify/S1F9/bin.24,completed
S1F9,bin.27,S1F9/bin.27,/home/ubuntu/projects/biodata/DNA-BERT/data/gtdbtk/align/S1F9/bin.27,/home/ubuntu/projects/biodata/DNA-BERT/data/gtdbtk/classify/S1F9/bin.27,completed
S1F9,bin.3,S1F9/bin.3,/home/ubuntu/projects/biodata/DNA-BERT/data/gtdbtk/align/S1F9/bin.3,/home/ubuntu/projects/biodata/DNA-BERT/data/gtdbtk/classify/S1F9/bin.3,completed
S1F9,bin.4,S1F9/bin.4,/home/ubuntu/projects/biodata/DNA-BERT/data/gtdbtk/align/S1F9/bin.4,/home/ubuntu/projects/biodata/DNA-BERT/data/gtdbtk/classify/S1F9/bin.4,completed
S1F9,bin.8,S1F9/bin.8,/home/ubuntu/projects/biodata/DNA-BERT/data/gtdbtk/align/S1F9/bin.8,/home/ubuntu/projects/biodata/DNA-BERT/data/gtdbtk/classify/S1F9/bin.8,completed
S1F9,bin.9,S1F9/bin.9,/home/ubuntu/projects/biodata/DNA-BERT/data/gtdbtk/align/S1F9/bin.9,/home/ubuntu/projects/biodata/DNA-BERT/data/gtdbtk/classify/S1F9/bin.9,completed
S1G1,bin.19,S1G1/bin.19,/home/ubuntu/projects/biodata/DNA-BERT/data/gtdbtk/align/S1G1/bin.19,/home/ubuntu/projects/biodata/DNA-BERT/data/gtdbtk/classify/S1G1/bin.19,completed
S1G1,bin.26,S1G1/bin.26,/home/ubuntu/projects/biodata/DNA-BERT/data/gtdbtk/align/S1G1/bin.26,/home/ubuntu/projects/biodata/DNA-BERT/data/gtdbtk/classify/S1G1/bin.26,completed
S1G1,bin.6,S1G1/bin.6,/home/ubuntu/projects/biodata/DNA-BERT/data/gtdbtk/align/S1G1/bin.6,/home/ubuntu/projects/biodata/DNA-BERT/data/gtdbtk/classify/S1G1/bin.6,completed
S1G10,bin.1,S1G10/bin.1,/home/ubuntu/projects/biodata/DNA-BERT/data/gtdbtk/align/S1G10/bin.1,/home/ubuntu/projects/biodata/DNA-BERT/data/gtdbtk/classify/S1G10/bin.1,completed
S1G10,bin.18,S1G10/bin.18,/home/ubuntu/projects/biodata/DNA-BERT/data/gtdbtk/align/S1G10/bin.18,/home/ubuntu/projects/biodata/DNA-BERT/data/gtdbtk/classify/S1G10/bin.18,completed
S1G10,bin.19,S1G10/bin.19,/home/ubuntu/projects/biodata/DNA-BERT/data/gtdbtk/align/S1G10/bin.19,/home/ubuntu/projects/biodata/DNA-BERT/data/gtdbtk/classify/S1G10/bin.19,completed
S1G10,bin.21,S1G10/bin.21,/home/ubuntu/projects/biodata/DNA-BERT/data/gtdbtk/align/S1G10/bin.21,/home/ubuntu/projects/biodata/DNA-BERT/data/gtdbtk/classify/S1G10/bin.21,completed
S1G10,bin.24,S1G10/bin.24,/home/ubuntu/projects/biodata/DNA-BERT/data/gtdbtk/align/S1G10/bin.24,/home/ubuntu/projects/biodata/DNA-BERT/data/gtdbtk/classify/S1G10/bin.24,completed
S1G10,bin.26,S1G10/bin.26,/home/ubuntu/projects/biodata/DNA-BERT/data/gtdbtk/align/S1G10/bin.26,/home/ubuntu/projects/biodata/DNA-BERT/data/gtdbtk/classify/S1G10/bin.26,completed
S1G10,bin.33,S1G10/bin.33,/home/ubuntu/projects/biodata/DNA-BERT/data/gtdbtk/align/S1G10/bin.33,/home/ubuntu/projects/biodata/DNA-BERT/data/gtdbtk/classify/S1G10/bin.33,completed
S1G10,bin.37,S1G10/bin.37,/home/ubuntu/projects/biodata/DNA-BERT/data/gtdbtk/align/S1G10/bin.37,/home/ubuntu/projects/biodata/DNA-BERT/data/gtdbtk/classify/S1G10/bin.37,completed
S1G10,bin.9,S1G10/bin.9,/home/ubuntu/projects/biodata/DNA-BERT/data/gtdbtk/align/S1G10/bin.9,/home/ubuntu/projects/biodata/DNA-BERT/data/gtdbtk/classify/S1G10/bin.9,completed
S1G11,bin.17,S1G11/bin.17,/home/ubuntu/projects/biodata/DNA-BERT/data/gtdbtk/align/S1G11/bin.17,/home/ubuntu/projects/biodata/DNA-BERT/data/gtdbtk/classify/S1G11/bin.17,completed
S1G11,bin.19,S1G11/bin.19,/home/ubuntu/projects/biodata/DNA-BERT/data/gtdbtk/align/S1G11/bin.19,/home/ubuntu/projects/biodata/DNA-BERT/data/gtdbtk/classify/S1G11/bin.19,completed
S1G11,bin.24,S1G11/bin.24,/home/ubuntu/projects/biodata/DNA-BERT/data/gtdbtk/align/S1G11/bin.24,/home/ubuntu/projects/biodata/DNA-BERT/data/gtdbtk/classify/S1G11/bin.24,completed
S1G11,bin.26,S1G11/bin.26,/home/ubuntu/projects/biodata/DNA-BERT/data/gtdbtk/align/S1G11/bin.26,/home/ubuntu/projects/biodata/DNA-BERT/data/gtdbtk/classify/S1G11/bin.26,completed
S1G11,bin.32,S1G11/bin.32,/home/ubuntu/projects/biodata/DNA-BERT/data/gtdbtk/align/S1G11/bin.32,/home/ubuntu/projects/biodata/DNA-BERT/data/gtdbtk/classify/S1G11/bin.32,completed
S1G11,bin.5,S1G11/bin.5,/home/ubuntu/projects/biodata/DNA-BERT/data/gtdbtk/align/S1G11/bin.5,/home/ubuntu/projects/biodata/DNA-BERT/data/gtdbtk/classify/S1G11/bin.5,completed
S1G11,bin.7,S1G11/bin.7,/home/ubuntu/projects/biodata/DNA-BERT/data/gtdbtk/align/S1G11/bin.7,/home/ubuntu/projects/biodata/DNA-BERT/data/gtdbtk/classify/S1G11/bin.7,completed
S1G11,bin.9,S1G11/bin.9,/home/ubuntu/projects/biodata/DNA-BERT/data/gtdbtk/align/S1G11/bin.9,/home/ubuntu/projects/biodata/DNA-BERT/data/gtdbtk/classify/S1G11/bin.9,completed
S1G12,bin.1,S1G12/bin.1,/home/ubuntu/projects/biodata/DNA-BERT/data/gtdbtk/align/S1G12/bin.1,/home/ubuntu/projects/biodata/DNA-BERT/data/gtdbtk/classify/S1G12/bin.1,completed
S1G12,bin.15,S1G12/bin.15,/home/ubuntu/projects/biodata/DNA-BERT/data/gtdbtk/align/S1G12/bin.15,/home/ubuntu/projects/biodata/DNA-BERT/data/gtdbtk/classify/S1G12/bin.15,completed
S1G12,bin.7,S1G12/bin.7,/home/ubuntu/projects/biodata/DNA-BERT/data/gtdbtk/align/S1G12/bin.7,/home/ubuntu/projects/biodata/DNA-BERT/data/gtdbtk/classify/S1G12/bin.7,completed
S1G2,bin.12,S1G2/bin.12,/home/ubuntu/projects/biodata/DNA-BERT/data/gtdbtk/align/S1G2/bin.12,/home/ubuntu/projects/biodata/DNA-BERT/data/gtdbtk/classify/S1G2/bin.12,completed
S1G2,bin.16,S1G2/bin.16,/home/ubuntu/projects/biodata/DNA-BERT/data/gtdbtk/align/S1G2/bin.16,/home/ubuntu/projects/biodata/DNA-BERT/data/gtdbtk/classify/S1G2/bin.16,completed
S1G2,bin.24,S1G2/bin.24,/home/ubuntu/projects/biodata/DNA-BERT/data/gtdbtk/align/S1G2/bin.24,/home/ubuntu/projects/biodata/DNA-BERT/data/gtdbtk/classify/S1G2/bin.24,completed
S1G2,bin.27,S1G2/bin.27,/home/ubuntu/projects/biodata/DNA-BERT/data/gtdbtk/align/S1G2/bin.27,/home/ubuntu/projects/biodata/DNA-BERT/data/gtdbtk/classify/S1G2/bin.27,completed
S1G2,bin.28,S1G2/bin.28,/home/ubuntu/projects/biodata/DNA-BERT/data/gtdbtk/align/S1G2/bin.28,/home/ubuntu/projects/biodata/DNA-BERT/data/gtdbtk/classify/S1G2/bin.28,completed
S1G2,bin.31,S1G2/bin.31,/home/ubuntu/projects/biodata/DNA-BERT/data/gtdbtk/align/S1G2/bin.31,/home/ubuntu/projects/biodata/DNA-BERT/data/gtdbtk/classify/S1G2/bin.31,completed
S1G2,bin.8,S1G2/bin.8,/home/ubuntu/projects/biodata/DNA-BERT/data/gtdbtk/align/S1G2/bin.8,/home/ubuntu/projects/biodata/DNA-BERT/data/gtdbtk/classify/S1G2/bin.8,completed
S1G3,bin.10,S1G3/bin.10,/home/ubuntu/projects/biodata/DNA-BERT/data/gtdbtk/align/S1G3/bin.10,/home/ubuntu/projects/biodata/DNA-BERT/data/gtdbtk/classify/S1G3/bin.10,completed
S1G3,bin.11,S1G3/bin.11,/home/ubuntu/projects/biodata/DNA-BERT/data/gtdbtk/align/S1G3/bin.11,/home/ubuntu/projects/biodata/DNA-BERT/data/gtdbtk/classify/S1G3/bin.11,completed
S1G3,bin.12,S1G3/bin.12,/home/ubuntu/projects/biodata/DNA-BERT/data/gtdbtk/align/S1G3/bin.12,/home/ubuntu/projects/biodata/DNA-BERT/data/gtdbtk/classify/S1G3/bin.12,completed
S1G3,bin.13,S1G3/bin.13,/home/ubuntu/projects/biodata/DNA-BERT/data/gtdbtk/align/S1G3/bin.13,/home/ubuntu/projects/biodata/DNA-BERT/data/gtdbtk/classify/S1G3/bin.13,completed
S1G3,bin.16,S1G3/bin.16,/home/ubuntu/projects/biodata/DNA-BERT/data/gtdbtk/align/S1G3/bin.16,/home/ubuntu/projects/biodata/DNA-BERT/data/gtdbtk/classify/S1G3/bin.16,completed
S1G3,bin.2,S1G3/bin.2,/home/ubuntu/projects/biodata/DNA-BERT/data/gtdbtk/align/S1G3/bin.2,/home/ubuntu/projects/biodata/DNA-BERT/data/gtdbtk/classify/S1G3/bin.2,completed
S1G4,bin.10,S1G4/bin.10,/home/ubuntu/projects/biodata/DNA-BERT/data/gtdbtk/align/S1G4/bin.10,/home/ubuntu/projects/biodata/DNA-BERT/data/gtdbtk/classify/S1G4/bin.10,completed
S1G4,bin.13,S1G4/bin.13,/home/ubuntu/projects/biodata/DNA-BERT/data/gtdbtk/align/S1G4/bin.13,/home/ubuntu/projects/biodata/DNA-BERT/data/gtdbtk/classify/S1G4/bin.13,completed
S1G4,bin.18,S1G4/bin.18,/home/ubuntu/projects/biodata/DNA-BERT/data/gtdbtk/align/S1G4/bin.18,/home/ubuntu/projects/biodata/DNA-BERT/data/gtdbtk/classify/S1G4/bin.18,completed
S1G4,bin.7,S1G4/bin.7,/home/ubuntu/projects/biodata/DNA-BERT/data/gtdbtk/align/S1G4/bin.7,/home/ubuntu/projects/biodata/DNA-BERT/data/gtdbtk/classify/S1G4/bin.7,completed
S1G5,bin.10,S1G5/bin.10,/home/ubuntu/projects/biodata/DNA-BERT/data/gtdbtk/align/S1G5/bin.10,/home/ubuntu/projects/biodata/DNA-BERT/data/gtdbtk/classify/S1G5/bin.10,completed
S1G5,bin.14,S1G5/bin.14,/home/ubuntu/projects/biodata/DNA-BERT/data/gtdbtk/align/S1G5/bin.14,/home/ubuntu/projects/biodata/DNA-BERT/data/gtdbtk/classify/S1G5/bin.14,completed
S1G5,bin.2,S1G5/bin.2,/home/ubuntu/projects/biodata/DNA-BERT/data/gtdbtk/align/S1G5/bin.2,/home/ubuntu/projects/biodata/DNA-BERT/data/gtdbtk/classify/S1G5/bin.2,completed
S1G5,bin.22,S1G5/bin.22,/home/ubuntu/projects/biodata/DNA-BERT/data/gtdbtk/align/S1G5/bin.22,/home/ubuntu/projects/biodata/DNA-BERT/data/gtdbtk/classify/S1G5/bin.22,completed
S1G5,bin.23,S1G5/bin.23,/home/ubuntu/projects/biodata/DNA-BERT/data/gtdbtk/align/S1G5/bin.23,/home/ubuntu/projects/biodata/DNA-BERT/data/gtdbtk/classify/S1G5/bin.23,completed
S1G5,bin.26,S1G5/bin.26,/home/ubuntu/projects/biodata/DNA-BERT/data/gtdbtk/align/S1G5/bin.26,/home/ubuntu/projects/biodata/DNA-BERT/data/gtdbtk/classify/S1G5/bin.26,completed
S1G5,bin.27,S1G5/bin.27,/home/ubuntu/projects/biodata/DNA-BERT/data/gtdbtk/align/S1G5/bin.27,/home/ubuntu/projects/biodata/DNA-BERT/data/gtdbtk/classify/S1G5/bin.27,completed
S1G5,bin.28,S1G5/bin.28,/home/ubuntu/projects/biodata/DNA-BERT/data/gtdbtk/align/S1G5/bin.28,/home/ubuntu/projects/biodata/DNA-BERT/data/gtdbtk/classify/S1G5/bin.28,completed
S1G5,bin.34,S1G5/bin.34,/home/ubuntu/projects/biodata/DNA-BERT/data/gtdbtk/align/S1G5/bin.34,/home/ubuntu/projects/biodata/DNA-BERT/data/gtdbtk/classify/S1G5/bin.34,completed
S1G5,bin.8,S1G5/bin.8,/home/ubuntu/projects/biodata/DNA-BERT/data/gtdbtk/align/S1G5/bin.8,/home/ubuntu/projects/biodata/DNA-BERT/data/gtdbtk/classify/S1G5/bin.8,completed
S1G6,bin.10,S1G6/bin.10,/home/ubuntu/projects/biodata/DNA-BERT/data/gtdbtk/align/S1G6/bin.10,/home/ubuntu/projects/biodata/DNA-BERT/data/gtdbtk/classify/S1G6/bin.10,completed
S1G6,bin.14,S1G6/bin.14,/home/ubuntu/projects/biodata/DNA-BERT/data/gtdbtk/align/S1G6/bin.14,/home/ubuntu/projects/biodata/DNA-BERT/data/gtdbtk/classify/S1G6/bin.14,completed
S1G6,bin.18,S1G6/bin.18,/home/ubuntu/projects/biodata/DNA-BERT/data/gtdbtk/align/S1G6/bin.18,/home/ubuntu/projects/biodata/DNA-BERT/data/gtdbtk/classify/S1G6/bin.18,completed
S1G7,bin.1,S1G7/bin.1,/home/ubuntu/projects/biodata/DNA-BERT/data/gtdbtk/align/S1G7/bin.1,/home/ubuntu/projects/biodata/DNA-BERT/data/gtdbtk/classify/S1G7/bin.1,completed
S1G7,bin.17,S1G7/bin.17,/home/ubuntu/projects/biodata/DNA-BERT/data/gtdbtk/align/S1G7/bin.17,/home/ubuntu/projects/biodata/DNA-BERT/data/gtdbtk/classify/S1G7/bin.17,completed
S1G7,bin.3,S1G7/bin.3,/home/ubuntu/projects/biodata/DNA-BERT/data/gtdbtk/align/S1G7/bin.3,/home/ubuntu/projects/biodata/DNA-BERT/data/gtdbtk/classify/S1G7/bin.3,completed
S1G7,bin.5,S1G7/bin.5,/home/ubuntu/projects/biodata/DNA-BERT/data/gtdbtk/align/S1G7/bin.5,/home/ubuntu/projects/biodata/DNA-BERT/data/gtdbtk/classify/S1G7/bin.5,completed
S1G8,bin.12,S1G8/bin.12,/home/ubuntu/projects/biodata/DNA-BERT/data/gtdbtk/align/S1G8/bin.12,/home/ubuntu/projects/biodata/DNA-BERT/data/gtdbtk/classify/S1G8/bin.12,completed
S1G8,bin.2,S1G8/bin.2,/home/ubuntu/projects/biodata/DNA-BERT/data/gtdbtk/align/S1G8/bin.2,/home/ubuntu/projects/biodata/DNA-BERT/data/gtdbtk/classify/S1G8/bin.2,completed
S1G8,bin.30,S1G8/bin.30,/home/ubuntu/projects/biodata/DNA-BERT/data/gtdbtk/align/S1G8/bin.30,/home/ubuntu/projects/biodata/DNA-BERT/data/gtdbtk/classify/S1G8/bin.30,completed
S1G9,bin.7,S1G9/bin.7,/home/ubuntu/projects/biodata/DNA-BERT/data/gtdbtk/align/S1G9/bin.7,/home/ubuntu/projects/biodata/DNA-BERT/data/gtdbtk/classify/S1G9/bin.7,completed
S1H1,bin.2,S1H1/bin.2,/home/ubuntu/projects/biodata/DNA-BERT/data/gtdbtk/align/S1H1/bin.2,/home/ubuntu/projects/biodata/DNA-BERT/data/gtdbtk/classify/S1H1/bin.2,completed
S1H1,bin.3,S1H1/bin.3,/home/ubuntu/projects/biodata/DNA-BERT/data/gtdbtk/align/S1H1/bin.3,/home/ubuntu/projects/biodata/DNA-BERT/data/gtdbtk/classify/S1H1/bin.3,completed
S1H10,bin.25,S1H10/bin.25,/home/ubuntu/projects/biodata/DNA-BERT/data/gtdbtk/align/S1H10/bin.25,/home/ubuntu/projects/biodata/DNA-BERT/data/gtdbtk/classify/S1H10/bin.25,completed
S1H10,bin.3,S1H10/bin.3,/home/ubuntu/projects/biodata/DNA-BERT/data/gtdbtk/align/S1H10/bin.3,/home/ubuntu/projects/biodata/DNA-BERT/data/gtdbtk/classify/S1H10/bin.3,completed
S1H10,bin.4,S1H10/bin.4,/home/ubuntu/projects/biodata/DNA-BERT/data/gtdbtk/align/S1H10/bin.4,/home/ubuntu/projects/biodata/DNA-BERT/data/gtdbtk/classify/S1H10/bin.4,completed
S1H10,bin.5,S1H10/bin.5,/home/ubuntu/projects/biodata/DNA-BERT/data/gtdbtk/align/S1H10/bin.5,/home/ubuntu/projects/biodata/DNA-BERT/data/gtdbtk/classify/S1H10/bin.5,completed
S1H11,bin.10,S1H11/bin.10,/home/ubuntu/projects/biodata/DNA-BERT/data/gtdbtk/align/S1H11/bin.10,/home/ubuntu/projects/biodata/DNA-BERT/data/gtdbtk/classify/S1H11/bin.10,completed
S1H11,bin.11,S1H11/bin.11,/home/ubuntu/projects/biodata/DNA-BERT/data/gtdbtk/align/S1H11/bin.11,/home/ubuntu/projects/biodata/DNA-BERT/data/gtdbtk/classify/S1H11/bin.11,completed
S1H11,bin.13,S1H11/bin.13,/home/ubuntu/projects/biodata/DNA-BERT/data/gtdbtk/align/S1H11/bin.13,/home/ubuntu/projects/biodata/DNA-BERT/data/gtdbtk/classify/S1H11/bin.13,completed
S1H11,bin.14,S1H11/bin.14,/home/ubuntu/projects/biodata/DNA-BERT/data/gtdbtk/align/S1H11/bin.14,/home/ubuntu/projects/biodata/DNA-BERT/data/gtdbtk/classify/S1H11/bin.14,completed
S1H11,bin.22,S1H11/bin.22,/home/ubuntu/projects/biodata/DNA-BERT/data/gtdbtk/align/S1H11/bin.22,/home/ubuntu/projects/biodata/DNA-BERT/data/gtdbtk/classify/S1H11/bin.22,completed
S1H11,bin.23,S1H11/bin.23,/home/ubuntu/projects/biodata/DNA-BERT/data/gtdbtk/align/S1H11/bin.23,/home/ubuntu/projects/biodata/DNA-BERT/data/gtdbtk/classify/S1H11/bin.23,completed
S1H11,bin.28,S1H11/bin.28,/home/ubuntu/projects/biodata/DNA-BERT/data/gtdbtk/align/S1H11/bin.28,/home/ubuntu/projects/biodata/DNA-BERT/data/gtdbtk/classify/S1H11/bin.28,completed
S1H11,bin.3,S1H11/bin.3,/home/ubuntu/projects/biodata/DNA-BERT/data/gtdbtk/align/S1H11/bin.3,/home/ubuntu/projects/biodata/DNA-BERT/data/gtdbtk/classify/S1H11/bin.3,completed
S1H11,bin.35,S1H11/bin.35,/home/ubuntu/projects/biodata/DNA-BERT/data/gtdbtk/align/S1H11/bin.35,/home/ubuntu/projects/biodata/DNA-BERT/data/gtdbtk/classify/S1H11/bin.35,completed
S1H11,bin.39,S1H11/bin.39,/home/ubuntu/projects/biodata/DNA-BERT/data/gtdbtk/align/S1H11/bin.39,/home/ubuntu/projects/biodata/DNA-BERT/data/gtdbtk/classify/S1H11/bin.39,completed
S1H11,bin.46,S1H11/bin.46,/home/ubuntu/projects/biodata/DNA-BERT/data/gtdbtk/align/S1H11/bin.46,/home/ubuntu/projects/biodata/DNA-BERT/data/gtdbtk/classify/S1H11/bin.46,completed
S1H11,bin.7,S1H11/bin.7,/home/ubuntu/projects/biodata/DNA-BERT/data/gtdbtk/align/S1H11/bin.7,/home/ubuntu/projects/biodata/DNA-BERT/data/gtdbtk/classify/S1H11/bin.7,completed
S1H11,bin.8,S1H11/bin.8,/home/ubuntu/projects/biodata/DNA-BERT/data/gtdbtk/align/S1H11/bin.8,/home/ubuntu/projects/biodata/DNA-BERT/data/gtdbtk/classify/S1H11/bin.8,completed
S1H12,bin.16,S1H12/bin.16,/home/ubuntu/projects/biodata/DNA-BERT/data/gtdbtk/align/S1H12/bin.16,/home/ubuntu/projects/biodata/DNA-BERT/data/gtdbtk/classify/S1H12/bin.16,completed
S1H2,bin.3,S1H2/bin.3,/home/ubuntu/projects/biodata/DNA-BERT/data/gtdbtk/align/S1H2/bin.3,/home/ubuntu/projects/biodata/DNA-BERT/data/gtdbtk/classify/S1H2/bin.3,completed
S1H3,bin.14,S1H3/bin.14,/home/ubuntu/projects/biodata/DNA-BERT/data/gtdbtk/align/S1H3/bin.14,/home/ubuntu/projects/biodata/DNA-BERT/data/gtdbtk/classify/S1H3/bin.14,completed
S1H3,bin.25,S1H3/bin.25,/home/ubuntu/projects/biodata/DNA-BERT/data/gtdbtk/align/S1H3/bin.25,/home/ubuntu/projects/biodata/DNA-BERT/data/gtdbtk/classify/S1H3/bin.25,completed
S1H3,bin.6,S1H3/bin.6,/home/ubuntu/projects/biodata/DNA-BERT/data/gtdbtk/align/S1H3/bin.6,/home/ubuntu/projects/biodata/DNA-BERT/data/gtdbtk/classify/S1H3/bin.6,completed
S1H4,bin.22,S1H4/bin.22,/home/ubuntu/projects/biodata/DNA-BERT/data/gtdbtk/align/S1H4/bin.22,/home/ubuntu/projects/biodata/DNA-BERT/data/gtdbtk/classify/S1H4/bin.22,completed
S1H4,bin.23,S1H4/bin.23,/home/ubuntu/projects/biodata/DNA-BERT/data/gtdbtk/align/S1H4/bin.23,/home/ubuntu/projects/biodata/DNA-BERT/data/gtdbtk/classify/S1H4/bin.23,completed
S1H4,bin.25,S1H4/bin.25,/home/ubuntu/projects/biodata/DNA-BERT/data/gtdbtk/align/S1H4/bin.25,/home/ubuntu/projects/biodata/DNA-BERT/data/gtdbtk/classify/S1H4/bin.25,completed
S1H4,bin.26,S1H4/bin.26,/home/ubuntu/projects/biodata/DNA-BERT/data/gtdbtk/align/S1H4/bin.26,/home/ubuntu/projects/biodata/DNA-BERT/data/gtdbtk/classify/S1H4/bin.26,completed
S1H4,bin.9,S1H4/bin.9,/home/ubuntu/projects/biodata/DNA-BERT/data/gtdbtk/align/S1H4/bin.9,/home/ubuntu/projects/biodata/DNA-BERT/data/gtdbtk/classify/S1H4/bin.9,completed
S1H5,bin.1,S1H5/bin.1,/home/ubuntu/projects/biodata/DNA-BERT/data/gtdbtk/align/S1H5/bin.1,/home/ubuntu/projects/biodata/DNA-BERT/data/gtdbtk/classify/S1H5/bin.1,completed
S1H5,bin.2,S1H5/bin.2,/home/ubuntu/projects/biodata/DNA-BERT/data/gtdbtk/align/S1H5/bin.2,/home/ubuntu/projects/biodata/DNA-BERT/data/gtdbtk/classify/S1H5/bin.2,completed
S1H6,bin.10,S1H6/bin.10,/home/ubuntu/projects/biodata/DNA-BERT/data/gtdbtk/align/S1H6/bin.10,/home/ubuntu/projects/biodata/DNA-BERT/data/gtdbtk/classify/S1H6/bin.10,completed
S1H6,bin.4,S1H6/bin.4,/home/ubuntu/projects/biodata/DNA-BERT/data/gtdbtk/align/S1H6/bin.4,/home/ubuntu/projects/biodata/DNA-BERT/data/gtdbtk/classify/S1H6/bin.4,completed
S1H7,bin.20,S1H7/bin.20,/home/ubuntu/projects/biodata/DNA-BERT/data/gtdbtk/align/S1H7/bin.20,/home/ubuntu/projects/biodata/DNA-BERT/data/gtdbtk/classify/S1H7/bin.20,completed
S1H7,bin.25,S1H7/bin.25,/home/ubuntu/projects/biodata/DNA-BERT/data/gtdbtk/align/S1H7/bin.25,/home/ubuntu/projects/biodata/DNA-BERT/data/gtdbtk/classify/S1H7/bin.25,completed
S1H7,bin.30,S1H7/bin.30,/home/ubuntu/projects/biodata/DNA-BERT/data/gtdbtk/align/S1H7/bin.30,/home/ubuntu/projects/biodata/DNA-BERT/data/gtdbtk/classify/S1H7/bin.30,completed
S1H7,bin.8,S1H7/bin.8,/home/ubuntu/projects/biodata/DNA-BERT/data/gtdbtk/align/S1H7/bin.8,/home/ubuntu/projects/biodata/DNA-BERT/data/gtdbtk/classify/S1H7/bin.8,completed
S2A1,bin.1,S2A1/bin.1,/home/ubuntu/projects/biodata/DNA-BERT/data/gtdbtk/align/S2A1/bin.1,/home/ubuntu/projects/biodata/DNA-BERT/data/gtdbtk/classify/S2A1/bin.1,completed
S2A1,bin.10,S2A1/bin.10,/home/ubuntu/projects/biodata/DNA-BERT/data/gtdbtk/align/S2A1/bin.10,/home/ubuntu/projects/biodata/DNA-BERT/data/gtdbtk/classify/S2A1/bin.10,completed
S2A1,bin.17,S2A1/bin.17,/home/ubuntu/projects/biodata/DNA-BERT/data/gtdbtk/align/S2A1/bin.17,/home/ubuntu/projects/biodata/DNA-BERT/data/gtdbtk/classify/S2A1/bin.17,completed
S2A1,bin.19,S2A1/bin.19,/home/ubuntu/projects/biodata/DNA-BERT/data/gtdbtk/align/S2A1/bin.19,/home/ubuntu/projects/biodata/DNA-BERT/data/gtdbtk/classify/S2A1/bin.19,completed
S2A1,bin.20,S2A1/bin.20,/home/ubuntu/projects/biodata/DNA-BERT/data/gtdbtk/align/S2A1/bin.20,/home/ubuntu/projects/biodata/DNA-BERT/data/gtdbtk/classify/S2A1/bin.20,completed
S2A1,bin.4,S2A1/bin.4,/home/ubuntu/projects/biodata/DNA-BERT/data/gtdbtk/align/S2A1/bin.4,/home/ubuntu/projects/biodata/DNA-BERT/data/gtdbtk/classify/S2A1/bin.4,completed
S2A1,bin.5,S2A1/bin.5,/home/ubuntu/projects/biodata/DNA-BERT/data/gtdbtk/align/S2A1/bin.5,/home/ubuntu/projects/biodata/DNA-BERT/data/gtdbtk/classify/S2A1/bin.5,completed
S2A2,bin.1,S2A2/bin.1,/home/ubuntu/projects/biodata/DNA-BERT/data/gtdbtk/align/S2A2/bin.1,/home/ubuntu/projects/biodata/DNA-BERT/data/gtdbtk/classify/S2A2/bin.1,completed
S2A2,bin.11,S2A2/bin.11,/home/ubuntu/projects/biodata/DNA-BERT/data/gtdbtk/align/S2A2/bin.11,/home/ubuntu/projects/biodata/DNA-BERT/data/gtdbtk/classify/S2A2/bin.11,completed
S2A2,bin.3,S2A2/bin.3,/home/ubuntu/projects/biodata/DNA-BERT/data/gtdbtk/align/S2A2/bin.3,/home/ubuntu/projects/biodata/DNA-BERT/data/gtdbtk/classify/S2A2/bin.3,completed
S2A2,bin.5,S2A2/bin.5,/home/ubuntu/projects/biodata/DNA-BERT/data/gtdbtk/align/S2A2/bin.5,/home/ubuntu/projects/biodata/DNA-BERT/data/gtdbtk/classify/S2A2/bin.5,completed
S2A2,bin.8,S2A2/bin.8,/home/ubuntu/projects/biodata/DNA-BERT/data/gtdbtk/align/S2A2/bin.8,/home/ubuntu/projects/biodata/DNA-BERT/data/gtdbtk/classify/S2A2/bin.8,completed
S1C2,bin.37,S1C2/bin.37,/home/ubuntu/projects/biodata/DNA-BERT/data/gtdbtk/align/S1C2/bin.37,/home/ubuntu/projects/biodata/DNA-BERT/data/gtdbtk/classify/S1C2/bin.37,failed
S1C2,bin.38,S1C2/bin.38,/home/ubuntu/projects/biodata/DNA-BERT/data/gtdbtk/align/S1C2/bin.38,/home/ubuntu/projects/biodata/DNA-BERT/data/gtdbtk/classify/S1C2/bin.38,failed
S1C2,bin.39,S1C2/bin.39,/home/ubuntu/projects/biodata/DNA-BERT/data/gtdbtk/align/S1C2/bin.39,/home/ubuntu/projects/biodata/DNA-BERT/data/gtdbtk/classify/S1C2/bin.39,failed
S1C3,bin.22,S1C3/bin.22,/home/ubuntu/projects/biodata/DNA-BERT/data/gtdbtk/align/S1C3/bin.22,/home/ubuntu/projects/biodata/DNA-BERT/data/gtdbtk/classify/S1C3/bin.22,not_started
S1C3,bin.48,S1C3/bin.48,/home/ubuntu/projects/biodata/DNA-BERT/data/gtdbtk/align/S1C3/bin.48,/home/ubuntu/projects/biodata/DNA-BERT/data/gtdbtk/classify/S1C3/bin.48,not_started
S1C4,bin.41,S1C4/bin.41,/home/ubuntu/projects/biodata/DNA-BERT/data/gtdbtk/align/S1C4/bin.41,/home/ubuntu/projects/biodata/DNA-BERT/data/gtdbtk/classify/S1C4/bin.41,not_started
S1C4,bin.50,S1C4/bin.50,/home/ubuntu/projects/biodata/DNA-BERT/data/gtdbtk/align/S1C4/bin.50,/home/ubuntu/projects/biodata/DNA-BERT/data/gtdbtk/classify/S1C4/bin.50,not_started
S1C6,bin.11,S1C6/bin.11,/home/ubuntu/projects/biodata/DNA-BERT/data/gtdbtk/align/S1C6/bin.11,/home/ubuntu/projects/biodata/DNA-BERT/data/gtdbtk/classify/S1C6/bin.11,not_started
S1C6,bin.14,S1C6/bin.14,/home/ubuntu/projects/biodata/DNA-BERT/data/gtdbtk/align/S1C6/bin.14,/home/ubuntu/projects/biodata/DNA-BERT/data/gtdbtk/classify/S1C6/bin.14,not_started
S1C6,bin.17,S1C6/bin.17,/home/ubuntu/projects/biodata/DNA-BERT/data/gtdbtk/align/S1C6/bin.17,/home/ubuntu/projects/biodata/DNA-BERT/data/gtdbtk/classify/S1C6/bin.17,not_started
S1C6,bin.24,S1C6/bin.24,/home/ubuntu/projects/biodata/DNA-BERT/data/gtdbtk/align/S1C6/bin.24,/home/ubuntu/projects/biodata/DNA-BERT/data/gtdbtk/classify/S1C6/bin.24,not_started
S1C6,bin.9,S1C6/bin.9,/home/ubuntu/projects/biodata/DNA-BERT/data/gtdbtk/align/S1C6/bin.9,/home/ubuntu/projects/biodata/DNA-BERT/data/gtdbtk/classify/S1C6/bin.9,not_started
S1C7,bin.1,S1C7/bin.1,/home/ubuntu/projects/biodata/DNA-BERT/data/gtdbtk/align/S1C7/bin.1,/home/ubuntu/projects/biodata/DNA-BERT/data/gtdbtk/classify/S1C7/bin.1,not_started
S1C7,bin.11,S1C7/bin.11,/home/ubuntu/projects/biodata/DNA-BERT/data/gtdbtk/align/S1C7/bin.11,/home/ubuntu/projects/biodata/DNA-BERT/data/gtdbtk/classify/S1C7/bin.11,not_started
S1C7,bin.12,S1C7/bin.12,/home/ubuntu/projects/biodata/DNA-BERT/data/gtdbtk/align/S1C7/bin.12,/home/ubuntu/projects/biodata/DNA-BERT/data/gtdbtk/classify/S1C7/bin.12,not_started
S1C7,bin.14,S1C7/bin.14,/home/ubuntu/projects/biodata/DNA-BERT/data/gtdbtk/align/S1C7/bin.14,/home/ubuntu/projects/biodata/DNA-BERT/data/gtdbtk/classify/S1C7/bin.14,not_started
S1C7,bin.27,S1C7/bin.27,/home/ubuntu/projects/biodata/DNA-BERT/data/gtdbtk/align/S1C7/bin.27,/home/ubuntu/projects/biodata/DNA-BERT/data/gtdbtk/classify/S1C7/bin.27,not_started
S1C7,bin.44,S1C7/bin.44,/home/ubuntu/projects/biodata/DNA-BERT/data/gtdbtk/align/S1C7/bin.44,/home/ubuntu/projects/biodata/DNA-BERT/data/gtdbtk/classify/S1C7/bin.44,not_started
S1C7,bin.48,S1C7/bin.48,/home/ubuntu/projects/biodata/DNA-BERT/data/gtdbtk/align/S1C7/bin.48,/home/ubuntu/projects/biodata/DNA-BERT/data/gtdbtk/classify/S1C7/bin.48,not_started
S1C7,bin.58,S1C7/bin.58,/home/ubuntu/projects/biodata/DNA-BERT/data/gtdbtk/align/S1C7/bin.58,/home/ubuntu/projects/biodata/DNA-BERT/data/gtdbtk/classify/S1C7/bin.58,not_started
S1C7,bin.59,S1C7/bin.59,/home/ubuntu/projects/biodata/DNA-BERT/data/gtdbtk/align/S1C7/bin.59,/home/ubuntu/projects/biodata/DNA-BERT/data/gtdbtk/classify/S1C7/bin.59,not_started
S1C7,bin.70,S1C7/bin.70,/home/ubuntu/projects/biodata/DNA-BERT/data/gtdbtk/align/S1C7/bin.70,/home/ubuntu/projects/biodata/DNA-BERT/data/gtdbtk/classify/S1C7/bin.70,not_started
S1C7,bin.71,S1C7/bin.71,/home/ubuntu/projects/biodata/DNA-BERT/data/gtdbtk/align/S1C7/bin.71,/home/ubuntu/projects/biodata/DNA-BERT/data/gtdbtk/classify/S1C7/bin.71,not_started
S1C7,bin.9,S1C7/bin.9,/home/ubuntu/projects/biodata/DNA-BERT/data/gtdbtk/align/S1C7/bin.9,/home/ubuntu/projects/biodata/DNA-BERT/data/gtdbtk/classify/S1C7/bin.9,not_started
S1C9,bin.11,S1C9/bin.11,/home/ubuntu/projects/biodata/DNA-BERT/data/gtdbtk/align/S1C9/bin.11,/home/ubuntu/projects/biodata/DNA-BERT/data/gtdbtk/classify/S1C9/bin.11,not_started
S1C9,bin.13,S1C9/bin.13,/home/ubuntu/projects/biodata/DNA-BERT/data/gtdbtk/align/S1C9/bin.13,/home/ubuntu/projects/biodata/DNA-BERT/data/gtdbtk/classify/S1C9/bin.13,not_started
S1C9,bin.31,S1C9/bin.31,/home/ubuntu/projects/biodata/DNA-BERT/data/gtdbtk/align/S1C9/bin.31,/home/ubuntu/projects/biodata/DNA-BERT/data/gtdbtk/classify/S1C9/bin.31,not_started
S1C9,bin.36,S1C9/bin.36,/home/ubuntu/projects/biodata/DNA-BERT/data/gtdbtk/align/S1C9/bin.36,/home/ubuntu/projects/biodata/DNA-BERT/data/gtdbtk/classify/S1C9/bin.36,not_started
S1C9,bin.4,S1C9/bin.4,/home/ubuntu/projects/biodata/DNA-BERT/data/gtdbtk/align/S1C9/bin.4,/home/ubuntu/projects/biodata/DNA-BERT/data/gtdbtk/classify/S1C9/bin.4,not_started
S1C9,bin.40,S1C9/bin.40,/home/ubuntu/projects/biodata/DNA-BERT/data/gtdbtk/align/S1C9/bin.40,/home/ubuntu/projects/biodata/DNA-BERT/data/gtdbtk/classify/S1C9/bin.40,not_started
S1C9,bin.46,S1C9/bin.46,/home/ubuntu/projects/biodata/DNA-BERT/data/gtdbtk/align/S1C9/bin.46,/home/ubuntu/projects/biodata/DNA-BERT/data/gtdbtk/classify/S1C9/bin.46,not_started
S1C9,bin.6,S1C9/bin.6,/home/ubuntu/projects/biodata/DNA-BERT/data/gtdbtk/align/S1C9/bin.6,/home/ubuntu/projects/biodata/DNA-BERT/data/gtdbtk/classify/S1C9/bin.6,not_started
S1C9,bin.8,S1C9/bin.8,/home/ubuntu/projects/biodata/DNA-BERT/data/gtdbtk/align/S1C9/bin.8,/home/ubuntu/projects/biodata/DNA-BERT/data/gtdbtk/classify/S1C9/bin.8,not_started
S1D1,bin.10,S1D1/bin.10,/home/ubuntu/projects/biodata/DNA-BERT/data/gtdbtk/align/S1D1/bin.10,/home/ubuntu/projects/biodata/DNA-BERT/data/gtdbtk/classify/S1D1/bin.10,not_started
S1D1,bin.15,S1D1/bin.15,/home/ubuntu/projects/biodata/DNA-BERT/data/gtdbtk/align/S1D1/bin.15,/home/ubuntu/projects/biodata/DNA-BERT/data/gtdbtk/classify/S1D1/bin.15,not_started
S1D1,bin.27,S1D1/bin.27,/home/ubuntu/projects/biodata/DNA-BERT/data/gtdbtk/align/S1D1/bin.27,/home/ubuntu/projects/biodata/DNA-BERT/data/gtdbtk/classify/S1D1/bin.27,not_started
S1D1,bin.4,S1D1/bin.4,/home/ubuntu/projects/biodata/DNA-BERT/data/gtdbtk/align/S1D1/bin.4,/home/ubuntu/projects/biodata/DNA-BERT/data/gtdbtk/classify/S1D1/bin.4,not_started
S1D10,bin.26,S1D10/bin.26,/home/ubuntu/projects/biodata/DNA-BERT/data/gtdbtk/align/S1D10/bin.26,/home/ubuntu/projects/biodata/DNA-BERT/data/gtdbtk/classify/S1D10/bin.26,not_started
S1D10,bin.29,S1D10/bin.29,/home/ubuntu/projects/biodata/DNA-BERT/data/gtdbtk/align/S1D10/bin.29,/home/ubuntu/projects/biodata/DNA-BERT/data/gtdbtk/classify/S1D10/bin.29,not_started
S1D10,bin.33,S1D10/bin.33,/home/ubuntu/projects/biodata/DNA-BERT/data/gtdbtk/align/S1D10/bin.33,/home/ubuntu/projects/biodata/DNA-BERT/data/gtdbtk/classify/S1D10/bin.33,not_started
S1D11,bin.1,S1D11/bin.1,/home/ubuntu/projects/biodata/DNA-BERT/data/gtdbtk/align/S1D11/bin.1,/home/ubuntu/projects/biodata/DNA-BERT/data/gtdbtk/classify/S1D11/bin.1,not_started
S1D11,bin.21,S1D11/bin.21,/home/ubuntu/projects/biodata/DNA-BERT/data/gtdbtk/align/S1D11/bin.21,/home/ubuntu/projects/biodata/DNA-BERT/data/gtdbtk/classify/S1D11/bin.21,not_started
S1D11,bin.30,S1D11/bin.30,/home/ubuntu/projects/biodata/DNA-BERT/data/gtdbtk/align/S1D11/bin.30,/home/ubuntu/projects/biodata/DNA-BERT/data/gtdbtk/classify/S1D11/bin.30,not_started
S1D11,bin.31,S1D11/bin.31,/home/ubuntu/projects/biodata/DNA-BERT/data/gtdbtk/align/S1D11/bin.31,/home/ubuntu/projects/biodata/DNA-BERT/data/gtdbtk/classify/S1D11/bin.31,not_started
S1D11,bin.36,S1D11/bin.36,/home/ubuntu/projects/biodata/DNA-BERT/data/gtdbtk/align/S1D11/bin.36,/home/ubuntu/projects/biodata/DNA-BERT/data/gtdbtk/classify/S1D11/bin.36,not_started
S1D11,bin.40,S1D11/bin.40,/home/ubuntu/projects/biodata/DNA-BERT/data/gtdbtk/align/S1D11/bin.40,/home/ubuntu/projects/biodata/DNA-BERT/data/gtdbtk/classify/S1D11/bin.40,not_started
S1D12,bin.14,S1D12/bin.14,/home/ubuntu/projects/biodata/DNA-BERT/data/gtdbtk/align/S1D12/bin.14,/home/ubuntu/projects/biodata/DNA-BERT/data/gtdbtk/classify/S1D12/bin.14,not_started
S1D12,bin.20,S1D12/bin.20,/home/ubuntu/projects/biodata/DNA-BERT/data/gtdbtk/align/S1D12/bin.20,/home/ubuntu/projects/biodata/DNA-BERT/data/gtdbtk/classify/S1D12/bin.20,not_started
S1D12,bin.28,S1D12/bin.28,/home/ubuntu/projects/biodata/DNA-BERT/data/gtdbtk/align/S1D12/bin.28,/home/ubuntu/projects/biodata/DNA-BERT/data/gtdbtk/classify/S1D12/bin.28,not_started
S1D2,bin.10,S1D2/bin.10,/home/ubuntu/projects/biodata/DNA-BERT/data/gtdbtk/align/S1D2/bin.10,/home/ubuntu/projects/biodata/DNA-BERT/data/gtdbtk/classify/S1D2/bin.10,not_started
S1D2,bin.12,S1D2/bin.12,/home/ubuntu/projects/biodata/DNA-BERT/data/gtdbtk/align/S1D2/bin.12,/home/ubuntu/projects/biodata/DNA-BERT/data/gtdbtk/classify/S1D2/bin.12,not_started
S1D2,bin.16,S1D2/bin.16,/home/ubuntu/projects/biodata/DNA-BERT/data/gtdbtk/align/S1D2/bin.16,/home/ubuntu/projects/biodata/DNA-BERT/data/gtdbtk/classify/S1D2/bin.16,not_started
S1D2,bin.23,S1D2/bin.23,/home/ubuntu/projects/biodata/DNA-BERT/data/gtdbtk/align/S1D2/bin.23,/home/ubuntu/projects/biodata/DNA-BERT/data/gtdbtk/classify/S1D2/bin.23,not_started
S1D2,bin.28,S1D2/bin.28,/home/ubuntu/projects/biodata/DNA-BERT/data/gtdbtk/align/S1D2/bin.28,/home/ubuntu/projects/biodata/DNA-BERT/data/gtdbtk/classify/S1D2/bin.28,not_started
S1D2,bin.40,S1D2/bin.40,/home/ubuntu/projects/biodata/DNA-BERT/data/gtdbtk/align/S1D2/bin.40,/home/ubuntu/projects/biodata/DNA-BERT/data/gtdbtk/classify/S1D2/bin.40,not_started
S1D2,bin.49,S1D2/bin.49,/home/ubuntu/projects/biodata/DNA-BERT/data/gtdbtk/align/S1D2/bin.49,/home/ubuntu/projects/biodata/DNA-BERT/data/gtdbtk/classify/S1D2/bin.49,not_started
S1D2,bin.5,S1D2/bin.5,/home/ubuntu/projects/biodata/DNA-BERT/data/gtdbtk/align/S1D2/bin.5,/home/ubuntu/projects/biodata/DNA-BERT/data/gtdbtk/classify/S1D2/bin.5,not_started
S1D2,bin.51,S1D2/bin.51,/home/ubuntu/projects/biodata/DNA-BERT/data/gtdbtk/align/S1D2/bin.51,/home/ubuntu/projects/biodata/DNA-BERT/data/gtdbtk/classify/S1D2/bin.51,not_started
S1D2,bin.56,S1D2/bin.56,/home/ubuntu/projects/biodata/DNA-BERT/data/gtdbtk/align/S1D2/bin.56,/home/ubuntu/projects/biodata/DNA-BERT/data/gtdbtk/classify/S1D2/bin.56,not_started
S1D2,bin.58,S1D2/bin.58,/home/ubuntu/projects/biodata/DNA-BERT/data/gtdbtk/align/S1D2/bin.58,/home/ubuntu/projects/biodata/DNA-BERT/data/gtdbtk/classify/S1D2/bin.58,not_started
S1D3,bin.14,S1D3/bin.14,/home/ubuntu/projects/biodata/DNA-BERT/data/gtdbtk/align/S1D3/bin.14,/home/ubuntu/projects/biodata/DNA-BERT/data/gtdbtk/classify/S1D3/bin.14,not_started
S1D3,bin.16,S1D3/bin.16,/home/ubuntu/projects/biodata/DNA-BERT/data/gtdbtk/align/S1D3/bin.16,/home/ubuntu/projects/biodata/DNA-BERT/data/gtdbtk/classify/S1D3/bin.16,not_started
S1D3,bin.18,S1D3/bin.18,/home/ubuntu/projects/biodata/DNA-BERT/data/gtdbtk/align/S1D3/bin.18,/home/ubuntu/projects/biodata/DNA-BERT/data/gtdbtk/classify/S1D3/bin.18,not_started
S1D3,bin.22,S1D3/bin.22,/home/ubuntu/projects/biodata/DNA-BERT/data/gtdbtk/align/S1D3/bin.22,/home/ubuntu/projects/biodata/DNA-BERT/data/gtdbtk/classify/S1D3/bin.22,not_started
S1D3,bin.23,S1D3/bin.23,/home/ubuntu/projects/biodata/DNA-BERT/data/gtdbtk/align/S1D3/bin.23,/home/ubuntu/projects/biodata/DNA-BERT/data/gtdbtk/classify/S1D3/bin.23,not_started
S1D3,bin.35,S1D3/bin.35,/home/ubuntu/projects/biodata/DNA-BERT/data/gtdbtk/align/S1D3/bin.35,/home/ubuntu/projects/biodata/DNA-BERT/data/gtdbtk/classify/S1D3/bin.35,not_started
S1D3,bin.9,S1D3/bin.9,/home/ubuntu/projects/biodata/DNA-BERT/data/gtdbtk/align/S1D3/bin.9,/home/ubuntu/projects/biodata/DNA-BERT/data/gtdbtk/classify/S1D3/bin.9,not_started
S1D4,bin.17,S1D4/bin.17,/home/ubuntu/projects/biodata/DNA-BERT/data/gtdbtk/align/S1D4/bin.17,/home/ubuntu/projects/biodata/DNA-BERT/data/gtdbtk/classify/S1D4/bin.17,not_started
S1D4,bin.31,S1D4/bin.31,/home/ubuntu/projects/biodata/DNA-BERT/data/gtdbtk/align/S1D4/bin.31,/home/ubuntu/projects/biodata/DNA-BERT/data/gtdbtk/classify/S1D4/bin.31,not_started
S1D4,bin.34,S1D4/bin.34,/home/ubuntu/projects/biodata/DNA-BERT/data/gtdbtk/align/S1D4/bin.34,/home/ubuntu/projects/biodata/DNA-BERT/data/gtdbtk/classify/S1D4/bin.34,not_started
S1D5,bin.19,S1D5/bin.19,/home/ubuntu/projects/biodata/DNA-BERT/data/gtdbtk/align/S1D5/bin.19,/home/ubuntu/projects/biodata/DNA-BERT/data/gtdbtk/classify/S1D5/bin.19,not_started
S1D5,bin.36,S1D5/bin.36,/home/ubuntu/projects/biodata/DNA-BERT/data/gtdbtk/align/S1D5/bin.36,/home/ubuntu/projects/biodata/DNA-BERT/data/gtdbtk/classify/S1D5/bin.36,not_started
S1D6,bin.27,S1D6/bin.27,/home/ubuntu/projects/biodata/DNA-BERT/data/gtdbtk/align/S1D6/bin.27,/home/ubuntu/projects/biodata/DNA-BERT/data/gtdbtk/classify/S1D6/bin.27,not_started
S1D6,bin.29,S1D6/bin.29,/home/ubuntu/projects/biodata/DNA-BERT/data/gtdbtk/align/S1D6/bin.29,/home/ubuntu/projects/biodata/DNA-BERT/data/gtdbtk/classify/S1D6/bin.29,not_started
S1D6,bin.33,S1D6/bin.33,/home/ubuntu/projects/biodata/DNA-BERT/data/gtdbtk/align/S1D6/bin.33,/home/ubuntu/projects/biodata/DNA-BERT/data/gtdbtk/classify/S1D6/bin.33,not_started
S1D6,bin.38,S1D6/bin.38,/home/ubuntu/projects/biodata/DNA-BERT/data/gtdbtk/align/S1D6/bin.38,/home/ubuntu/projects/biodata/DNA-BERT/data/gtdbtk/classify/S1D6/bin.38,not_started
S1D6,bin.52,S1D6/bin.52,/home/ubuntu/projects/biodata/DNA-BERT/data/gtdbtk/align/S1D6/bin.52,/home/ubuntu/projects/biodata/DNA-BERT/data/gtdbtk/classify/S1D6/bin.52,not_started
S1D6,bin.62,S1D6/bin.62,/home/ubuntu/projects/biodata/DNA-BERT/data/gtdbtk/align/S1D6/bin.62,/home/ubuntu/projects/biodata/DNA-BERT/data/gtdbtk/classify/S1D6/bin.62,not_started
S1D7,bin.13,S1D7/bin.13,/home/ubuntu/projects/biodata/DNA-BERT/data/gtdbtk/align/S1D7/bin.13,/home/ubuntu/projects/biodata/DNA-BERT/data/gtdbtk/classify/S1D7/bin.13,not_started
S1D7,bin.19,S1D7/bin.19,/home/ubuntu/projects/biodata/DNA-BERT/data/gtdbtk/align/S1D7/bin.19,/home/ubuntu/projects/biodata/DNA-BERT/data/gtdbtk/classify/S1D7/bin.19,not_started
S1D7,bin.22,S1D7/bin.22,/home/ubuntu/projects/biodata/DNA-BERT/data/gtdbtk/align/S1D7/bin.22,/home/ubuntu/projects/biodata/DNA-BERT/data/gtdbtk/classify/S1D7/bin.22,not_started
S1D7,bin.29,S1D7/bin.29,/home/ubuntu/projects/biodata/DNA-BERT/data/gtdbtk/align/S1D7/bin.29,/home/ubuntu/projects/biodata/DNA-BERT/data/gtdbtk/classify/S1D7/bin.29,not_started
S1D7,bin.4,S1D7/bin.4,/home/ubuntu/projects/biodata/DNA-BERT/data/gtdbtk/align/S1D7/bin.4,/home/ubuntu/projects/biodata/DNA-BERT/data/gtdbtk/classify/S1D7/bin.4,not_started
S1D7,bin.42,S1D7/bin.42,/home/ubuntu/projects/biodata/DNA-BERT/data/gtdbtk/align/S1D7/bin.42,/home/ubuntu/projects/biodata/DNA-BERT/data/gtdbtk/classify/S1D7/bin.42,not_started
S1D8,bin.20,S1D8/bin.20,/home/ubuntu/projects/biodata/DNA-BERT/data/gtdbtk/align/S1D8/bin.20,/home/ubuntu/projects/biodata/DNA-BERT/data/gtdbtk/classify/S1D8/bin.20,not_started
S1D8,bin.21,S1D8/bin.21,/home/ubuntu/projects/biodata/DNA-BERT/data/gtdbtk/align/S1D8/bin.21,/home/ubuntu/projects/biodata/DNA-BERT/data/gtdbtk/classify/S1D8/bin.21,not_started
S1D8,bin.27,S1D8/bin.27,/home/ubuntu/projects/biodata/DNA-BERT/data/gtdbtk/align/S1D8/bin.27,/home/ubuntu/projects/biodata/DNA-BERT/data/gtdbtk/classify/S1D8/bin.27,not_started
S1D8,bin.28,S1D8/bin.28,/home/ubuntu/projects/biodata/DNA-BERT/data/gtdbtk/align/S1D8/bin.28,/home/ubuntu/projects/biodata/DNA-BERT/data/gtdbtk/classify/S1D8/bin.28,not_started
S1D8,bin.5,S1D8/bin.5,/home/ubuntu/projects/biodata/DNA-BERT/data/gtdbtk/align/S1D8/bin.5,/home/ubuntu/projects/biodata/DNA-BERT/data/gtdbtk/classify/S1D8/bin.5,not_started
S1D9,bin.24,S1D9/bin.24,/home/ubuntu/projects/biodata/DNA-BERT/data/gtdbtk/align/S1D9/bin.24,/home/ubuntu/projects/biodata/DNA-BERT/data/gtdbtk/classify/S1D9/bin.24,not_started
S1D9,bin.35,S1D9/bin.35,/home/ubuntu/projects/biodata/DNA-BERT/data/gtdbtk/align/S1D9/bin.35,/home/ubuntu/projects/biodata/DNA-BERT/data/gtdbtk/classify/S1D9/bin.35,not_started
S1E10,bin.12,S1E10/bin.12,/home/ubuntu/projects/biodata/DNA-BERT/data/gtdbtk/align/S1E10/bin.12,/home/ubuntu/projects/biodata/DNA-BERT/data/gtdbtk/classify/S1E10/bin.12,not_started
S1E11,bin.1,S1E11/bin.1,/home/ubuntu/projects/biodata/DNA-BERT/data/gtdbtk/align/S1E11/bin.1,/home/ubuntu/projects/biodata/DNA-BERT/data/gtdbtk/classify/S1E11/bin.1,not_started
S1E11,bin.3,S1E11/bin.3,/home/ubuntu/projects/biodata/DNA-BERT/data/gtdbtk/align/S1E11/bin.3,/home/ubuntu/projects/biodata/DNA-BERT/data/gtdbtk/classify/S1E11/bin.3,not_started
S1E12,bin.11,S1E12/bin.11,/home/ubuntu/projects/biodata/DNA-BERT/data/gtdbtk/align/S1E12/bin.11,/home/ubuntu/projects/biodata/DNA-BERT/data/gtdbtk/classify/S1E12/bin.11,not_started
S1E12,bin.6,S1E12/bin.6,/home/ubuntu/projects/biodata/DNA-BERT/data/gtdbtk/align/S1E12/bin.6,/home/ubuntu/projects/biodata/DNA-BERT/data/gtdbtk/classify/S1E12/bin.6,not_started
S1E2,bin.8,S1E2/bin.8,/home/ubuntu/projects/biodata/DNA-BERT/data/gtdbtk/align/S1E2/bin.8,/home/ubuntu/projects/biodata/DNA-BERT/data/gtdbtk/classify/S1E2/bin.8,not_started
S1E2,bin.9,S1E2/bin.9,/home/ubuntu/projects/biodata/DNA-BERT/data/gtdbtk/align/S1E2/bin.9,/home/ubuntu/projects/biodata/DNA-BERT/data/gtdbtk/classify/S1E2/bin.9,not_started
S1E3,bin.14,S1E3/bin.14,/home/ubuntu/projects/biodata/DNA-BERT/data/gtdbtk/align/S1E3/bin.14,/home/ubuntu/projects/biodata/DNA-BERT/data/gtdbtk/classify/S1E3/bin.14,not_started
S1E4,bin.12,S1E4/bin.12,/home/ubuntu/projects/biodata/DNA-BERT/data/gtdbtk/align/S1E4/bin.12,/home/ubuntu/projects/biodata/DNA-BERT/data/gtdbtk/classify/S1E4/bin.12,not_started
S1E5,bin.7,S1E5/bin.7,/home/ubuntu/projects/biodata/DNA-BERT/data/gtdbtk/align/S1E5/bin.7,/home/ubuntu/projects/biodata/DNA-BERT/data/gtdbtk/classify/S1E5/bin.7,not_started
S1E6,bin.14,S1E6/bin.14,/home/ubuntu/projects/biodata/DNA-BERT/data/gtdbtk/align/S1E6/bin.14,/home/ubuntu/projects/biodata/DNA-BERT/data/gtdbtk/classify/S1E6/bin.14,not_started
S1E6,bin.2,S1E6/bin.2,/home/ubuntu/projects/biodata/DNA-BERT/data/gtdbtk/align/S1E6/bin.2,/home/ubuntu/projects/biodata/DNA-BERT/data/gtdbtk/classify/S1E6/bin.2,not_started
S1E6,bin.5,S1E6/bin.5,/home/ubuntu/projects/biodata/DNA-BERT/data/gtdbtk/align/S1E6/bin.5,/home/ubuntu/projects/biodata/DNA-BERT/data/gtdbtk/classify/S1E6/bin.5,not_started
S1E6,bin.9,S1E6/bin.9,/home/ubuntu/projects/biodata/DNA-BERT/data/gtdbtk/align/S1E6/bin.9,/home/ubuntu/projects/biodata/DNA-BERT/data/gtdbtk/classify/S1E6/bin.9,not_started
S1E8,bin.14,S1E8/bin.14,/home/ubuntu/projects/biodata/DNA-BERT/data/gtdbtk/align/S1E8/bin.14,/home/ubuntu/projects/biodata/DNA-BERT/data/gtdbtk/classify/S1E8/bin.14,not_started
S1E8,bin.8,S1E8/bin.8,/home/ubuntu/projects/biodata/DNA-BERT/data/gtdbtk/align/S1E8/bin.8,/home/ubuntu/projects/biodata/DNA-BERT/data/gtdbtk/classify/S1E8/bin.8,not_started
S1F10,bin.1,S1F10/bin.1,/home/ubuntu/projects/biodata/DNA-BERT/data/gtdbtk/align/S1F10/bin.1,/home/ubuntu/projects/biodata/DNA-BERT/data/gtdbtk/classify/S1F10/bin.1,not_started
S1F10,bin.18,S1F10/bin.18,/home/ubuntu/projects/biodata/DNA-BERT/data/gtdbtk/align/S1F10/bin.18,/home/ubuntu/projects/biodata/DNA-BERT/data/gtdbtk/classify/S1F10/bin.18,not_started
S1F10,bin.9,S1F10/bin.9,/home/ubuntu/projects/biodata/DNA-BERT/data/gtdbtk/align/S1F10/bin.9,/home/ubuntu/projects/biodata/DNA-BERT/data/gtdbtk/classify/S1F10/bin.9,not_started
S1F11,bin.17,S1F11/bin.17,/home/ubuntu/projects/biodata/DNA-BERT/data/gtdbtk/align/S1F11/bin.17,/home/ubuntu/projects/biodata/DNA-BERT/data/gtdbtk/classify/S1F11/bin.17,not_started
S1F11,bin.30,S1F11/bin.30,/home/ubuntu/projects/biodata/DNA-BERT/data/gtdbtk/align/S1F11/bin.30,/home/ubuntu/projects/biodata/DNA-BERT/data/gtdbtk/classify/S1F11/bin.30,not_started
S1F12,bin.14,S1F12/bin.14,/home/ubuntu/projects/biodata/DNA-BERT/data/gtdbtk/align/S1F12/bin.14,/home/ubuntu/projects/biodata/DNA-BERT/data/gtdbtk/classify/S1F12/bin.14,not_started
S1F12,bin.29,S1F12/bin.29,/home/ubuntu/projects/biodata/DNA-BERT/data/gtdbtk/align/S1F12/bin.29,/home/ubuntu/projects/biodata/DNA-BERT/data/gtdbtk/classify/S1F12/bin.29,not_started
S1F3,bin.2,S1F3/bin.2,/home/ubuntu/projects/biodata/DNA-BERT/data/gtdbtk/align/S1F3/bin.2,/home/ubuntu/projects/biodata/DNA-BERT/data/gtdbtk/classify/S1F3/bin.2,not_started
S1F3,bin.9,S1F3/bin.9,/home/ubuntu/projects/biodata/DNA-BERT/data/gtdbtk/align/S1F3/bin.9,/home/ubuntu/projects/biodata/DNA-BERT/data/gtdbtk/classify/S1F3/bin.9,not_started
S1F4,bin.14,S1F4/bin.14,/home/ubuntu/projects/biodata/DNA-BERT/data/gtdbtk/align/S1F4/bin.14,/home/ubuntu/projects/biodata/DNA-BERT/data/gtdbtk/classify/S1F4/bin.14,not_started
S1F4,bin.15,S1F4/bin.15,/home/ubuntu/projects/biodata/DNA-BERT/data/gtdbtk/align/S1F4/bin.15,/home/ubuntu/projects/biodata/DNA-BERT/data/gtdbtk/classify/S1F4/bin.15,not_started
S1F4,bin.6,S1F4/bin.6,/home/ubuntu/projects/biodata/DNA-BERT/data/gtdbtk/align/S1F4/bin.6,/home/ubuntu/projects/biodata/DNA-BERT/data/gtdbtk/classify/S1F4/bin.6,not_started
S1F4,bin.7,S1F4/bin.7,/home/ubuntu/projects/biodata/DNA-BERT/data/gtdbtk/align/S1F4/bin.7,/home/ubuntu/projects/biodata/DNA-BERT/data/gtdbtk/classify/S1F4/bin.7,not_started
S1F5,bin.20,S1F5/bin.20,/home/ubuntu/projects/biodata/DNA-BERT/data/gtdbtk/align/S1F5/bin.20,/home/ubuntu/projects/biodata/DNA-BERT/data/gtdbtk/classify/S1F5/bin.20,not_started
S1F6,bin.6,S1F6/bin.6,/home/ubuntu/projects/biodata/DNA-BERT/data/gtdbtk/align/S1F6/bin.6,/home/ubuntu/projects/biodata/DNA-BERT/data/gtdbtk/classify/S1F6/bin.6,not_started
S1F7,bin.18,S1F7/bin.18,/home/ubuntu/projects/biodata/DNA-BERT/data/gtdbtk/align/S1F7/bin.18,/home/ubuntu/projects/biodata/DNA-BERT/data/gtdbtk/classify/S1F7/bin.18,not_started
S1F7,bin.2,S1F7/bin.2,/home/ubuntu/projects/biodata/DNA-BERT/data/gtdbtk/align/S1F7/bin.2,/home/ubuntu/projects/biodata/DNA-BERT/data/gtdbtk/classify/S1F7/bin.2,not_started
S1F7,bin.23,S1F7/bin.23,/home/ubuntu/projects/biodata/DNA-BERT/data/gtdbtk/align/S1F7/bin.23,/home/ubuntu/projects/biodata/DNA-BERT/data/gtdbtk/classify/S1F7/bin.23,not_started
S1F7,bin.25,S1F7/bin.25,/home/ubuntu/projects/biodata/DNA-BERT/data/gtdbtk/align/S1F7/bin.25,/home/ubuntu/projects/biodata/DNA-BERT/data/gtdbtk/classify/S1F7/bin.25,not_started
S1F7,bin.40,S1F7/bin.40,/home/ubuntu/projects/biodata/DNA-BERT/data/gtdbtk/align/S1F7/bin.40,/home/ubuntu/projects/biodata/DNA-BERT/data/gtdbtk/classify/S1F7/bin.40,not_started
S1F8,bin.17,S1F8/bin.17,/home/ubuntu/projects/biodata/DNA-BERT/data/gtdbtk/align/S1F8/bin.17,/home/ubuntu/projects/biodata/DNA-BERT/data/gtdbtk/classify/S1F8/bin.17,not_started
S1F9,bin.16,S1F9/bin.16,/home/ubuntu/projects/biodata/DNA-BERT/data/gtdbtk/align/S1F9/bin.16,/home/ubuntu/projects/biodata/DNA-BERT/data/gtdbtk/classify/S1F9/bin.16,not_started
S1G1,bin.11,S1G1/bin.11,/home/ubuntu/projects/biodata/DNA-BERT/data/gtdbtk/align/S1G1/bin.11,/home/ubuntu/projects/biodata/DNA-BERT/data/gtdbtk/classify/S1G1/bin.11,not_started
S1G1,bin.15,S1G1/bin.15,/home/ubuntu/projects/biodata/DNA-BERT/data/gtdbtk/align/S1G1/bin.15,/home/ubuntu/projects/biodata/DNA-BERT/data/gtdbtk/classify/S1G1/bin.15,not_started
S1G1,bin.17,S1G1/bin.17,/home/ubuntu/projects/biodata/DNA-BERT/data/gtdbtk/align/S1G1/bin.17,/home/ubuntu/projects/biodata/DNA-BERT/data/gtdbtk/classify/S1G1/bin.17,not_started
S1G10,bin.25,S1G10/bin.25,/home/ubuntu/projects/biodata/DNA-BERT/data/gtdbtk/align/S1G10/bin.25,/home/ubuntu/projects/biodata/DNA-BERT/data/gtdbtk/classify/S1G10/bin.25,not_started
S1G10,bin.7,S1G10/bin.7,/home/ubuntu/projects/biodata/DNA-BERT/data/gtdbtk/align/S1G10/bin.7,/home/ubuntu/projects/biodata/DNA-BERT/data/gtdbtk/classify/S1G10/bin.7,not_started
S1G11,bin.10,S1G11/bin.10,/home/ubuntu/projects/biodata/DNA-BERT/data/gtdbtk/align/S1G11/bin.10,/home/ubuntu/projects/biodata/DNA-BERT/data/gtdbtk/classify/S1G11/bin.10,not_started
S1G11,bin.22,S1G11/bin.22,/home/ubuntu/projects/biodata/DNA-BERT/data/gtdbtk/align/S1G11/bin.22,/home/ubuntu/projects/biodata/DNA-BERT/data/gtdbtk/classify/S1G11/bin.22,not_started
S1G11,bin.6,S1G11/bin.6,/home/ubuntu/projects/biodata/DNA-BERT/data/gtdbtk/align/S1G11/bin.6,/home/ubuntu/projects/biodata/DNA-BERT/data/gtdbtk/classify/S1G11/bin.6,not_started
S1G12,bin.10,S1G12/bin.10,/home/ubuntu/projects/biodata/DNA-BERT/data/gtdbtk/align/S1G12/bin.10,/home/ubuntu/projects/biodata/DNA-BERT/data/gtdbtk/classify/S1G12/bin.10,not_started
S1G12,bin.8,S1G12/bin.8,/home/ubuntu/projects/biodata/DNA-BERT/data/gtdbtk/align/S1G12/bin.8,/home/ubuntu/projects/biodata/DNA-BERT/data/gtdbtk/classify/S1G12/bin.8,not_started
S1G2,bin.13,S1G2/bin.13,/home/ubuntu/projects/biodata/DNA-BERT/data/gtdbtk/align/S1G2/bin.13,/home/ubuntu/projects/biodata/DNA-BERT/data/gtdbtk/classify/S1G2/bin.13,not_started
S1G2,bin.20,S1G2/bin.20,/home/ubuntu/projects/biodata/DNA-BERT/data/gtdbtk/align/S1G2/bin.20,/home/ubuntu/projects/biodata/DNA-BERT/data/gtdbtk/classify/S1G2/bin.20,not_started
S1G3,bin.24,S1G3/bin.24,/home/ubuntu/projects/biodata/DNA-BERT/data/gtdbtk/align/S1G3/bin.24,/home/ubuntu/projects/biodata/DNA-BERT/data/gtdbtk/classify/S1G3/bin.24,not_started
S1G3,bin.4,S1G3/bin.4,/home/ubuntu/projects/biodata/DNA-BERT/data/gtdbtk/align/S1G3/bin.4,/home/ubuntu/projects/biodata/DNA-BERT/data/gtdbtk/classify/S1G3/bin.4,not_started
S1G4,bin.9,S1G4/bin.9,/home/ubuntu/projects/biodata/DNA-BERT/data/gtdbtk/align/S1G4/bin.9,/home/ubuntu/projects/biodata/DNA-BERT/data/gtdbtk/classify/S1G4/bin.9,not_started
S1G5,bin.13,S1G5/bin.13,/home/ubuntu/projects/biodata/DNA-BERT/data/gtdbtk/align/S1G5/bin.13,/home/ubuntu/projects/biodata/DNA-BERT/data/gtdbtk/classify/S1G5/bin.13,not_started
S1G5,bin.31,S1G5/bin.31,/home/ubuntu/projects/biodata/DNA-BERT/data/gtdbtk/align/S1G5/bin.31,/home/ubuntu/projects/biodata/DNA-BERT/data/gtdbtk/classify/S1G5/bin.31,not_started
S1G6,bin.13,S1G6/bin.13,/home/ubuntu/projects/biodata/DNA-BERT/data/gtdbtk/align/S1G6/bin.13,/home/ubuntu/projects/biodata/DNA-BERT/data/gtdbtk/classify/S1G6/bin.13,not_started
S1G6,bin.7,S1G6/bin.7,/home/ubuntu/projects/biodata/DNA-BERT/data/gtdbtk/align/S1G6/bin.7,/home/ubuntu/projects/biodata/DNA-BERT/data/gtdbtk/classify/S1G6/bin.7,not_started
S1G7,bin.13,S1G7/bin.13,/home/ubuntu/projects/biodata/DNA-BERT/data/gtdbtk/align/S1G7/bin.13,/home/ubuntu/projects/biodata/DNA-BERT/data/gtdbtk/classify/S1G7/bin.13,not_started
S1G7,bin.14,S1G7/bin.14,/home/ubuntu/projects/biodata/DNA-BERT/data/gtdbtk/align/S1G7/bin.14,/home/ubuntu/projects/biodata/DNA-BERT/data/gtdbtk/classify/S1G7/bin.14,not_started
S1G7,bin.16,S1G7/bin.16,/home/ubuntu/projects/biodata/DNA-BERT/data/gtdbtk/align/S1G7/bin.16,/home/ubuntu/projects/biodata/DNA-BERT/data/gtdbtk/classify/S1G7/bin.16,not_started
S1G7,bin.19,S1G7/bin.19,/home/ubuntu/projects/biodata/DNA-BERT/data/gtdbtk/align/S1G7/bin.19,/home/ubuntu/projects/biodata/DNA-BERT/data/gtdbtk/classify/S1G7/bin.19,not_started
S1G7,bin.26,S1G7/bin.26,/home/ubuntu/projects/biodata/DNA-BERT/data/gtdbtk/align/S1G7/bin.26,/home/ubuntu/projects/biodata/DNA-BERT/data/gtdbtk/classify/S1G7/bin.26,not_started
S1G7,bin.6,S1G7/bin.6,/home/ubuntu/projects/biodata/DNA-BERT/data/gtdbtk/align/S1G7/bin.6,/home/ubuntu/projects/biodata/DNA-BERT/data/gtdbtk/classify/S1G7/bin.6,not_started
S1G7,bin.8,S1G7/bin.8,/home/ubuntu/projects/biodata/DNA-BERT/data/gtdbtk/align/S1G7/bin.8,/home/ubuntu/projects/biodata/DNA-BERT/data/gtdbtk/classify/S1G7/bin.8,not_started
S1G8,bin.15,S1G8/bin.15,/home/ubuntu/projects/biodata/DNA-BERT/data/gtdbtk/align/S1G8/bin.15,/home/ubuntu/projects/biodata/DNA-BERT/data/gtdbtk/classify/S1G8/bin.15,not_started
S1G8,bin.4,S1G8/bin.4,/home/ubuntu/projects/biodata/DNA-BERT/data/gtdbtk/align/S1G8/bin.4,/home/ubuntu/projects/biodata/DNA-BERT/data/gtdbtk/classify/S1G8/bin.4,not_started
S1G8,bin.6,S1G8/bin.6,/home/ubuntu/projects/biodata/DNA-BERT/data/gtdbtk/align/S1G8/bin.6,/home/ubuntu/projects/biodata/DNA-BERT/data/gtdbtk/classify/S1G8/bin.6,not_started
S1G9,bin.3,S1G9/bin.3,/home/ubuntu/projects/biodata/DNA-BERT/data/gtdbtk/align/S1G9/bin.3,/home/ubuntu/projects/biodata/DNA-BERT/data/gtdbtk/classify/S1G9/bin.3,not_started
S1H1,bin.4,S1H1/bin.4,/home/ubuntu/projects/biodata/DNA-BERT/data/gtdbtk/align/S1H1/bin.4,/home/ubuntu/projects/biodata/DNA-BERT/data/gtdbtk/classify/S1H1/bin.4,not_started
S1H10,bin.17,S1H10/bin.17,/home/ubuntu/projects/biodata/DNA-BERT/data/gtdbtk/align/S1H10/bin.17,/home/ubuntu/projects/biodata/DNA-BERT/data/gtdbtk/classify/S1H10/bin.17,not_started
S1H10,bin.2,S1H10/bin.2,/home/ubuntu/projects/biodata/DNA-BERT/data/gtdbtk/align/S1H10/bin.2,/home/ubuntu/projects/biodata/DNA-BERT/data/gtdbtk/classify/S1H10/bin.2,not_started
S1H10,bin.21,S1H10/bin.21,/home/ubuntu/projects/biodata/DNA-BERT/data/gtdbtk/align/S1H10/bin.21,/home/ubuntu/projects/biodata/DNA-BERT/data/gtdbtk/classify/S1H10/bin.21,not_started
S1H10,bin.37,S1H10/bin.37,/home/ubuntu/projects/biodata/DNA-BERT/data/gtdbtk/align/S1H10/bin.37,/home/ubuntu/projects/biodata/DNA-BERT/data/gtdbtk/classify/S1H10/bin.37,not_started
S1H10,bin.7,S1H10/bin.7,/home/ubuntu/projects/biodata/DNA-BERT/data/gtdbtk/align/S1H10/bin.7,/home/ubuntu/projects/biodata/DNA-BERT/data/gtdbtk/classify/S1H10/bin.7,not_started
S1H11,bin.19,S1H11/bin.19,/home/ubuntu/projects/biodata/DNA-BERT/data/gtdbtk/align/S1H11/bin.19,/home/ubuntu/projects/biodata/DNA-BERT/data/gtdbtk/classify/S1H11/bin.19,not_started
S1H11,bin.2,S1H11/bin.2,/home/ubuntu/projects/biodata/DNA-BERT/data/gtdbtk/align/S1H11/bin.2,/home/ubuntu/projects/biodata/DNA-BERT/data/gtdbtk/classify/S1H11/bin.2,not_started
S1H11,bin.20,S1H11/bin.20,/home/ubuntu/projects/biodata/DNA-BERT/data/gtdbtk/align/S1H11/bin.20,/home/ubuntu/projects/biodata/DNA-BERT/data/gtdbtk/classify/S1H11/bin.20,not_started
S1H12,bin.12,S1H12/bin.12,/home/ubuntu/projects/biodata/DNA-BERT/data/gtdbtk/align/S1H12/bin.12,/home/ubuntu/projects/biodata/DNA-BERT/data/gtdbtk/classify/S1H12/bin.12,not_started
S1H12,bin.14,S1H12/bin.14,/home/ubuntu/projects/biodata/DNA-BERT/data/gtdbtk/align/S1H12/bin.14,/home/ubuntu/projects/biodata/DNA-BERT/data/gtdbtk/classify/S1H12/bin.14,not_started
S1H12,bin.24,S1H12/bin.24,/home/ubuntu/projects/biodata/DNA-BERT/data/gtdbtk/align/S1H12/bin.24,/home/ubuntu/projects/biodata/DNA-BERT/data/gtdbtk/classify/S1H12/bin.24,not_started
S1H2,bin.2,S1H2/bin.2,/home/ubuntu/projects/biodata/DNA-BERT/data/gtdbtk/align/S1H2/bin.2,/home/ubuntu/projects/biodata/DNA-BERT/data/gtdbtk/classify/S1H2/bin.2,not_started
S1H3,bin.15,S1H3/bin.15,/home/ubuntu/projects/biodata/DNA-BERT/data/gtdbtk/align/S1H3/bin.15,/home/ubuntu/projects/biodata/DNA-BERT/data/gtdbtk/classify/S1H3/bin.15,not_started
S1H4,bin.12,S1H4/bin.12,/home/ubuntu/projects/biodata/DNA-BERT/data/gtdbtk/align/S1H4/bin.12,/home/ubuntu/projects/biodata/DNA-BERT/data/gtdbtk/classify/S1H4/bin.12,not_started
S1H4,bin.19,S1H4/bin.19,/home/ubuntu/projects/biodata/DNA-BERT/data/gtdbtk/align/S1H4/bin.19,/home/ubuntu/projects/biodata/DNA-BERT/data/gtdbtk/classify/S1H4/bin.19,not_started
S1H7,bin.1,S1H7/bin.1,/home/ubuntu/projects/biodata/DNA-BERT/data/gtdbtk/align/S1H7/bin.1,/home/ubuntu/projects/biodata/DNA-BERT/data/gtdbtk/classify/S1H7/bin.1,not_started
S1H7,bin.18,S1H7/bin.18,/home/ubuntu/projects/biodata/DNA-BERT/data/gtdbtk/align/S1H7/bin.18,/home/ubuntu/projects/biodata/DNA-BERT/data/gtdbtk/classify/S1H7/bin.18,not_started
S1H8,bin.13,S1H8/bin.13,/home/ubuntu/projects/biodata/DNA-BERT/data/gtdbtk/align/S1H8/bin.13,/home/ubuntu/projects/biodata/DNA-BERT/data/gtdbtk/classify/S1H8/bin.13,not_started
S2A1,bin.12,S2A1/bin.12,/home/ubuntu/projects/biodata/DNA-BERT/data/gtdbtk/align/S2A1/bin.12,/home/ubuntu/projects/biodata/DNA-BERT/data/gtdbtk/classify/S2A1/bin.12,not_started
S2A1,bin.16,S2A1/bin.16,/home/ubuntu/projects/biodata/DNA-BERT/data/gtdbtk/align/S2A1/bin.16,/home/ubuntu/projects/biodata/DNA-BERT/data/gtdbtk/classify/S2A1/bin.16,not_started
S2A2,bin.12,S2A2/bin.12,/home/ubuntu/projects/biodata/DNA-BERT/data/gtdbtk/align/S2A2/bin.12,/home/ubuntu/projects/biodata/DNA-BERT/data/gtdbtk/classify/S2A2/bin.12,not_started
S2A2,bin.13,S2A2/bin.13,/home/ubuntu/projects/biodata/DNA-BERT/data/gtdbtk/align/S2A2/bin.13,/home/ubuntu/projects/biodata/DNA-BERT/data/gtdbtk/classify/S2A2/bin.13,not_started
S2A2,bin.14,S2A2/bin.14,/home/ubuntu/projects/biodata/DNA-BERT/data/gtdbtk/align/S2A2/bin.14,/home/ubuntu/projects/biodata/DNA-BERT/data/gtdbtk/classify/S2A2/bin.14,not_started
S2A2,bin.19,S2A2/bin.19,/home/ubuntu/projects/biodata/DNA-BERT/data/gtdbtk/align/S2A2/bin.19,/home/ubuntu/projects/biodata/DNA-BERT/data/gtdbtk/classify/S2A2/bin.19,not_started
S2A2,bin.9,S2A2/bin.9,/home/ubuntu/projects/biodata/DNA-BERT/data/gtdbtk/align/S2A2/bin.9,/home/ubuntu/projects/biodata/DNA-BERT/data/gtdbtk/classify/S2A2/bin.9,not_started
