user_genome,classification,closest_genome_reference,closest_genome_reference_radius,closest_genome_taxonomy,closest_genome_ani,closest_genome_af,closest_placement_reference,closest_placement_radius,closest_placement_taxonomy,closest_placement_ani,closest_placement_af,pplacer_taxonomy,classification_method,note,"other_related_references(genome_id,species_name,radius,ANI,AF)",msa_percent,translation_table,red_value,warnings,wetland,bin
bin.13,d__Bacteria;p__Bacteroidota;c__Bacteroidia;o__Flavobacteriales;f__Flavobacteriaceae;g__Flavobacterium;s__Flavobacterium ammonificans,GCF_020886115.1,95.0,d__Bacteria;p__Bacteroidota;c__Bacteroidia;o__Flavobacteriales;f__Flavobacteriaceae;g__Flavobacterium;s__Flavobacterium ammonificans,97.12,0.812,,,,,,,ani_screen,classification based on ANI only,,93.13,11,,,S1A9,bin.13
bin.20,d__Bacteria;p__Pseudomonadota;c__Gammaproteobacteria;o__Pseudomonadales;f__Moraxellaceae;g__Acinetobacter;s__Acinetobacter bohemicus,GCF_000367925.1,95.0,d__Bacteria;p__Pseudomonadota;c__Gammaproteobacteria;o__Pseudomonadales;f__Moraxellaceae;g__Acinetobacter;s__Acinetobacter bohemicus,95.73,0.806,,,,,,,ani_screen,classification based on ANI only,"GCF_000367925.1, s__Acinetobacter bohemicus, 95.0, 95.73, 0.806; GCF_900107285.1, s__Acinetobacter kyonggiensis, 95.0, 93.38, 0.742; GCA_963812025.1, s__Acinetobacter sp963812025, 95.0, 92.53, 0.648; GCF_002135335.1, s__Acinetobacter sp002135335, 95.0, 90.89, 0.667",98.84,11,,,S1A9,bin.20
bin.8,d__Bacteria;p__Bacteroidota;c__Bacteroidia;o__Chitinophagales;f__Chitinophagaceae;g__Sediminibacterium;s__Sediminibacterium sp030158665,GCA_030158665.1,95.0,d__Bacteria;p__Bacteroidota;c__Bacteroidia;o__Chitinophagales;f__Chitinophagaceae;g__Sediminibacterium;s__Sediminibacterium sp030158665,97.88,0.771,,,,,,,ani_screen,classification based on ANI only,,86.41,11,,,S1G5,bin.8
bin.10,d__Bacteria;p__Actinomycetota;c__Actinomycetes;o__Nanopelagicales;f__Nanopelagicaceae;g__Planktophila;s__Planktophila sp937975715,GCA_937975715.1,95.0,d__Bacteria;p__Actinomycetota;c__Actinomycetes;o__Nanopelagicales;f__Nanopelagicaceae;g__Planktophila;s__Planktophila sp937975715,97.99,0.874,,,,,,,ani_screen,classification based on ANI only,,70.6,11,,,S1G5,bin.10
bin.22,d__Bacteria;p__Pseudomonadota;c__Gammaproteobacteria;o__Burkholderiales;f__Burkholderiaceae_C;g__Malikia;s__Malikia spinosa,GCF_002980625.1,95.0,d__Bacteria;p__Pseudomonadota;c__Gammaproteobacteria;o__Burkholderiales;f__Burkholderiaceae_C;g__Malikia;s__Malikia spinosa,96.73,0.872,,,,,,,ani_screen,classification based on ANI only,"GCF_002980625.1, s__Malikia spinosa, 95.0, 96.73, 0.872; GCA_026400105.1, s__Malikia sp026400105, 95.0, 95.21, 0.763; GCF_002980595.1, s__Malikia granosa, 95.0, 92.4, 0.716",69.44,11,,,S1G5,bin.22
bin.26,d__Bacteria;p__Actinomycetota;c__Actinomycetes;o__S36-B12;f__S36-B12;g__UBA11398;s__UBA11398 sp028687755,GCA_028687755.1,95.0,d__Bacteria;p__Actinomycetota;c__Actinomycetes;o__S36-B12;f__S36-B12;g__UBA11398;s__UBA11398 sp028687755,98.81,0.922,,,,,,,ani_screen,classification based on ANI only,,93.35,11,,,S1G5,bin.26
bin.27,d__Bacteria;p__Pseudomonadota;c__Alphaproteobacteria;o__Sphingomonadales;f__Sphingomonadaceae;g__Sphingorhabdus_B;s__,,,,,,,,,,,d__Bacteria;p__Pseudomonadota;c__Alphaproteobacteria;o__Sphingomonadales;f__Sphingomonadaceae;g__Sphingorhabdus_B;s__,taxonomic classification fully defined by topology,classification based on placement in class-level tree,,67.96,11,0.99882,,S1G5,bin.27
bin.2,d__Bacteria;p__Bacteroidota;c__Bacteroidia;o__Chitinophagales;f__Chitinophagaceae;g__Sediminibacterium;s__Sediminibacterium sp030158535,GCA_030158535.1,95.0,d__Bacteria;p__Bacteroidota;c__Bacteroidia;o__Chitinophagales;f__Chitinophagaceae;g__Sediminibacterium;s__Sediminibacterium sp030158535,97.77,0.887,,,,,,,ani_screen,classification based on ANI only,"GCA_030158535.1, s__Sediminibacterium sp030158535, 95.0, 97.77, 0.887; GCA_017987615.1, s__Sediminibacterium sp017987615, 95.0, 94.72, 0.88; GCA_945873615.1, s__Sediminibacterium ginsengisoli_E, 95.04, 93.84, 0.887; GCA_037975885.1, s__Sediminibacterium sp037975885, 95.0, 93.84, 0.85; GCA_903958045.1, s__Sediminibacterium sp903958045, 95.0, 91.59, 0.76; GCA_947459295.1, s__Sediminibacterium sp947459295, 95.0, 90.8, 0.75; GCA_044341045.1, s__Sediminibacterium sp044341045, 95.0, 90.35, 0.738; GCA_040374915.1, s__Sediminibacterium sp040374915, 95.0, 89.58, 0.599; GCA_018971025.1, s__Sediminibacterium sp018971025, 95.0, 89.52, 0.584; GCA_041179065.1, s__Sediminibacterium sp041179065, 95.0, 89.07, 0.565; GCA_945860335.1, s__Sediminibacterium ginsengisoli_B, 95.0, 88.7, 0.507; GCA_947461125.1, s__Sediminibacterium sp947461125, 95.0, 88.6, 0.617; GCA_049418605.1, s__Sediminibacterium sp049418605, 95.0, 88.56, 0.599; GCA_044361485.1, s__Sediminibacterium sp044361485, 95.0, 88.12, 0.525; GCA_027487895.1, s__Sediminibacterium sp027487895, 95.0, 88.11, 0.581; GCA_945901845.1, s__Sediminibacterium ginsengisoli_A, 95.0, 87.63, 0.53; GCA_041173245.1, s__Sediminibacterium sp041173245, 95.0, 87.59, 0.527; GCA_040403595.1, s__Sediminibacterium sp040403595, 95.0, 87.38, 0.541",99.04,11,,,S1G5,bin.2
bin.28,d__Bacteria;p__Pseudomonadota;c__Gammaproteobacteria;o__Burkholderiales;f__Methylophilaceae;g__Methylopumilus_A;s__Methylopumilus_A sp040383445,GCA_040383445.1,95.0,d__Bacteria;p__Pseudomonadota;c__Gammaproteobacteria;o__Burkholderiales;f__Methylophilaceae;g__Methylopumilus_A;s__Methylopumilus_A sp040383445,98.62,0.836,,,,,,,ani_screen,classification based on ANI only,,76.23,11,,,S1G5,bin.28
bin.23,d__Bacteria;p__Bacteroidota;c__Bacteroidia;o__B-17B0;f__Aurantibacillaceae;g__UBA4416;s__UBA4416 sp044353195,GCA_044353195.1,95.0,d__Bacteria;p__Bacteroidota;c__Bacteroidia;o__B-17B0;f__Aurantibacillaceae;g__UBA4416;s__UBA4416 sp044353195,97.87,0.896,,,,,,,ani_screen,classification based on ANI only,"GCA_044353195.1, s__UBA4416 sp044353195, 95.0, 97.87, 0.896; GCA_044340865.1, s__UBA4416 sp044340865, 95.0, 94.04, 0.74; GCA_947487905.1, s__UBA4416 sp947487905, 95.0, 91.79, 0.743",95.35,11,,,S1G5,bin.23
bin.34,d__Bacteria;p__Bacteroidota;c__Bacteroidia;o__Cytophagales;f__Spirosomataceae;g__Aquirufa;s__Aquirufa antheringensis,GCF_004307425.1,95.0,d__Bacteria;p__Bacteroidota;c__Bacteroidia;o__Cytophagales;f__Spirosomataceae;g__Aquirufa;s__Aquirufa antheringensis,97.83,0.947,,,,,,,ani_screen,classification based on ANI only,"GCF_004307425.1, s__Aquirufa antheringensis, 95.0, 97.83, 0.947; GCF_042714495.1, s__Aquirufa originis, 95.0, 92.42, 0.795; GCF_042715595.1, s__Aquirufa esocilacus, 95.0, 90.95, 0.642; GCA_040403415.1, s__Aquirufa sp040403415, 95.0, 90.68, 0.617; GCF_019916085.1, s__Aquirufa lenticrescens, 95.0, 89.9, 0.664; GCA_947450865.1, s__Aquirufa sp947450865, 95.0, 89.62, 0.562",69.88,11,,,S1G5,bin.34
bin.14,d__Bacteria;p__Pseudomonadota;c__Gammaproteobacteria;o__Burkholderiales;f__Burkholderiaceae_D;g__Pernthalerella;s__Pernthalerella sp964482415,GCA_964482415.1,95.0,d__Bacteria;p__Pseudomonadota;c__Gammaproteobacteria;o__Burkholderiales;f__Burkholderiaceae_D;g__Pernthalerella;s__Pernthalerella sp964482415,98.72,0.929,,,,,,,ani_screen,classification based on ANI only,,90.36,11,,,S1G5,bin.14
bin.8,d__Bacteria;p__Bacteroidota;c__Bacteroidia;o__Cytophagales;f__Spirosomataceae;g__Aquirufa;s__Aquirufa antheringensis,GCF_004307425.1,95.0,d__Bacteria;p__Bacteroidota;c__Bacteroidia;o__Cytophagales;f__Spirosomataceae;g__Aquirufa;s__Aquirufa antheringensis,97.84,0.945,,,,,,,ani_screen,classification based on ANI only,"GCF_004307425.1, s__Aquirufa antheringensis, 95.0, 97.84, 0.945; GCF_042714495.1, s__Aquirufa originis, 95.0, 92.6, 0.799; GCA_040403415.1, s__Aquirufa sp040403415, 95.0, 90.73, 0.611; GCF_042715595.1, s__Aquirufa esocilacus, 95.0, 90.71, 0.66; GCF_019916085.1, s__Aquirufa lenticrescens, 95.0, 89.96, 0.679; GCA_947450865.1, s__Aquirufa sp947450865, 95.0, 89.28, 0.566",72.14,11,,,S1H7,bin.8
bin.30,d__Bacteria;p__Pseudomonadota;c__Gammaproteobacteria;o__Burkholderiales;f__Burkholderiaceae_C;g__Limnohabitans_A;s__Limnohabitans_A sp001269365,GCF_001269365.1,95.0,d__Bacteria;p__Pseudomonadota;c__Gammaproteobacteria;o__Burkholderiales;f__Burkholderiaceae_C;g__Limnohabitans_A;s__Limnohabitans_A sp001269365,97.11,0.851,,,,,,,ani_screen,classification based on ANI only,,77.54,11,,,S1H7,bin.30
bin.25,d__Bacteria;p__Pseudomonadota;c__Alphaproteobacteria;o__Sphingomonadales;f__Sphingomonadaceae;g__Novosphingobium;s__Novosphingobium sp964572445,GCA_964572445.1,95.0,d__Bacteria;p__Pseudomonadota;c__Alphaproteobacteria;o__Sphingomonadales;f__Sphingomonadaceae;g__Novosphingobium;s__Novosphingobium sp964572445,99.3,0.767,,,,,,,ani_screen,classification based on ANI only,,61.3,11,,,S1H7,bin.25
bin.20,d__Bacteria;p__Bacteroidota;c__Bacteroidia;o__Chitinophagales;f__Chitinophagaceae;g__Sediminibacterium;s__Sediminibacterium sp030158665,GCA_030158665.1,95.0,d__Bacteria;p__Bacteroidota;c__Bacteroidia;o__Chitinophagales;f__Chitinophagaceae;g__Sediminibacterium;s__Sediminibacterium sp030158665,97.95,0.802,,,,,,,ani_screen,classification based on ANI only,,98.02,11,,,S1H7,bin.20
bin.1,d__Bacteria;p__Bacteroidota;c__Bacteroidia;o__Chitinophagales;f__Chitinophagaceae;g__Sediminibacterium;s__Sediminibacterium sp030158665,GCA_030158665.1,95.0,d__Bacteria;p__Bacteroidota;c__Bacteroidia;o__Chitinophagales;f__Chitinophagaceae;g__Sediminibacterium;s__Sediminibacterium sp030158665,97.75,0.795,,,,,,,ani_screen,classification based on ANI only,,76.77,11,,,S1A12,bin.1
bin.25,d__Bacteria;p__Pseudomonadota;c__Gammaproteobacteria;o__Burkholderiales;f__Rhodocyclaceae;g__Fluviibacter;s__Fluviibacter phosphoraccumulans,GCF_016110345.1,95.0,d__Bacteria;p__Pseudomonadota;c__Gammaproteobacteria;o__Burkholderiales;f__Rhodocyclaceae;g__Fluviibacter;s__Fluviibacter phosphoraccumulans,98.34,0.924,,,,,,,ani_screen,classification based on ANI only,,86.23,11,,,S1A12,bin.25
bin.29,d__Bacteria;p__Pseudomonadota;c__Gammaproteobacteria;o__Burkholderiales;f__Burkholderiaceae;g__Polynucleobacter;s__Polynucleobacter sp000342265,GCA_000342265.1,95.0,d__Bacteria;p__Pseudomonadota;c__Gammaproteobacteria;o__Burkholderiales;f__Burkholderiaceae;g__Polynucleobacter;s__Polynucleobacter sp000342265,98.97,0.955,,,,,,,ani_screen,classification based on ANI only,"GCA_000342265.1, s__Polynucleobacter sp000342265, 95.0, 98.97, 0.955; GCF_018882325.1, s__Polynucleobacter sp018882325, 95.0, 87.94, 0.525; GCF_018687575.1, s__Polynucleobacter asymbioticus_C, 95.0, 87.83, 0.592; GCA_041179645.1, s__Polynucleobacter sp041179645, 95.0, 87.69, 0.552",79.88,11,,,S1A12,bin.29
bin.11,d__Bacteria;p__Pseudomonadota;c__Gammaproteobacteria;o__Burkholderiales;f__Burkholderiaceae_B;g__Zwartia;s__Zwartia panacis,GCF_030410395.1,95.0,d__Bacteria;p__Pseudomonadota;c__Gammaproteobacteria;o__Burkholderiales;f__Burkholderiaceae_B;g__Zwartia;s__Zwartia panacis,98.89,0.89,,,,,,,ani_screen,classification based on ANI only,,96.91,11,,,S1A12,bin.11
bin.20,d__Bacteria;p__Pseudomonadota;c__Gammaproteobacteria;o__Burkholderiales;f__Methylophilaceae;g__Methylopumilus_A;s__Methylopumilus_A sp040383445,GCA_040383445.1,95.0,d__Bacteria;p__Pseudomonadota;c__Gammaproteobacteria;o__Burkholderiales;f__Methylophilaceae;g__Methylopumilus_A;s__Methylopumilus_A sp040383445,98.35,0.836,,,,,,,ani_screen,classification based on ANI only,,90.78,11,,,S1A12,bin.20
bin.4,d__Bacteria;p__Pseudomonadota;c__Gammaproteobacteria;o__Burkholderiales;f__Burkholderiaceae_C;g__UBA2334;s__UBA2334 sp049653005,GCA_049653005.1,95.0,d__Bacteria;p__Pseudomonadota;c__Gammaproteobacteria;o__Burkholderiales;f__Burkholderiaceae_C;g__UBA2334;s__UBA2334 sp049653005,96.98,0.844,,,,,,,ani_screen,classification based on ANI only,,64.93,11,,,S1F5,bin.4
bin.12,d__Bacteria;p__Pseudomonadota;c__Gammaproteobacteria;o__Burkholderiales;f__Burkholderiaceae_C;g__Limnohabitans_A;s__Limnohabitans_A sp003063665,GCF_003063665.1,95.0,d__Bacteria;p__Pseudomonadota;c__Gammaproteobacteria;o__Burkholderiales;f__Burkholderiaceae_C;g__Limnohabitans_A;s__Limnohabitans_A sp003063665,96.08,0.793,,,,,,,ani_screen,classification based on ANI only,,65.71,11,,,S1F5,bin.12
bin.24,d__Bacteria;p__Pseudomonadota;c__Alphaproteobacteria;o__Caulobacterales;f__Caulobacteraceae;g__Brevundimonas;s__,,,,,,,,,,,d__Bacteria;p__Pseudomonadota;c__Alphaproteobacteria;o__Caulobacterales;f__Caulobacteraceae;g__Brevundimonas;s__,taxonomic classification fully defined by topology,classification based on placement in class-level tree,,62.67,11,0.99857,,S1F5,bin.24
bin.16,d__Bacteria;p__Pseudomonadota;c__Gammaproteobacteria;o__Enterobacterales;f__Aeromonadaceae;g__Aeromonas;s__Aeromonas salmonicida,GCF_001643305.1,95.0,d__Bacteria;p__Pseudomonadota;c__Gammaproteobacteria;o__Enterobacterales;f__Aeromonadaceae;g__Aeromonas;s__Aeromonas salmonicida,97.75,0.93,,,,,,,ani_screen,classification based on ANI only,"GCF_001643305.1, s__Aeromonas salmonicida, 95.0, 97.75, 0.93; GCF_000820005.1, s__Aeromonas piscicola, 95.22, 92.17, 0.729; GCF_000819745.1, s__Aeromonas bestiarum, 95.0, 91.38, 0.739; GCF_000820025.1, s__Aeromonas popoffii, 95.0, 90.33, 0.595; GCF_000014805.1, s__Aeromonas hydrophila, 95.0, 89.72, 0.562; GCF_000820305.1, s__Aeromonas dhakensis, 95.0, 89.25, 0.512",75.13,11,,,S1A10,bin.16
bin.22,d__Bacteria;p__Actinomycetota;c__Actinomycetes;o__Actinomycetales;f__Microbacteriaceae;g__Aquiluna;s__Aquiluna sp002479805,GCA_002479805.1,95.0,d__Bacteria;p__Actinomycetota;c__Actinomycetes;o__Actinomycetales;f__Microbacteriaceae;g__Aquiluna;s__Aquiluna sp002479805,96.45,0.85,,,,,,,ani_screen,classification based on ANI only,,90.5,11,,,S1A10,bin.22
bin.30,d__Bacteria;p__Pseudomonadota;c__Gammaproteobacteria;o__Burkholderiales;f__Methylophilaceae;g__Methylopumilus_A;s__Methylopumilus_A sp040383445,GCA_040383445.1,95.0,d__Bacteria;p__Pseudomonadota;c__Gammaproteobacteria;o__Burkholderiales;f__Methylophilaceae;g__Methylopumilus_A;s__Methylopumilus_A sp040383445,98.09,0.734,,,,,,,ani_screen,classification based on ANI only,,58.66,11,,,S1A10,bin.30
bin.29,d__Bacteria;p__Bacteroidota;c__Bacteroidia;o__Flavobacteriales;f__Flavobacteriaceae;g__Flavobacterium;s__Flavobacterium ammonificans,GCF_020886115.1,95.0,d__Bacteria;p__Bacteroidota;c__Bacteroidia;o__Flavobacteriales;f__Flavobacteriaceae;g__Flavobacterium;s__Flavobacterium ammonificans,97.5,0.784,,,,,,,ani_screen,classification based on ANI only,,70.44,11,,,S1A10,bin.29
bin.9,d__Bacteria;p__Verrucomicrobiota;c__Verrucomicrobiia;o__Verrucomicrobiales;f__Akkermansiaceae;g__UBA956;s__UBA956 sp044239965,GCA_044239965.1,95.0,d__Bacteria;p__Verrucomicrobiota;c__Verrucomicrobiia;o__Verrucomicrobiales;f__Akkermansiaceae;g__UBA956;s__UBA956 sp044239965,96.89,0.787,,,,,,,ani_screen,classification based on ANI only,"GCA_044239965.1, s__UBA956 sp044239965, 95.0, 96.89, 0.787; GCA_947460915.1, s__UBA956 sp947460915, 95.0, 94.4, 0.732; GCA_002293145.1, s__UBA956 sp002293145, 95.0, 89.11, 0.521",88.46,11,,,S1D2,bin.9
bin.42,d__Bacteria;p__Pseudomonadota;c__Gammaproteobacteria;o__Burkholderiales;f__Burkholderiaceae;g__Polynucleobacter;s__Polynucleobacter sp030696845,GCA_030696845.1,95.0,d__Bacteria;p__Pseudomonadota;c__Gammaproteobacteria;o__Burkholderiales;f__Burkholderiaceae;g__Polynucleobacter;s__Polynucleobacter sp030696845,99.37,0.976,,,,,,,ani_screen,classification based on ANI only,,99.44,11,,,S1D2,bin.42
bin.27,d__Bacteria;p__Pseudomonadota;c__Gammaproteobacteria;o__Burkholderiales;f__Burkholderiaceae_C;g__Limnohabitans_A;s__,,,,,,,,,,,d__Bacteria;p__Pseudomonadota;c__Gammaproteobacteria;o__Burkholderiales;f__Burkholderiaceae_C;g__Limnohabitans_A;s__,taxonomic classification fully defined by topology,classification based on placement in class-level tree,,47.43,11,0.98234,,S1D2,bin.27
bin.13,d__Bacteria;p__Pseudomonadota;c__Gammaproteobacteria;o__Burkholderiales;f__Methylophilaceae;g__Methylopumilus_A;s__Methylopumilus_A sp040383445,GCA_040383445.1,95.0,d__Bacteria;p__Pseudomonadota;c__Gammaproteobacteria;o__Burkholderiales;f__Methylophilaceae;g__Methylopumilus_A;s__Methylopumilus_A sp040383445,98.57,0.899,,,,,,,ani_screen,classification based on ANI only,,91.9,11,,,S1D2,bin.13
bin.2,d__Bacteria;p__Bacteroidota;c__Bacteroidia;o__Chitinophagales;f__Chitinophagaceae;g__Sediminibacterium;s__Sediminibacterium sp039805185,GCA_039805185.1,95.0,d__Bacteria;p__Bacteroidota;c__Bacteroidia;o__Chitinophagales;f__Chitinophagaceae;g__Sediminibacterium;s__Sediminibacterium sp039805185,99.16,0.937,,,,,,,ani_screen,classification based on ANI only,,95.65,11,,,S1D2,bin.2
bin.29,d__Bacteria;p__Actinomycetota;c__Actinomycetes;o__Actinomycetales;f__Microbacteriaceae;g__Aurantimicrobium;s__Aurantimicrobium minutum,GCF_002355535.1,95.0,d__Bacteria;p__Actinomycetota;c__Actinomycetes;o__Actinomycetales;f__Microbacteriaceae;g__Aurantimicrobium;s__Aurantimicrobium minutum,97.74,0.926,,,,,,,ani_screen,classification based on ANI only,"GCF_002355535.1, s__Aurantimicrobium minutum, 95.0, 97.74, 0.926; GCF_027924525.1, s__Aurantimicrobium sp027924525, 95.0, 93.45, 0.839; GCF_003325955.1, s__Aurantimicrobium sp003325955, 95.0, 90.74, 0.753",72.38,11,,,S1D2,bin.29
bin.6,d__Bacteria;p__Pseudomonadota;c__Gammaproteobacteria;o__Burkholderiales;f__Burkholderiaceae;g__Polynucleobacter;s__Polynucleobacter sp046046075,GCA_046046075.1,95.0,d__Bacteria;p__Pseudomonadota;c__Gammaproteobacteria;o__Burkholderiales;f__Burkholderiaceae;g__Polynucleobacter;s__Polynucleobacter sp046046075,98.55,0.853,,,,,,,ani_screen,classification based on ANI only,"GCA_046046075.1, s__Polynucleobacter sp046046075, 95.0, 98.55, 0.853; GCA_937996825.1, s__Polynucleobacter sp937996825, 95.0, 93.32, 0.789; GCA_937863045.1, s__Polynucleobacter sp937863045, 95.0, 89.43, 0.646; GCF_018882285.1, s__Polynucleobacter sp018882285, 95.0, 89.36, 0.682; GCF_018687615.1, s__Polynucleobacter sp018687615, 95.0, 89.35, 0.677; GCF_002224225.1, s__Polynucleobacter cosmopolitanus, 95.0, 89.22, 0.67; GCA_039805465.1, s__Polynucleobacter sp039805465, 95.0, 89.05, 0.625",75.35,11,,,S1D2,bin.6
bin.8,d__Bacteria;p__Pseudomonadota;c__Gammaproteobacteria;o__Burkholderiales;f__Burkholderiaceae_C;g__Curvibacter;s__,,,,,,,,,,,d__Bacteria;p__Pseudomonadota;c__Gammaproteobacteria;o__Burkholderiales;f__Burkholderiaceae_C;g__Curvibacter;s__,taxonomic classification fully defined by topology,classification based on placement in class-level tree,,57.74,11,0.99629,,S1G2,bin.8
bin.16,d__Bacteria;p__Bacteroidota;c__Bacteroidia;o__Chitinophagales;f__Chitinophagaceae;g__Sediminibacterium;s__Sediminibacterium sp030158665,GCA_030158665.1,95.0,d__Bacteria;p__Bacteroidota;c__Bacteroidia;o__Chitinophagales;f__Chitinophagaceae;g__Sediminibacterium;s__Sediminibacterium sp030158665,97.78,0.783,,,,,,,ani_screen,classification based on ANI only,,87.43,11,,,S1G2,bin.16
bin.27,d__Bacteria;p__Actinomycetota;c__Actinomycetes;o__S36-B12;f__S36-B12;g__UBA11398;s__UBA11398 sp028687755,GCA_028687755.1,95.0,d__Bacteria;p__Actinomycetota;c__Actinomycetes;o__S36-B12;f__S36-B12;g__UBA11398;s__UBA11398 sp028687755,98.71,0.906,,,,,,,ani_screen,classification based on ANI only,,88.3,11,,,S1G2,bin.27
bin.12,d__Bacteria;p__Actinomycetota;c__Actinomycetes;o__Nanopelagicales;f__Nanopelagicaceae;g__Planktophila;s__Planktophila sp937975715,GCA_937975715.1,95.0,d__Bacteria;p__Actinomycetota;c__Actinomycetes;o__Nanopelagicales;f__Nanopelagicaceae;g__Planktophila;s__Planktophila sp937975715,98.08,0.881,,,,,,,ani_screen,classification based on ANI only,,70.62,11,,,S1G2,bin.12
bin.28,d__Bacteria;p__Pseudomonadota;c__Gammaproteobacteria;o__Burkholderiales;f__Methylophilaceae;g__Methylopumilus_A;s__Methylopumilus_A sp040383445,GCA_040383445.1,95.0,d__Bacteria;p__Pseudomonadota;c__Gammaproteobacteria;o__Burkholderiales;f__Methylophilaceae;g__Methylopumilus_A;s__Methylopumilus_A sp040383445,98.66,0.801,,,,,,,ani_screen,classification based on ANI only,,67.58,11,,,S1G2,bin.28
bin.31,d__Bacteria;p__Bacteroidota;c__Bacteroidia;o__Chitinophagales;f__Chitinophagaceae;g__Sediminibacterium;s__Sediminibacterium sp030158535,GCA_030158535.1,95.0,d__Bacteria;p__Bacteroidota;c__Bacteroidia;o__Chitinophagales;f__Chitinophagaceae;g__Sediminibacterium;s__Sediminibacterium sp030158535,97.51,0.823,,,,,,,ani_screen,classification based on ANI only,"GCA_030158535.1, s__Sediminibacterium sp030158535, 95.0, 97.51, 0.823; GCA_017987615.1, s__Sediminibacterium sp017987615, 95.0, 94.47, 0.755; GCA_037975885.1, s__Sediminibacterium sp037975885, 95.0, 93.85, 0.833; GCA_945873615.1, s__Sediminibacterium ginsengisoli_E, 95.04, 93.42, 0.808; GCA_903958045.1, s__Sediminibacterium sp903958045, 95.0, 91.5, 0.73; GCA_947459295.1, s__Sediminibacterium sp947459295, 95.0, 90.62, 0.696; GCA_044341045.1, s__Sediminibacterium sp044341045, 95.0, 90.12, 0.641; GCA_947461125.1, s__Sediminibacterium sp947461125, 95.0, 88.46, 0.529",78.94,11,,,S1G2,bin.31
bin.24,d__Bacteria;p__Pseudomonadota;c__Gammaproteobacteria;o__Burkholderiales;f__Burkholderiaceae_D;g__Pernthalerella;s__Pernthalerella sp964482415,GCA_964482415.1,95.0,d__Bacteria;p__Pseudomonadota;c__Gammaproteobacteria;o__Burkholderiales;f__Burkholderiaceae_D;g__Pernthalerella;s__Pernthalerella sp964482415,98.33,0.806,,,,,,,ani_screen,classification based on ANI only,,63.85,11,,,S1G2,bin.24
bin.1,d__Bacteria;p__Bacteroidota;c__Bacteroidia;o__Flavobacteriales;f__Flavobacteriaceae;g__Flavobacterium;s__Flavobacterium ammonificans,GCF_020886115.1,95.0,d__Bacteria;p__Bacteroidota;c__Bacteroidia;o__Flavobacteriales;f__Flavobacteriaceae;g__Flavobacterium;s__Flavobacterium ammonificans,99.11,0.976,,,,,,,ani_screen,classification based on ANI only,,89.04,11,,,S1A2,bin.1
bin.5,d__Bacteria;p__Bacteroidota;c__Bacteroidia;o__Chitinophagales;f__Chitinophagaceae;g__UBA10646;s__UBA10646 sp004292605,GCA_004292605.1,95.0,d__Bacteria;p__Bacteroidota;c__Bacteroidia;o__Chitinophagales;f__Chitinophagaceae;g__UBA10646;s__UBA10646 sp004292605,96.63,0.877,,,,,,,ani_screen,classification based on ANI only,,61.38,11,,,S1A8,bin.5
bin.1,d__Bacteria;p__Pseudomonadota;c__Gammaproteobacteria;o__Burkholderiales;f__Burkholderiaceae;g__Polynucleobacter;s__Polynucleobacter sp000342265,GCA_000342265.1,95.0,d__Bacteria;p__Pseudomonadota;c__Gammaproteobacteria;o__Burkholderiales;f__Burkholderiaceae;g__Polynucleobacter;s__Polynucleobacter sp000342265,98.77,0.967,,,,,,,ani_screen,classification based on ANI only,"GCA_000342265.1, s__Polynucleobacter sp000342265, 95.0, 98.77, 0.967; GCF_018687575.1, s__Polynucleobacter asymbioticus_C, 95.0, 88.16, 0.585; GCF_018882325.1, s__Polynucleobacter sp018882325, 95.0, 88.13, 0.508; GCA_041179645.1, s__Polynucleobacter sp041179645, 95.0, 87.8, 0.541",81.94,11,,,S1A8,bin.1
bin.27,d__Bacteria;p__Pseudomonadota;c__Gammaproteobacteria;o__Pseudomonadales;f__Moraxellaceae;g__Acinetobacter;s__Acinetobacter bohemicus,GCF_000367925.1,95.0,d__Bacteria;p__Pseudomonadota;c__Gammaproteobacteria;o__Pseudomonadales;f__Moraxellaceae;g__Acinetobacter;s__Acinetobacter bohemicus,95.98,0.823,,,,,,,ani_screen,classification based on ANI only,"GCF_000367925.1, s__Acinetobacter bohemicus, 95.0, 95.98, 0.823; GCF_900107285.1, s__Acinetobacter kyonggiensis, 95.0, 93.71, 0.755; GCA_963812025.1, s__Acinetobacter sp963812025, 95.0, 92.42, 0.66; GCF_002135335.1, s__Acinetobacter sp002135335, 95.0, 90.88, 0.666",96.61,11,,,S1A8,bin.27
bin.19,d__Bacteria;p__Bacteroidota;c__Bacteroidia;o__Chitinophagales;f__Chitinophagaceae;g__Sediminibacterium;s__Sediminibacterium sp030158665,GCA_030158665.1,95.0,d__Bacteria;p__Bacteroidota;c__Bacteroidia;o__Chitinophagales;f__Chitinophagaceae;g__Sediminibacterium;s__Sediminibacterium sp030158665,97.74,0.824,,,,,,,ani_screen,classification based on ANI only,,95.97,11,,,S1A8,bin.19
bin.21,d__Bacteria;p__Bacteroidota;c__Bacteroidia;o__Flavobacteriales;f__Flavobacteriaceae;g__Flavobacterium;s__Flavobacterium ammonificans,GCF_020886115.1,95.0,d__Bacteria;p__Bacteroidota;c__Bacteroidia;o__Flavobacteriales;f__Flavobacteriaceae;g__Flavobacterium;s__Flavobacterium ammonificans,97.14,0.826,,,,,,,ani_screen,classification based on ANI only,,71.38,11,,,S1A8,bin.21
bin.9,d__Bacteria;p__Bacteroidota;c__Bacteroidia;o__Chitinophagales;f__Chitinophagaceae;g__UBA10646;s__UBA10646 sp004292605,GCA_004292605.1,95.0,d__Bacteria;p__Bacteroidota;c__Bacteroidia;o__Chitinophagales;f__Chitinophagaceae;g__UBA10646;s__UBA10646 sp004292605,96.57,0.857,,,,,,,ani_screen,classification based on ANI only,,86.51,11,,,S1D1,bin.9
bin.26,d__Bacteria;p__Pseudomonadota;c__Gammaproteobacteria;o__Burkholderiales;f__Burkholderiaceae;g__Polynucleobacter;s__Polynucleobacter sp046046075,GCA_046046075.1,95.0,d__Bacteria;p__Pseudomonadota;c__Gammaproteobacteria;o__Burkholderiales;f__Burkholderiaceae;g__Polynucleobacter;s__Polynucleobacter sp046046075,98.47,0.884,,,,,,,ani_screen,classification based on ANI only,"GCA_046046075.1, s__Polynucleobacter sp046046075, 95.0, 98.47, 0.884; GCA_937996825.1, s__Polynucleobacter sp937996825, 95.0, 93.63, 0.795; GCA_937863045.1, s__Polynucleobacter sp937863045, 95.0, 89.92, 0.67; GCF_018687615.1, s__Polynucleobacter sp018687615, 95.0, 89.46, 0.702; GCF_018882285.1, s__Polynucleobacter sp018882285, 95.0, 89.37, 0.695; GCA_039805465.1, s__Polynucleobacter sp039805465, 95.0, 89.34, 0.626; GCF_002224225.1, s__Polynucleobacter cosmopolitanus, 95.0, 89.26, 0.669",95.95,11,,,S1D1,bin.26
bin.25,d__Bacteria;p__Bacteroidota;c__Bacteroidia;o__Flavobacteriales;f__Flavobacteriaceae;g__Flavobacterium;s__Flavobacterium ammonificans,GCF_020886115.1,95.0,d__Bacteria;p__Bacteroidota;c__Bacteroidia;o__Flavobacteriales;f__Flavobacteriaceae;g__Flavobacterium;s__Flavobacterium ammonificans,98.93,0.94,,,,,,,ani_screen,classification based on ANI only,,76.59,11,,,S1D1,bin.25
bin.11,d__Bacteria;p__Bacteroidota;c__Bacteroidia;o__Chitinophagales;f__Chitinophagaceae;g__Sediminibacterium;s__Sediminibacterium sp039805185,GCA_039805185.1,95.0,d__Bacteria;p__Bacteroidota;c__Bacteroidia;o__Chitinophagales;f__Chitinophagaceae;g__Sediminibacterium;s__Sediminibacterium sp039805185,99.35,0.93,,,,,,,ani_screen,classification based on ANI only,,79.38,11,,,S1D1,bin.11
bin.9,d__Bacteria;p__Pseudomonadota;c__Gammaproteobacteria;o__Burkholderiales;f__Burkholderiaceae;g__Polynucleobacter;s__Polynucleobacter sp000342265,GCA_000342265.1,95.0,d__Bacteria;p__Pseudomonadota;c__Gammaproteobacteria;o__Burkholderiales;f__Burkholderiaceae;g__Polynucleobacter;s__Polynucleobacter sp000342265,98.8,0.977,,,,,,,ani_screen,classification based on ANI only,"GCA_000342265.1, s__Polynucleobacter sp000342265, 95.0, 98.8, 0.977; GCF_018687575.1, s__Polynucleobacter asymbioticus_C, 95.0, 87.92, 0.608; GCF_018882325.1, s__Polynucleobacter sp018882325, 95.0, 87.75, 0.536; GCA_041179645.1, s__Polynucleobacter sp041179645, 95.0, 87.69, 0.575",92.99,11,,,S1E10,bin.9
bin.2,d__Bacteria;p__Bacteroidota;c__Bacteroidia;o__Flavobacteriales;f__Flavobacteriaceae;g__Flavobacterium;s__Flavobacterium sp001800905,GCA_001800905.1,95.0,d__Bacteria;p__Bacteroidota;c__Bacteroidia;o__Flavobacteriales;f__Flavobacteriaceae;g__Flavobacterium;s__Flavobacterium sp001800905,96.8,0.914,,,,,,,ani_screen,classification based on ANI only,"GCA_001800905.1, s__Flavobacterium sp001800905, 95.0, 96.8, 0.914; GCA_002382495.1, s__Flavobacterium sp002382495, 95.0, 92.5, 0.781; GCF_020886055.1, s__Flavobacterium ammoniigenes, 95.0, 90.91, 0.717; GCA_046048915.1, s__Flavobacterium sp046048915, 95.0, 90.9, 0.68",97.39,11,,,S1E10,bin.2
bin.16,d__Bacteria;p__Pseudomonadota;c__Gammaproteobacteria;o__Burkholderiales;f__Methylophilaceae;g__Methylopumilus_A;s__Methylopumilus_A sp040383445,GCA_040383445.1,95.0,d__Bacteria;p__Pseudomonadota;c__Gammaproteobacteria;o__Burkholderiales;f__Methylophilaceae;g__Methylopumilus_A;s__Methylopumilus_A sp040383445,97.57,0.745,,,,,,,ani_screen,classification based on ANI only,,58.48,11,,,S1F8,bin.16
bin.10,d__Bacteria;p__Bacteroidota;c__Bacteroidia;o__Cytophagales;f__Spirosomataceae;g__Aquirufa;s__Aquirufa antheringensis,GCF_004307425.1,95.0,d__Bacteria;p__Bacteroidota;c__Bacteroidia;o__Cytophagales;f__Spirosomataceae;g__Aquirufa;s__Aquirufa antheringensis,97.5,0.936,,,,,,,ani_screen,classification based on ANI only,"GCF_004307425.1, s__Aquirufa antheringensis, 95.0, 97.5, 0.936; GCF_042714495.1, s__Aquirufa originis, 95.0, 92.23, 0.787; GCF_042715595.1, s__Aquirufa esocilacus, 95.0, 90.79, 0.65; GCA_040403415.1, s__Aquirufa sp040403415, 95.0, 90.71, 0.609; GCF_019916085.1, s__Aquirufa lenticrescens, 95.0, 89.94, 0.69; GCA_947450865.1, s__Aquirufa sp947450865, 95.0, 89.24, 0.56",87.64,11,,,S1F8,bin.10
bin.2,d__Bacteria;p__Pseudomonadota;c__Gammaproteobacteria;o__Burkholderiales;f__Burkholderiaceae_D;g__Pernthalerella;s__Pernthalerella sp030157545,GCA_030157545.1,95.0,d__Bacteria;p__Pseudomonadota;c__Gammaproteobacteria;o__Burkholderiales;f__Burkholderiaceae_D;g__Pernthalerella;s__Pernthalerella sp030157545,99.2,0.95,,,,,,,ani_screen,classification based on ANI only,,90.76,11,,,S1F8,bin.2
bin.20,d__Bacteria;p__Pseudomonadota;c__Gammaproteobacteria;o__Burkholderiales;f__Burkholderiaceae_C;g__Malikia;s__Malikia spinosa,GCF_002980625.1,95.0,d__Bacteria;p__Pseudomonadota;c__Gammaproteobacteria;o__Burkholderiales;f__Burkholderiaceae_C;g__Malikia;s__Malikia spinosa,96.83,0.873,,,,,,,ani_screen,classification based on ANI only,"GCF_002980625.1, s__Malikia spinosa, 95.0, 96.83, 0.873; GCA_026400105.1, s__Malikia sp026400105, 95.0, 95.04, 0.755; GCF_002980595.1, s__Malikia granosa, 95.0, 92.59, 0.716",63.63,11,,,S1F8,bin.20
bin.16,d__Bacteria;p__Actinomycetota;c__Acidimicrobiia;o__Acidimicrobiales;f__Ilumatobacteraceae;g__UBA2093;s__UBA2093 sp041175365,GCA_041175365.1,95.0,d__Bacteria;p__Actinomycetota;c__Acidimicrobiia;o__Acidimicrobiales;f__Ilumatobacteraceae;g__UBA2093;s__UBA2093 sp041175365,97.35,0.756,,,,,,,ani_screen,classification based on ANI only,,77.05,11,,,S1D5,bin.16
bin.10,d__Bacteria;p__Verrucomicrobiota;c__Verrucomicrobiia;o__Verrucomicrobiales;f__Akkermansiaceae;g__UBA956;s__UBA956 sp004293285,GCA_004293285.1,95.0,d__Bacteria;p__Verrucomicrobiota;c__Verrucomicrobiia;o__Verrucomicrobiales;f__Akkermansiaceae;g__UBA956;s__UBA956 sp004293285,98.7,0.795,,,,,,,ani_screen,classification based on ANI only,,90.3,11,,,S1D5,bin.10
bin.22,d__Bacteria;p__Pseudomonadota;c__Gammaproteobacteria;o__Burkholderiales;f__Burkholderiaceae;g__Polynucleobacter;s__Polynucleobacter sp046046075,GCA_046046075.1,95.0,d__Bacteria;p__Pseudomonadota;c__Gammaproteobacteria;o__Burkholderiales;f__Burkholderiaceae;g__Polynucleobacter;s__Polynucleobacter sp046046075,98.49,0.813,,,,,,,ani_screen,classification based on ANI only,"GCA_046046075.1, s__Polynucleobacter sp046046075, 95.0, 98.49, 0.813; GCA_937996825.1, s__Polynucleobacter sp937996825, 95.0, 93.23, 0.723; GCA_937863045.1, s__Polynucleobacter sp937863045, 95.0, 89.65, 0.562; GCF_018882285.1, s__Polynucleobacter sp018882285, 95.0, 89.44, 0.597; GCF_002224225.1, s__Polynucleobacter cosmopolitanus, 95.0, 89.38, 0.563; GCF_018687615.1, s__Polynucleobacter sp018687615, 95.0, 89.26, 0.586; GCA_039805465.1, s__Polynucleobacter sp039805465, 95.0, 88.93, 0.527",70.28,11,,,S1D5,bin.22
bin.26,d__Bacteria;p__Pseudomonadota;c__Gammaproteobacteria;o__Burkholderiales;f__Burkholderiaceae_C;g__Limnohabitans_A;s__Limnohabitans_A sp049655425,GCA_049655425.1,95.0,d__Bacteria;p__Pseudomonadota;c__Gammaproteobacteria;o__Burkholderiales;f__Burkholderiaceae_C;g__Limnohabitans_A;s__Limnohabitans_A sp049655425,97.26,0.876,,,,,,,ani_screen,classification based on ANI only,,71.04,11,,,S1D5,bin.26
bin.21,d__Bacteria;p__Bacteroidota;c__Bacteroidia;o__Cytophagales;f__Spirosomataceae;g__Runella;s__Runella sp023254175,GCA_023254175.1,95.0,d__Bacteria;p__Bacteroidota;c__Bacteroidia;o__Cytophagales;f__Spirosomataceae;g__Runella;s__Runella sp023254175,98.72,0.924,,,,,,,ani_screen,classification based on ANI only,,67.47,11,,,S1D5,bin.21
bin.31,d__Bacteria;p__Pseudomonadota;c__Gammaproteobacteria;o__Burkholderiales;f__Burkholderiaceae_C;g__Limnohabitans;s__,,,,,,,,,,,d__Bacteria;p__Pseudomonadota;c__Gammaproteobacteria;o__Burkholderiales;f__Burkholderiaceae_C;g__Limnohabitans;s__,taxonomic classification fully defined by topology,classification based on placement in class-level tree,,67.11,11,0.9977,,S1D5,bin.31
bin.5,d__Bacteria;p__Verrucomicrobiota;c__Verrucomicrobiia;o__Verrucomicrobiales;f__Verrucomicrobiaceae;g__JAGRPD01;s__,,,,,,,,,,,d__Bacteria;p__Verrucomicrobiota;c__Verrucomicrobiia;o__Verrucomicrobiales;f__Verrucomicrobiaceae;g__JAGRPD01;s__,taxonomic classification fully defined by topology,classification based on placement in class-level tree,,87.21,11,0.99822,,S2A1,bin.5
bin.4,d__Bacteria;p__Actinomycetota;c__Actinomycetes;o__Actinomycetales;f__Microbacteriaceae;g__Aquiluna;s__Aquiluna sp002479805,GCA_002479805.1,95.0,d__Bacteria;p__Actinomycetota;c__Actinomycetes;o__Actinomycetales;f__Microbacteriaceae;g__Aquiluna;s__Aquiluna sp002479805,96.55,0.885,,,,,,,ani_screen,classification based on ANI only,,65.17,11,,,S2A1,bin.4
bin.10,d__Bacteria;p__Verrucomicrobiota;c__Verrucomicrobiia;o__Verrucomicrobiales;f__Akkermansiaceae;g__UBA956;s__UBA956 sp004293285,GCA_004293285.1,95.0,d__Bacteria;p__Verrucomicrobiota;c__Verrucomicrobiia;o__Verrucomicrobiales;f__Akkermansiaceae;g__UBA956;s__UBA956 sp004293285,98.74,0.867,,,,,,,ani_screen,classification based on ANI only,,90.44,11,,,S2A1,bin.10
bin.1,d__Bacteria;p__Bacteroidota;c__Bacteroidia;o__Chitinophagales;f__Chitinophagaceae;g__Sediminibacterium;s__Sediminibacterium sp030158535,GCA_030158535.1,95.0,d__Bacteria;p__Bacteroidota;c__Bacteroidia;o__Chitinophagales;f__Chitinophagaceae;g__Sediminibacterium;s__Sediminibacterium sp030158535,97.83,0.868,,,,,,,ani_screen,classification based on ANI only,"GCA_030158535.1, s__Sediminibacterium sp030158535, 95.0, 97.83, 0.868; GCA_017987615.1, s__Sediminibacterium sp017987615, 95.0, 94.71, 0.855; GCA_037975885.1, s__Sediminibacterium sp037975885, 95.0, 93.78, 0.866; GCA_945873615.1, s__Sediminibacterium ginsengisoli_E, 95.04, 93.65, 0.856; GCA_903958045.1, s__Sediminibacterium sp903958045, 95.0, 91.58, 0.767; GCA_947459295.1, s__Sediminibacterium sp947459295, 95.0, 90.62, 0.728; GCA_044341045.1, s__Sediminibacterium sp044341045, 95.0, 90.4, 0.714; GCA_040374915.1, s__Sediminibacterium sp040374915, 95.0, 89.54, 0.588; GCA_018971025.1, s__Sediminibacterium sp018971025, 95.0, 89.53, 0.56; GCA_041179065.1, s__Sediminibacterium sp041179065, 95.0, 88.85, 0.532; GCA_049418605.1, s__Sediminibacterium sp049418605, 95.0, 88.47, 0.567; GCA_947461125.1, s__Sediminibacterium sp947461125, 95.0, 88.3, 0.589; GCA_027487895.1, s__Sediminibacterium sp027487895, 95.0, 88.21, 0.544; GCA_044361485.1, s__Sediminibacterium sp044361485, 95.0, 87.94, 0.514; GCA_040403595.1, s__Sediminibacterium sp040403595, 95.0, 87.89, 0.545; GCA_945901845.1, s__Sediminibacterium ginsengisoli_A, 95.0, 87.14, 0.518",94.73,11,,,S2A1,bin.1
bin.19,d__Bacteria;p__Pseudomonadota;c__Gammaproteobacteria;o__Burkholderiales;f__Burkholderiaceae_C;g__Hydrogenophaga;s__,,,,,,,,,,,d__Bacteria;p__Pseudomonadota;c__Gammaproteobacteria;o__Burkholderiales;f__Burkholderiaceae_C;g__Hydrogenophaga;s__,taxonomic classification fully defined by topology,classification based on placement in class-level tree,,65.83,11,0.9924,,S2A1,bin.19
bin.20,d__Bacteria;p__Bacteroidota;c__Bacteroidia;o__Chitinophagales;f__Chitinophagaceae;g__Sediminibacterium;s__Sediminibacterium sp030158665,GCA_030158665.1,95.0,d__Bacteria;p__Bacteroidota;c__Bacteroidia;o__Chitinophagales;f__Chitinophagaceae;g__Sediminibacterium;s__Sediminibacterium sp030158665,97.74,0.743,,,,,,,ani_screen,classification based on ANI only,,87.84,11,,,S2A1,bin.20
bin.17,d__Bacteria;p__Verrucomicrobiota;c__Verrucomicrobiia;o__Verrucomicrobiales;f__Akkermansiaceae;g__Haloferula;s__,,,,,,,,,,,d__Bacteria;p__Verrucomicrobiota;c__Verrucomicrobiia;o__Verrucomicrobiales;f__Akkermansiaceae;g__Haloferula;s__,taxonomic classification fully defined by topology,classification based on placement in class-level tree,,88.36,11,0.9829,,S2A1,bin.17
bin.8,d__Bacteria;p__Pseudomonadota;c__Gammaproteobacteria;o__Burkholderiales;f__Burkholderiaceae;g__Polynucleobacter;s__Polynucleobacter sp030696845,GCA_030696845.1,95.0,d__Bacteria;p__Pseudomonadota;c__Gammaproteobacteria;o__Burkholderiales;f__Burkholderiaceae;g__Polynucleobacter;s__Polynucleobacter sp030696845,99.35,0.946,,,,,,,ani_screen,classification based on ANI only,,55.89,11,,,S1F3,bin.8
bin.4,d__Bacteria;p__Pseudomonadota;c__Gammaproteobacteria;o__Burkholderiales;f__Burkholderiaceae_D;g__Pernthalerella;s__Pernthalerella sp030157545,GCA_030157545.1,95.0,d__Bacteria;p__Pseudomonadota;c__Gammaproteobacteria;o__Burkholderiales;f__Burkholderiaceae_D;g__Pernthalerella;s__Pernthalerella sp030157545,98.5,0.902,,,,,,,ani_screen,classification based on ANI only,,76.95,11,,,S1F3,bin.4
bin.10,d__Bacteria;p__Pseudomonadota;c__Gammaproteobacteria;o__Burkholderiales;f__Burkholderiaceae;g__Polynucleobacter;s__Polynucleobacter sp000342265,GCA_000342265.1,95.0,d__Bacteria;p__Pseudomonadota;c__Gammaproteobacteria;o__Burkholderiales;f__Burkholderiaceae;g__Polynucleobacter;s__Polynucleobacter sp000342265,98.83,0.964,,,,,,,ani_screen,classification based on ANI only,"GCA_000342265.1, s__Polynucleobacter sp000342265, 95.0, 98.83, 0.964; GCF_018882325.1, s__Polynucleobacter sp018882325, 95.0, 88.12, 0.53; GCF_018687575.1, s__Polynucleobacter asymbioticus_C, 95.0, 87.7, 0.605; GCA_041179645.1, s__Polynucleobacter sp041179645, 95.0, 87.55, 0.576",86.89,11,,,S1F3,bin.10
bin.3,d__Bacteria;p__Pseudomonadota;c__Gammaproteobacteria;o__Burkholderiales;f__Burkholderiaceae;g__Polynucleobacter;s__Polynucleobacter sp000342265,GCA_000342265.1,95.0,d__Bacteria;p__Pseudomonadota;c__Gammaproteobacteria;o__Burkholderiales;f__Burkholderiaceae;g__Polynucleobacter;s__Polynucleobacter sp000342265,98.74,0.913,,,,,,,ani_screen,classification based on ANI only,"GCA_000342265.1, s__Polynucleobacter sp000342265, 95.0, 98.74, 0.913; GCF_018882325.1, s__Polynucleobacter sp018882325, 95.0, 87.95, 0.505; GCA_041179645.1, s__Polynucleobacter sp041179645, 95.0, 87.81, 0.535; GCF_018687575.1, s__Polynucleobacter asymbioticus_C, 95.0, 87.79, 0.565",77.17,11,,,S1E9,bin.3
bin.11,d__Bacteria;p__Pseudomonadota;c__Gammaproteobacteria;o__Burkholderiales;f__Burkholderiaceae_C;g__Malikia;s__Malikia spinosa,GCF_002980625.1,95.0,d__Bacteria;p__Pseudomonadota;c__Gammaproteobacteria;o__Burkholderiales;f__Burkholderiaceae_C;g__Malikia;s__Malikia spinosa,96.96,0.809,,,,,,,ani_screen,classification based on ANI only,"GCF_002980625.1, s__Malikia spinosa, 95.0, 96.96, 0.809; GCA_026400105.1, s__Malikia sp026400105, 95.0, 94.9, 0.693; GCA_039804875.1, s__Malikia sp039804875, 95.0, 92.97, 0.518; GCF_002980595.1, s__Malikia granosa, 95.0, 92.34, 0.644",82.2,11,,,S1E9,bin.11
bin.6,d__Bacteria;p__Pseudomonadota;c__Gammaproteobacteria;o__Pseudomonadales;f__Pseudomonadaceae;g__Aquipseudomonas;s__Aquipseudomonas sp002836515,GCF_002836515.1,95.0,d__Bacteria;p__Pseudomonadota;c__Gammaproteobacteria;o__Pseudomonadales;f__Pseudomonadaceae;g__Aquipseudomonas;s__Aquipseudomonas sp002836515,98.36,0.908,,,,,,,ani_screen,classification based on ANI only,"GCF_002836515.1, s__Aquipseudomonas sp002836515, 95.0, 98.36, 0.908; GCF_019145375.1, s__Aquipseudomonas triticicola, 96.23, 92.71, 0.727; GCF_014268585.2, s__Aquipseudomonas iranensis, 96.55, 92.59, 0.754; GCF_004801935.1, s__Aquipseudomonas atacamensis, 95.0, 92.59, 0.748; GCA_030544685.1, s__Aquipseudomonas fluorescens_AO, 95.0, 92.45, 0.751; GCF_025706525.1, s__Aquipseudomonas mercuritolerans, 95.52, 92.44, 0.747; GCF_019145195.1, s__Aquipseudomonas siliginis, 96.09, 92.44, 0.713; GCF_036283065.1, s__Aquipseudomonas stanleyae, 95.0, 91.86, 0.732; GCF_900105805.1, s__Aquipseudomonas moraviensis_A, 95.0, 91.61, 0.718; GCF_024169245.1, s__Aquipseudomonas koreensis_F, 95.0, 91.61, 0.718; GCF_035554175.1, s__Aquipseudomonas sp035554175, 95.0, 90.4, 0.637; GCA_902825215.1, s__Aquipseudomonas fluorescens_G, 95.0, 89.46, 0.533; GCF_036668835.1, s__Aquipseudomonas koreensis_I, 95.0, 89.44, 0.518; GCF_051132135.1, s__Aquipseudomonas sp051132135, 95.0, 89.38, 0.535; GCF_043496865.1, s__Aquipseudomonas retamae, 95.0, 89.37, 0.524; GCF_014268595.2, s__Aquipseudomonas hamedanensis, 95.0, 89.31, 0.545; GCF_014268505.2, s__Aquipseudomonas khorasanensis, 95.0, 89.3, 0.557; GCF_900105485.1, s__Aquipseudomonas granadensis, 95.0, 89.25, 0.527; GCF_004011755.1, s__Aquipseudomonas sp004011755, 95.0, 88.4, 0.505",77.49,11,,,S1E9,bin.6
bin.16,d__Bacteria;p__Actinomycetota;c__Actinomycetes;o__Nanopelagicales;f__Nanopelagicaceae;g__Planktophila;s__Planktophila sp937975715,GCA_937975715.1,95.0,d__Bacteria;p__Actinomycetota;c__Actinomycetes;o__Nanopelagicales;f__Nanopelagicaceae;g__Planktophila;s__Planktophila sp937975715,98.28,0.864,,,,,,,ani_screen,classification based on ANI only,,71.58,11,,,S1F11,bin.16
bin.4,d__Bacteria;p__Bacteroidota;c__Bacteroidia;o__Chitinophagales;f__Chitinophagaceae;g__Sediminibacterium;s__Sediminibacterium sp030158665,GCA_030158665.1,95.0,d__Bacteria;p__Bacteroidota;c__Bacteroidia;o__Chitinophagales;f__Chitinophagaceae;g__Sediminibacterium;s__Sediminibacterium sp030158665,97.76,0.781,,,,,,,ani_screen,classification based on ANI only,,93.57,11,,,S1F11,bin.4
bin.22,d__Bacteria;p__Bacteroidota;c__Bacteroidia;o__Cytophagales;f__Spirosomataceae;g__Aquirufa;s__Aquirufa antheringensis,GCF_004307425.1,95.0,d__Bacteria;p__Bacteroidota;c__Bacteroidia;o__Cytophagales;f__Spirosomataceae;g__Aquirufa;s__Aquirufa antheringensis,97.43,0.938,,,,,,,ani_screen,classification based on ANI only,"GCF_004307425.1, s__Aquirufa antheringensis, 95.0, 97.43, 0.938; GCF_042714495.1, s__Aquirufa originis, 95.0, 92.4, 0.782; GCF_042715595.1, s__Aquirufa esocilacus, 95.0, 91.0, 0.631; GCA_040403415.1, s__Aquirufa sp040403415, 95.0, 90.59, 0.611; GCF_019916085.1, s__Aquirufa lenticrescens, 95.0, 90.2, 0.674; GCA_947450865.1, s__Aquirufa sp947450865, 95.0, 89.51, 0.527",74.67,11,,,S1F11,bin.22
bin.20,d__Bacteria;p__Pseudomonadota;c__Alphaproteobacteria;o__Rhodobacterales;f__Rhodobacteraceae;g__Cypionkella;s__Cypionkella sp964497815,GCA_964497815.1,95.0,d__Bacteria;p__Pseudomonadota;c__Alphaproteobacteria;o__Rhodobacterales;f__Rhodobacteraceae;g__Cypionkella;s__Cypionkella sp964497815,99.01,0.9,,,,,,,ani_screen,classification based on ANI only,,70.42,11,,,S1F11,bin.20
bin.7,d__Bacteria;p__Actinomycetota;c__Actinomycetes;o__Actinomycetales;f__Microbacteriaceae;g__Aurantimicrobium;s__Aurantimicrobium photophilum,GCF_003194085.1,95.0,d__Bacteria;p__Actinomycetota;c__Actinomycetes;o__Actinomycetales;f__Microbacteriaceae;g__Aurantimicrobium;s__Aurantimicrobium photophilum,97.58,0.893,,,,,,,ani_screen,classification based on ANI only,,66.17,11,,,S1G4,bin.7
bin.10,d__Bacteria;p__Bacteroidota;c__Bacteroidia;o__Chitinophagales;f__Chitinophagaceae;g__Sediminibacterium;s__Sediminibacterium sp030158665,GCA_030158665.1,95.0,d__Bacteria;p__Bacteroidota;c__Bacteroidia;o__Chitinophagales;f__Chitinophagaceae;g__Sediminibacterium;s__Sediminibacterium sp030158665,97.87,0.782,,,,,,,ani_screen,classification based on ANI only,,84.57,11,,,S1G4,bin.10
bin.18,d__Bacteria;p__Actinomycetota;c__Actinomycetes;o__S36-B12;f__S36-B12;g__UBA11398;s__UBA11398 sp028687755,GCA_028687755.1,95.0,d__Bacteria;p__Actinomycetota;c__Actinomycetes;o__S36-B12;f__S36-B12;g__UBA11398;s__UBA11398 sp028687755,98.63,0.937,,,,,,,ani_screen,classification based on ANI only,,64.17,11,,,S1G4,bin.18
bin.13,d__Bacteria;p__Actinomycetota;c__Actinomycetes;o__Nanopelagicales;f__Nanopelagicaceae;g__Planktophila;s__Planktophila sp937975715,GCA_937975715.1,95.0,d__Bacteria;p__Actinomycetota;c__Actinomycetes;o__Nanopelagicales;f__Nanopelagicaceae;g__Planktophila;s__Planktophila sp937975715,97.96,0.886,,,,,,,ani_screen,classification based on ANI only,,65.95,11,,,S1G4,bin.13
bin.9,d__Bacteria;p__Pseudomonadota;c__Gammaproteobacteria;o__Burkholderiales;f__Burkholderiaceae;g__Polynucleobacter;s__Polynucleobacter sp030693775,GCF_030693775.1,95.0,d__Bacteria;p__Pseudomonadota;c__Gammaproteobacteria;o__Burkholderiales;f__Burkholderiaceae;g__Polynucleobacter;s__Polynucleobacter sp030693775,98.63,0.954,,,,,,,ani_screen,classification based on ANI only,"GCF_030693775.1, s__Polynucleobacter sp030693775, 95.0, 98.63, 0.954; GCA_027486025.1, s__Polynucleobacter sp027486025, 95.0, 90.5, 0.688; GCA_964636135.1, s__Polynucleobacter sp964636135, 95.0, 90.46, 0.615; GCF_003065365.1, s__Polynucleobacter difficilis, 95.0, 90.08, 0.725; GCA_036770845.1, s__Polynucleobacter sp036770845, 95.0, 89.71, 0.545; GCA_943371165.1, s__Polynucleobacter sp943371165, 95.0, 89.63, 0.64; GCA_044379065.1, s__Polynucleobacter sp044379065, 95.0, 89.28, 0.579; GCA_964203875.1, s__Polynucleobacter sp964203875, 95.0, 88.82, 0.643; GCA_964621735.1, s__Polynucleobacter sp964621735, 95.0, 88.48, 0.522; GCA_044345755.1, s__Polynucleobacter sp044345755, 95.0, 87.4, 0.532; GCA_044345935.1, s__Polynucleobacter sp044345935, 95.0, 87.09, 0.513",69.74,11,,,S1F6,bin.9
bin.1,d__Bacteria;p__Pseudomonadota;c__Gammaproteobacteria;o__Burkholderiales;f__Burkholderiaceae_D;g__Pernthalerella;s__Pernthalerella sp030157545,GCA_030157545.1,95.0,d__Bacteria;p__Pseudomonadota;c__Gammaproteobacteria;o__Burkholderiales;f__Burkholderiaceae_D;g__Pernthalerella;s__Pernthalerella sp030157545,99.2,0.95,,,,,,,ani_screen,classification based on ANI only,,91.62,11,,,S1F6,bin.1
bin.19,d__Bacteria;p__Pseudomonadota;c__Gammaproteobacteria;o__Burkholderiales;f__Methylophilaceae;g__Methylopumilus_A;s__Methylopumilus_A sp040383445,GCA_040383445.1,95.0,d__Bacteria;p__Pseudomonadota;c__Gammaproteobacteria;o__Burkholderiales;f__Methylophilaceae;g__Methylopumilus_A;s__Methylopumilus_A sp040383445,97.12,0.813,,,,,,,ani_screen,classification based on ANI only,,79.4,11,,,S1F6,bin.19
bin.12,d__Bacteria;p__Bacteroidota;c__Bacteroidia;o__Cytophagales;f__Spirosomataceae;g__Aquirufa;s__Aquirufa antheringensis,GCF_004307425.1,95.0,d__Bacteria;p__Bacteroidota;c__Bacteroidia;o__Cytophagales;f__Spirosomataceae;g__Aquirufa;s__Aquirufa antheringensis,97.51,0.931,,,,,,,ani_screen,classification based on ANI only,"GCF_004307425.1, s__Aquirufa antheringensis, 95.0, 97.51, 0.931; GCF_042714495.1, s__Aquirufa originis, 95.0, 92.14, 0.774; GCF_042715595.1, s__Aquirufa esocilacus, 95.0, 90.92, 0.621; GCA_040403415.1, s__Aquirufa sp040403415, 95.0, 90.57, 0.604; GCF_019916085.1, s__Aquirufa lenticrescens, 95.0, 89.84, 0.663; GCA_947450865.1, s__Aquirufa sp947450865, 95.0, 89.35, 0.532",64.53,11,,,S1F6,bin.12
bin.14,d__Bacteria;p__Bacteroidota;c__Bacteroidia;o__Chitinophagales;f__Chitinophagaceae;g__Sediminibacterium;s__Sediminibacterium sp030158665,GCA_030158665.1,95.0,d__Bacteria;p__Bacteroidota;c__Bacteroidia;o__Chitinophagales;f__Chitinophagaceae;g__Sediminibacterium;s__Sediminibacterium sp030158665,97.68,0.778,,,,,,,ani_screen,classification based on ANI only,,91.52,11,,,S1F6,bin.14
bin.12,d__Bacteria;p__Bacteroidota;c__Bacteroidia;o__Chitinophagales;f__Chitinophagaceae;g__UBA10646;s__UBA10646 sp004292605,GCA_004292605.1,95.0,d__Bacteria;p__Bacteroidota;c__Bacteroidia;o__Chitinophagales;f__Chitinophagaceae;g__UBA10646;s__UBA10646 sp004292605,96.57,0.843,,,,,,,ani_screen,classification based on ANI only,,81.48,11,,,S1E6,bin.12
bin.21,d__Bacteria;p__Bacteroidota;c__Bacteroidia;o__Flavobacteriales;f__Flavobacteriaceae;g__Flavobacterium;s__Flavobacterium ammonificans,GCF_020886115.1,95.0,d__Bacteria;p__Bacteroidota;c__Bacteroidia;o__Flavobacteriales;f__Flavobacteriaceae;g__Flavobacterium;s__Flavobacterium ammonificans,98.99,0.981,,,,,,,ani_screen,classification based on ANI only,,80.14,11,,,S1E6,bin.21
bin.16,d__Bacteria;p__Bacteroidota;c__Bacteroidia;o__Chitinophagales;f__Chitinophagaceae;g__UBA10646;s__UBA10646 sp004292605,GCA_004292605.1,95.0,d__Bacteria;p__Bacteroidota;c__Bacteroidia;o__Chitinophagales;f__Chitinophagaceae;g__UBA10646;s__UBA10646 sp004292605,96.3,0.866,,,,,,,ani_screen,classification based on ANI only,,92.28,11,,,S1D8,bin.16
bin.10,d__Bacteria;p__Bacteroidota;c__Bacteroidia;o__Flavobacteriales;f__Flavobacteriaceae;g__Flavobacterium;s__Flavobacterium sp017984495,GCA_017984495.1,95.0,d__Bacteria;p__Bacteroidota;c__Bacteroidia;o__Flavobacteriales;f__Flavobacteriaceae;g__Flavobacterium;s__Flavobacterium sp017984495,98.32,0.798,,,,,,,ani_screen,classification based on ANI only,,61.96,11,,,S1D8,bin.10
bin.26,d__Bacteria;p__Pseudomonadota;c__Gammaproteobacteria;o__Burkholderiales;f__Burkholderiaceae_C;g__Hydrogenophaga;s__,,,,,,,,,,,d__Bacteria;p__Pseudomonadota;c__Gammaproteobacteria;o__Burkholderiales;f__Burkholderiaceae_C;g__Hydrogenophaga;s__,taxonomic classification fully defined by topology,classification based on placement in class-level tree,,64.29,11,0.99499,,S1D8,bin.26
bin.13,d__Bacteria;p__Bacteroidota;c__Bacteroidia;o__Flavobacteriales;f__Flavobacteriaceae;g__Flavobacterium;s__Flavobacterium ammonificans,GCF_020886115.1,95.0,d__Bacteria;p__Bacteroidota;c__Bacteroidia;o__Flavobacteriales;f__Flavobacteriaceae;g__Flavobacterium;s__Flavobacterium ammonificans,97.22,0.862,,,,,,,ani_screen,classification based on ANI only,,88.8,11,,,S1D8,bin.13
bin.17,d__Bacteria;p__Pseudomonadota;c__Gammaproteobacteria;o__Burkholderiales;f__Burkholderiaceae_C;g__Hydrogenophaga;s__,,,,,,,,,,,d__Bacteria;p__Pseudomonadota;c__Gammaproteobacteria;o__Burkholderiales;f__Burkholderiaceae_C;g__Hydrogenophaga;s__,taxonomic classification fully defined by topology,classification based on placement in class-level tree,,52.1,11,0.99122,,S1D8,bin.17
bin.16,d__Bacteria;p__Bacteroidota;c__Bacteroidia;o__Chitinophagales;f__Chitinophagaceae;g__Sediminibacterium;s__Sediminibacterium sp030158665,GCA_030158665.1,95.0,d__Bacteria;p__Bacteroidota;c__Bacteroidia;o__Chitinophagales;f__Chitinophagaceae;g__Sediminibacterium;s__Sediminibacterium sp030158665,97.67,0.804,,,,,,,ani_screen,classification based on ANI only,,95.45,11,,,S1E8,bin.16
bin.15,d__Bacteria;p__Actinomycetota;c__Actinomycetes;o__Actinomycetales;f__Microbacteriaceae;g__Aquiluna;s__Aquiluna sp002479805,GCA_002479805.1,95.0,d__Bacteria;p__Actinomycetota;c__Actinomycetes;o__Actinomycetales;f__Microbacteriaceae;g__Aquiluna;s__Aquiluna sp002479805,96.13,0.828,,,,,,,ani_screen,classification based on ANI only,,75.03,11,,,S1E8,bin.15
bin.25,d__Bacteria;p__Pseudomonadota;c__Gammaproteobacteria;o__Burkholderiales;f__Burkholderiaceae;g__Polynucleobacter;s__Polynucleobacter sp030696845,GCA_030696845.1,95.0,d__Bacteria;p__Pseudomonadota;c__Gammaproteobacteria;o__Burkholderiales;f__Burkholderiaceae;g__Polynucleobacter;s__Polynucleobacter sp030696845,99.49,0.975,,,,,,,ani_screen,classification based on ANI only,,77.25,11,,,S1E8,bin.25
bin.5,d__Bacteria;p__Pseudomonadota;c__Gammaproteobacteria;o__Burkholderiales;f__Burkholderiaceae_D;g__Pernthalerella;s__Pernthalerella sp034680505,GCA_034680505.1,95.0,d__Bacteria;p__Pseudomonadota;c__Gammaproteobacteria;o__Burkholderiales;f__Burkholderiaceae_D;g__Pernthalerella;s__Pernthalerella sp034680505,98.82,0.885,,,,,,,ani_screen,classification based on ANI only,"GCA_034680505.1, s__Pernthalerella sp034680505, 95.0, 98.82, 0.885; GCA_945883145.1, s__Pernthalerella sp945883145, 95.0, 90.26, 0.616; GCA_041176585.1, s__Pernthalerella sp041176585, 95.0, 88.44, 0.51",73.11,11,,,S1D6,bin.5
bin.16,d__Bacteria;p__Pseudomonadota;c__Gammaproteobacteria;o__Burkholderiales;f__Burkholderiaceae_C;g__Limnohabitans_A;s__Limnohabitans_A sp049655425,GCA_049655425.1,95.0,d__Bacteria;p__Pseudomonadota;c__Gammaproteobacteria;o__Burkholderiales;f__Burkholderiaceae_C;g__Limnohabitans_A;s__Limnohabitans_A sp049655425,97.24,0.918,,,,,,,ani_screen,classification based on ANI only,,80.08,11,,,S1D6,bin.16
bin.22,d__Bacteria;p__Actinomycetota;c__Actinomycetes;o__Actinomycetales;f__Microbacteriaceae;g__Rhodoluna;s__Rhodoluna sp041179725,GCA_041179725.1,95.0,d__Bacteria;p__Actinomycetota;c__Actinomycetes;o__Actinomycetales;f__Microbacteriaceae;g__Rhodoluna;s__Rhodoluna sp041179725,98.88,0.792,,,,,,,ani_screen,classification based on ANI only,,70.0,11,,,S1D6,bin.22
bin.57,d__Bacteria;p__Actinomycetota;c__Actinomycetes;o__Nanopelagicales;f__Nanopelagicaceae;g__Planktophila;s__,,,,,,,,,,,d__Bacteria;p__Actinomycetota;c__Actinomycetes;o__Nanopelagicales;f__Nanopelagicaceae;g__Planktophila;s__,taxonomic classification fully defined by topology,classification based on placement in class-level tree,,62.02,11,0.99874,,S1D6,bin.57
bin.26,d__Bacteria;p__Actinomycetota;c__Actinomycetes;o__Nanopelagicales;f__Nanopelagicaceae;g__Planktophila;s__,,,,,,,,,,,d__Bacteria;p__Actinomycetota;c__Actinomycetes;o__Nanopelagicales;f__Nanopelagicaceae;g__Planktophila;s__,taxonomic classification fully defined by topology,classification based on placement in class-level tree,,62.67,11,0.99668,,S1D6,bin.26
bin.45,d__Bacteria;p__Verrucomicrobiota;c__Verrucomicrobiia;o__Verrucomicrobiales;f__Akkermansiaceae;g__UBA956;s__UBA956 sp004293285,GCA_004293285.1,95.0,d__Bacteria;p__Verrucomicrobiota;c__Verrucomicrobiia;o__Verrucomicrobiales;f__Akkermansiaceae;g__UBA956;s__UBA956 sp004293285,98.72,0.802,,,,,,,ani_screen,classification based on ANI only,,88.56,11,,,S1D6,bin.45
bin.54,d__Bacteria;p__Pseudomonadota;c__Alphaproteobacteria;o__Sphingomonadales;f__Sphingomonadaceae;g__Aquisediminimonas;s__Aquisediminimonas sp046046525,GCA_046046525.1,95.0,d__Bacteria;p__Pseudomonadota;c__Alphaproteobacteria;o__Sphingomonadales;f__Sphingomonadaceae;g__Aquisediminimonas;s__Aquisediminimonas sp046046525,99.15,0.89,,,,,,,ani_screen,classification based on ANI only,,68.18,11,,,S1D6,bin.54
bin.13,d__Bacteria;p__Bacteroidota;c__Bacteroidia;o__Chitinophagales;f__Chitinophagaceae;g__Sediminibacterium;s__Sediminibacterium sp030158535,GCA_030158535.1,95.0,d__Bacteria;p__Bacteroidota;c__Bacteroidia;o__Chitinophagales;f__Chitinophagaceae;g__Sediminibacterium;s__Sediminibacterium sp030158535,96.56,0.853,,,,,,,ani_screen,classification based on ANI only,"GCA_030158535.1, s__Sediminibacterium sp030158535, 95.0, 96.56, 0.853; GCA_017987615.1, s__Sediminibacterium sp017987615, 95.0, 94.39, 0.708; GCA_037975885.1, s__Sediminibacterium sp037975885, 95.0, 94.29, 0.903; GCA_945873615.1, s__Sediminibacterium ginsengisoli_E, 95.04, 93.77, 0.875; GCA_903958045.1, s__Sediminibacterium sp903958045, 95.0, 91.77, 0.785; GCA_947459295.1, s__Sediminibacterium sp947459295, 95.0, 90.8, 0.751; GCA_044341045.1, s__Sediminibacterium sp044341045, 95.0, 90.7, 0.723; GCA_018971025.1, s__Sediminibacterium sp018971025, 95.0, 89.44, 0.554; GCA_947461125.1, s__Sediminibacterium sp947461125, 95.0, 88.86, 0.594; GCA_040403595.1, s__Sediminibacterium sp040403595, 95.0, 88.76, 0.571; GCA_027487895.1, s__Sediminibacterium sp027487895, 95.0, 88.54, 0.554; GCA_049418605.1, s__Sediminibacterium sp049418605, 95.0, 88.5, 0.545; GCA_041173245.1, s__Sediminibacterium sp041173245, 95.0, 87.86, 0.517; GCA_945901845.1, s__Sediminibacterium ginsengisoli_A, 95.0, 87.78, 0.502",77.45,11,,,S1D6,bin.13
bin.43,d__Bacteria;p__Bacteroidota;c__Bacteroidia;o__Chitinophagales;f__Chitinophagaceae;g__Sediminibacterium;s__Sediminibacterium sp937900675,GCA_937900675.1,95.0,d__Bacteria;p__Bacteroidota;c__Bacteroidia;o__Chitinophagales;f__Chitinophagaceae;g__Sediminibacterium;s__Sediminibacterium sp937900675,95.73,0.908,,,,,,,ani_screen,classification based on ANI only,,70.08,11,,,S1D6,bin.43
bin.48,d__Bacteria;p__Pseudomonadota;c__Gammaproteobacteria;o__Methylococcales;f__Methylococcaceae;g__UBA6136;s__UBA6136 sp041158345,GCA_041158345.1,95.0,d__Bacteria;p__Pseudomonadota;c__Gammaproteobacteria;o__Methylococcales;f__Methylococcaceae;g__UBA6136;s__UBA6136 sp041158345,99.03,0.741,,,,,,,ani_screen,classification based on ANI only,,57.62,11,,,S1D6,bin.48
bin.47,d__Bacteria;p__Pseudomonadota;c__Gammaproteobacteria;o__Burkholderiales;f__Burkholderiaceae_C;g__RS62;s__RS62 sp041170945,GCA_041170945.1,95.0,d__Bacteria;p__Pseudomonadota;c__Gammaproteobacteria;o__Burkholderiales;f__Burkholderiaceae_C;g__RS62;s__RS62 sp041170945,99.06,0.775,,,,,,,ani_screen,classification based on ANI only,,81.08,11,,,S1D6,bin.47
bin.25,d__Bacteria;p__Bacteroidota;c__Bacteroidia;o__Cytophagales;f__Spirosomataceae;g__Aquirufa;s__Aquirufa sp039798865,GCA_039798865.1,95.0,d__Bacteria;p__Bacteroidota;c__Bacteroidia;o__Cytophagales;f__Spirosomataceae;g__Aquirufa;s__Aquirufa sp039798865,96.9,0.722,,,,,,,ani_screen,classification based on ANI only,,74.99,11,,,S1D6,bin.25
bin.49,d__Bacteria;p__Bacteroidota;c__Bacteroidia;o__Chitinophagales;f__Chitinophagaceae;g__Sediminibacterium;s__Sediminibacterium sp039805185,GCA_039805185.1,95.0,d__Bacteria;p__Bacteroidota;c__Bacteroidia;o__Chitinophagales;f__Chitinophagaceae;g__Sediminibacterium;s__Sediminibacterium sp039805185,99.38,0.939,,,,,,,ani_screen,classification based on ANI only,,68.82,11,,,S1D6,bin.49
bin.6,d__Bacteria;p__Bacteroidota;c__Bacteroidia;o__NS11-12g;f__UBA955;g__UBA955;s__UBA955 sp027488495,GCA_027488495.1,95.0,d__Bacteria;p__Bacteroidota;c__Bacteroidia;o__NS11-12g;f__UBA955;g__UBA955;s__UBA955 sp027488495,95.83,0.831,,,,,,,ani_screen,classification based on ANI only,,97.94,11,,,S1D6,bin.6
bin.24,d__Bacteria;p__Actinomycetota;c__Acidimicrobiia;o__Acidimicrobiales;f__Ilumatobacteraceae;g__UBA2093;s__UBA2093 sp041175365,GCA_041175365.1,95.0,d__Bacteria;p__Actinomycetota;c__Acidimicrobiia;o__Acidimicrobiales;f__Ilumatobacteraceae;g__UBA2093;s__UBA2093 sp041175365,98.65,0.842,,,,,,,ani_screen,classification based on ANI only,,81.5,11,,,S1D6,bin.24
bin.55,d__Bacteria;p__Pseudomonadota;c__Alphaproteobacteria;o__Rhodobacterales;f__Rhodobacteraceae;g__Tabrizicola_A;s__Tabrizicola_A aquatica,GCA_965194375.1,95.0,d__Bacteria;p__Pseudomonadota;c__Alphaproteobacteria;o__Rhodobacterales;f__Rhodobacteraceae;g__Tabrizicola_A;s__Tabrizicola_A aquatica,96.38,0.879,,,,,,,ani_screen,classification based on ANI only,"GCA_965194375.1, s__Tabrizicola_A aquatica, 95.0, 96.38, 0.879; GCA_044377735.1, s__Tabrizicola_A sp044377735, 95.0, 90.0, 0.594; GCA_049419625.1, s__Tabrizicola_A sp049419625, 95.0, 89.85, 0.576",88.58,11,,,S1D6,bin.55
bin.15,d__Bacteria;p__Actinomycetota;c__Actinomycetes;o__Actinomycetales;f__Microbacteriaceae;g__Aquiluna;s__Aquiluna sp002479805,GCA_002479805.1,95.0,d__Bacteria;p__Actinomycetota;c__Actinomycetes;o__Actinomycetales;f__Microbacteriaceae;g__Aquiluna;s__Aquiluna sp002479805,96.55,0.879,,,,,,,ani_screen,classification based on ANI only,,81.5,11,,,S1E5,bin.15
bin.3,d__Bacteria;p__Bacteroidota;c__Bacteroidia;o__Chitinophagales;f__Chitinophagaceae;g__Sediminibacterium;s__Sediminibacterium sp030158665,GCA_030158665.1,95.0,d__Bacteria;p__Bacteroidota;c__Bacteroidia;o__Chitinophagales;f__Chitinophagaceae;g__Sediminibacterium;s__Sediminibacterium sp030158665,97.79,0.828,,,,,,,ani_screen,classification based on ANI only,,92.02,11,,,S1E5,bin.3
bin.21,d__Bacteria;p__Actinomycetota;c__Actinomycetes;o__Actinomycetales;f__Microbacteriaceae;g__Aquiluna;s__,,,,,,,,,,,d__Bacteria;p__Actinomycetota;c__Actinomycetes;o__Actinomycetales;f__Microbacteriaceae;g__Aquiluna;s__,taxonomic classification fully defined by topology,classification based on placement in class-level tree,,59.24,11,0.98719,,S1E5,bin.21
bin.25,d__Bacteria;p__Pseudomonadota;c__Gammaproteobacteria;o__Burkholderiales;f__Burkholderiaceae;g__Polynucleobacter;s__Polynucleobacter sp046046075,GCA_046046075.1,95.0,d__Bacteria;p__Pseudomonadota;c__Gammaproteobacteria;o__Burkholderiales;f__Burkholderiaceae;g__Polynucleobacter;s__Polynucleobacter sp046046075,98.5,0.804,,,,,,,ani_screen,classification based on ANI only,"GCA_046046075.1, s__Polynucleobacter sp046046075, 95.0, 98.5, 0.804; GCA_937996825.1, s__Polynucleobacter sp937996825, 95.0, 93.05, 0.758; GCA_937863045.1, s__Polynucleobacter sp937863045, 95.0, 89.53, 0.607; GCF_018687615.1, s__Polynucleobacter sp018687615, 95.0, 89.3, 0.65; GCA_039805465.1, s__Polynucleobacter sp039805465, 95.0, 89.21, 0.617; GCF_018882285.1, s__Polynucleobacter sp018882285, 95.0, 89.18, 0.664; GCF_002224225.1, s__Polynucleobacter cosmopolitanus, 95.0, 89.05, 0.613",66.07,11,,,S1E5,bin.25
bin.29,d__Bacteria;p__Bacteroidota;c__Bacteroidia;o__Flavobacteriales;f__Flavobacteriaceae;g__Flavobacterium;s__Flavobacterium ammonificans,GCF_020886115.1,95.0,d__Bacteria;p__Bacteroidota;c__Bacteroidia;o__Flavobacteriales;f__Flavobacteriaceae;g__Flavobacterium;s__Flavobacterium ammonificans,98.39,0.826,,,,,,,ani_screen,classification based on ANI only,,60.86,11,,,S1E5,bin.29
bin.6,d__Bacteria;p__Pseudomonadota;c__Gammaproteobacteria;o__Burkholderiales;f__Burkholderiaceae;g__Polynucleobacter;s__Polynucleobacter sp030696845,GCA_030696845.1,95.0,d__Bacteria;p__Pseudomonadota;c__Gammaproteobacteria;o__Burkholderiales;f__Burkholderiaceae;g__Polynucleobacter;s__Polynucleobacter sp030696845,99.57,0.985,,,,,,,ani_screen,classification based on ANI only,,85.63,11,,,S1E5,bin.6
bin.8,d__Bacteria;p__Pseudomonadota;c__Alphaproteobacteria;o__Sphingomonadales;f__Sphingomonadaceae;g__Novosphingobium;s__Novosphingobium sp041909515,GCA_041909515.1,95.0,d__Bacteria;p__Pseudomonadota;c__Alphaproteobacteria;o__Sphingomonadales;f__Sphingomonadaceae;g__Novosphingobium;s__Novosphingobium sp041909515,98.11,0.89,,,,,,,ani_screen,classification based on ANI only,"GCA_041909515.1, s__Novosphingobium sp041909515, 95.0, 98.11, 0.89; GCF_014652615.1, s__Novosphingobium arvoryzae, 95.0, 90.82, 0.684; GCF_030699305.1, s__Novosphingobium sp030699305, 95.0, 88.76, 0.522",75.05,11,,,S1C7,bin.8
bin.41,d__Bacteria;p__Bacteroidota;c__Bacteroidia;o__Flavobacteriales_D;f__Crocinitomicaceae;g__UBA952;s__UBA952 sp018883325,GCA_018883325.1,95.0,d__Bacteria;p__Bacteroidota;c__Bacteroidia;o__Flavobacteriales_D;f__Crocinitomicaceae;g__UBA952;s__UBA952 sp018883325,98.26,0.855,,,,,,,ani_screen,classification based on ANI only,,77.07,11,,,S1C7,bin.41
bin.4,d__Bacteria;p__Verrucomicrobiota;c__Verrucomicrobiia;o__Verrucomicrobiales;f__Verrucomicrobiaceae;g__Prosthecobacter;s__Prosthecobacter sp937941745,GCA_937941745.1,95.0,d__Bacteria;p__Verrucomicrobiota;c__Verrucomicrobiia;o__Verrucomicrobiales;f__Verrucomicrobiaceae;g__Prosthecobacter;s__Prosthecobacter sp937941745,98.31,0.841,,,,,,,ani_screen,classification based on ANI only,,73.51,11,,,S1C7,bin.4
bin.26,d__Bacteria;p__Bacteroidota;c__Bacteroidia;o__UKL13-3;f__UKL13-3;g__B1;s__B1 sp022402405,GCA_022402405.1,95.0,d__Bacteria;p__Bacteroidota;c__Bacteroidia;o__UKL13-3;f__UKL13-3;g__B1;s__B1 sp022402405,97.29,0.786,,,,,,,ani_screen,classification based on ANI only,,96.99,11,,,S1C7,bin.26
bin.43,d__Bacteria;p__Pseudomonadota;c__Gammaproteobacteria;o__Burkholderiales;f__Burkholderiaceae;g__Polynucleobacter;s__Polynucleobacter sp046046075,GCA_046046075.1,95.0,d__Bacteria;p__Pseudomonadota;c__Gammaproteobacteria;o__Burkholderiales;f__Burkholderiaceae;g__Polynucleobacter;s__Polynucleobacter sp046046075,98.52,0.876,,,,,,,ani_screen,classification based on ANI only,"GCA_046046075.1, s__Polynucleobacter sp046046075, 95.0, 98.52, 0.876; GCA_937996825.1, s__Polynucleobacter sp937996825, 95.0, 93.65, 0.791; GCA_937863045.1, s__Polynucleobacter sp937863045, 95.0, 89.9, 0.657; GCF_018882285.1, s__Polynucleobacter sp018882285, 95.0, 89.54, 0.698; GCF_018687615.1, s__Polynucleobacter sp018687615, 95.0, 89.44, 0.682; GCA_039805465.1, s__Polynucleobacter sp039805465, 95.0, 89.4, 0.636; GCF_002224225.1, s__Polynucleobacter cosmopolitanus, 95.0, 89.28, 0.678",91.1,11,,,S1C7,bin.43
bin.61,d__Bacteria;p__Bacteroidota;c__Bacteroidia;o__Chitinophagales;f__Chitinophagaceae;g__Sediminibacterium;s__Sediminibacterium salmoneum,GCF_000511175.1,95.0,d__Bacteria;p__Bacteroidota;c__Bacteroidia;o__Chitinophagales;f__Chitinophagaceae;g__Sediminibacterium;s__Sediminibacterium salmoneum,97.81,0.826,,,,,,,ani_screen,classification based on ANI only,,68.9,11,,,S1C7,bin.61
bin.31,d__Bacteria;p__Bacteroidota;c__Bacteroidia;o__Chitinophagales;f__Chitinophagaceae;g__Sediminibacterium;s__Sediminibacterium sp039805185,GCA_039805185.1,95.0,d__Bacteria;p__Bacteroidota;c__Bacteroidia;o__Chitinophagales;f__Chitinophagaceae;g__Sediminibacterium;s__Sediminibacterium sp039805185,99.43,0.954,,,,,,,ani_screen,classification based on ANI only,,85.01,11,,,S1C7,bin.31
bin.17,d__Bacteria;p__Bacteroidota;c__Bacteroidia;o__Flavobacteriales;f__Flavobacteriaceae;g__Flavobacterium;s__Flavobacterium sp025947285,GCF_025947285.1,95.0,d__Bacteria;p__Bacteroidota;c__Bacteroidia;o__Flavobacteriales;f__Flavobacteriaceae;g__Flavobacterium;s__Flavobacterium sp025947285,98.66,0.792,,,,,,,ani_screen,classification based on ANI only,,72.95,11,,,S1C7,bin.17
bin.5,d__Bacteria;p__Pseudomonadota;c__Alphaproteobacteria;o__Sphingomonadales;f__Sphingomonadaceae;g__Novosphingobium;s__Novosphingobium sp964572445,GCA_964572445.1,95.0,d__Bacteria;p__Pseudomonadota;c__Alphaproteobacteria;o__Sphingomonadales;f__Sphingomonadaceae;g__Novosphingobium;s__Novosphingobium sp964572445,97.46,0.858,,,,,,,ani_screen,classification based on ANI only,,64.21,11,,,S1G11,bin.5
bin.7,d__Bacteria;p__Pseudomonadota;c__Gammaproteobacteria;o__Burkholderiales;f__Burkholderiaceae_C;g__Limnohabitans;s__Limnohabitans sp947451565,GCA_947451565.1,95.0,d__Bacteria;p__Pseudomonadota;c__Gammaproteobacteria;o__Burkholderiales;f__Burkholderiaceae_C;g__Limnohabitans;s__Limnohabitans sp947451565,96.88,0.713,,,,,,,ani_screen,classification based on ANI only,,49.32,11,,,S1G11,bin.7
bin.9,d__Bacteria;p__Pseudomonadota;c__Gammaproteobacteria;o__Burkholderiales;f__Burkholderiaceae;g__Polynucleobacter;s__Polynucleobacter sp039805465,GCA_039805465.1,95.0,d__Bacteria;p__Pseudomonadota;c__Gammaproteobacteria;o__Burkholderiales;f__Burkholderiaceae;g__Polynucleobacter;s__Polynucleobacter sp039805465,98.7,0.864,,,,,,,ani_screen,classification based on ANI only,"GCA_039805465.1, s__Polynucleobacter sp039805465, 95.0, 98.7, 0.864; GCA_020059445.1, s__Polynucleobacter sp020059445, 95.0, 91.28, 0.537; GCF_018882285.1, s__Polynucleobacter sp018882285, 95.0, 90.9, 0.599; GCA_937863045.1, s__Polynucleobacter sp937863045, 95.0, 90.9, 0.536; GCF_002224225.1, s__Polynucleobacter cosmopolitanus, 95.0, 90.53, 0.672; GCF_018687615.1, s__Polynucleobacter sp018687615, 95.0, 89.65, 0.549",71.52,11,,,S1G11,bin.9
bin.26,d__Bacteria;p__Pseudomonadota;c__Gammaproteobacteria;o__Burkholderiales;f__Burkholderiaceae_C;g__Limnohabitans_A;s__Limnohabitans_A sp003063265,GCF_003063265.1,95.0,d__Bacteria;p__Pseudomonadota;c__Gammaproteobacteria;o__Burkholderiales;f__Burkholderiaceae_C;g__Limnohabitans_A;s__Limnohabitans_A sp003063265,97.15,0.848,,,,,,,ani_screen,classification based on ANI only,,72.87,11,,,S1G11,bin.26
bin.19,d__Bacteria;p__Pseudomonadota;c__Gammaproteobacteria;o__Burkholderiales;f__Burkholderiaceae;g__Polynucleobacter;s__Polynucleobacter yangtzensis,GCF_001595965.1,95.0,d__Bacteria;p__Pseudomonadota;c__Gammaproteobacteria;o__Burkholderiales;f__Burkholderiaceae;g__Polynucleobacter;s__Polynucleobacter yangtzensis,97.94,0.905,,,,,,,ani_screen,classification based on ANI only,"GCF_001595965.1, s__Polynucleobacter yangtzensis, 95.0, 97.94, 0.905; GCF_018882415.1, s__Polynucleobacter sp018882415, 95.0, 93.79, 0.778; GCF_018882245.1, s__Polynucleobacter sp018882245, 95.0, 91.35, 0.735; GCF_018687275.1, s__Polynucleobacter sp018687275, 95.0, 90.33, 0.651; GCF_018881815.1, s__Polynucleobacter sp018881815, 95.0, 90.12, 0.707; GCF_027924105.1, s__Polynucleobacter sp018881795, 95.0, 88.44, 0.515",66.19,11,,,S1G11,bin.19
bin.32,d__Bacteria;p__Bacteroidota;c__Bacteroidia;o__Chitinophagales;f__Chitinophagaceae;g__Sediminibacterium;s__Sediminibacterium sp030158665,GCA_030158665.1,95.0,d__Bacteria;p__Bacteroidota;c__Bacteroidia;o__Chitinophagales;f__Chitinophagaceae;g__Sediminibacterium;s__Sediminibacterium sp030158665,97.96,0.772,,,,,,,ani_screen,classification based on ANI only,,94.53,11,,,S1G11,bin.32
bin.24,d__Bacteria;p__Pseudomonadota;c__Alphaproteobacteria;o__Rhodobacterales;f__Rhodobacteraceae;g__Paragemmobacter;s__,,,,,,,,,,,d__Bacteria;p__Pseudomonadota;c__Alphaproteobacteria;o__Rhodobacterales;f__Rhodobacteraceae;g__Paragemmobacter;s__,taxonomic classification fully defined by topology,classification based on placement in class-level tree,,68.02,11,0.99614,,S1G11,bin.24
bin.17,d__Bacteria;p__Actinomycetota;c__Actinomycetes;o__Actinomycetales;f__Microbacteriaceae;g__Aurantimicrobium;s__Aurantimicrobium photophilum,GCF_003194085.1,95.0,d__Bacteria;p__Actinomycetota;c__Actinomycetes;o__Actinomycetales;f__Microbacteriaceae;g__Aurantimicrobium;s__Aurantimicrobium photophilum,97.74,0.905,,,,,,,ani_screen,classification based on ANI only,,65.37,11,,,S1G11,bin.17
bin.8,d__Bacteria;p__Bacteroidota;c__Bacteroidia;o__NS11-12g;f__UBA955;g__UBA955;s__UBA955 sp027488495,GCA_027488495.1,95.0,d__Bacteria;p__Bacteroidota;c__Bacteroidia;o__NS11-12g;f__UBA955;g__UBA955;s__UBA955 sp027488495,95.83,0.817,,,,,,,ani_screen,classification based on ANI only,,98.34,11,,,S1B8,bin.8
bin.15,d__Bacteria;p__Pseudomonadota;c__Gammaproteobacteria;o__Burkholderiales;f__Burkholderiaceae_B;g__Zwartia;s__Zwartia panacis,GCF_030410395.1,95.0,d__Bacteria;p__Pseudomonadota;c__Gammaproteobacteria;o__Burkholderiales;f__Burkholderiaceae_B;g__Zwartia;s__Zwartia panacis,98.93,0.894,,,,,,,ani_screen,classification based on ANI only,,75.81,11,,,S1B8,bin.15
bin.12,d__Bacteria;p__Bacteroidota;c__Bacteroidia;o__Cytophagales;f__Spirosomataceae;g__Aquirufa;s__Aquirufa sp027491315,GCA_027491315.1,95.0,d__Bacteria;p__Bacteroidota;c__Bacteroidia;o__Cytophagales;f__Spirosomataceae;g__Aquirufa;s__Aquirufa sp027491315,98.95,0.972,,,,,,,ani_screen,classification based on ANI only,,99.12,11,,,S1B8,bin.12
bin.37,d__Bacteria;p__Pseudomonadota;c__Alphaproteobacteria;o__Sphingomonadales;f__Sphingomonadaceae;g__Novosphingobium;s__Novosphingobium sp964572445,GCA_964572445.1,95.0,d__Bacteria;p__Pseudomonadota;c__Alphaproteobacteria;o__Sphingomonadales;f__Sphingomonadaceae;g__Novosphingobium;s__Novosphingobium sp964572445,97.63,0.921,,,,,,,ani_screen,classification based on ANI only,,78.16,11,,,S1G10,bin.37
bin.9,d__Bacteria;p__Pseudomonadota;c__Alphaproteobacteria;o__Rhodobacterales;f__Rhodobacteraceae;g__Paragemmobacter;s__,,,,,,,,,,,d__Bacteria;p__Pseudomonadota;c__Alphaproteobacteria;o__Rhodobacterales;f__Rhodobacteraceae;g__Paragemmobacter;s__,taxonomic classification fully defined by topology,classification based on placement in class-level tree,,66.03,11,0.99648,,S1G10,bin.9
bin.18,d__Bacteria;p__Actinomycetota;c__Actinomycetes;o__Actinomycetales;f__Microbacteriaceae;g__Aurantimicrobium;s__Aurantimicrobium photophilum,GCF_003194085.1,95.0,d__Bacteria;p__Actinomycetota;c__Actinomycetes;o__Actinomycetales;f__Microbacteriaceae;g__Aurantimicrobium;s__Aurantimicrobium photophilum,97.96,0.92,,,,,,,ani_screen,classification based on ANI only,,70.5,11,,,S1G10,bin.18
bin.1,d__Bacteria;p__Pseudomonadota;c__Gammaproteobacteria;o__Burkholderiales;f__Burkholderiaceae;g__Polynucleobacter;s__Polynucleobacter yangtzensis,GCF_001595965.1,95.0,d__Bacteria;p__Pseudomonadota;c__Gammaproteobacteria;o__Burkholderiales;f__Burkholderiaceae;g__Polynucleobacter;s__Polynucleobacter yangtzensis,98.15,0.913,,,,,,,ani_screen,classification based on ANI only,"GCF_001595965.1, s__Polynucleobacter yangtzensis, 95.0, 98.15, 0.913; GCF_018882415.1, s__Polynucleobacter sp018882415, 95.0, 94.09, 0.806; GCF_018882245.1, s__Polynucleobacter sp018882245, 95.0, 91.46, 0.764; GCF_018881815.1, s__Polynucleobacter sp018881815, 95.0, 90.44, 0.72; GCF_018687275.1, s__Polynucleobacter sp018687275, 95.0, 90.44, 0.67; GCF_027924105.1, s__Polynucleobacter sp018881795, 95.0, 88.83, 0.52",82.0,11,,,S1G10,bin.1
bin.33,d__Bacteria;p__Actinomycetota;c__Actinomycetes;o__Nanopelagicales;f__Nanopelagicaceae;g__Planktophila;s__,,,,,,,,,,,d__Bacteria;p__Actinomycetota;c__Actinomycetes;o__Nanopelagicales;f__Nanopelagicaceae;g__Planktophila;s__,taxonomic classification fully defined by topology,classification based on placement in class-level tree,,63.27,11,0.99877,,S1G10,bin.33
bin.26,d__Bacteria;p__Pseudomonadota;c__Gammaproteobacteria;o__Burkholderiales;f__Burkholderiaceae;g__Polynucleobacter;s__Polynucleobacter sp039805465,GCA_039805465.1,95.0,d__Bacteria;p__Pseudomonadota;c__Gammaproteobacteria;o__Burkholderiales;f__Burkholderiaceae;g__Polynucleobacter;s__Polynucleobacter sp039805465,98.82,0.872,,,,,,,ani_screen,classification based on ANI only,"GCA_039805465.1, s__Polynucleobacter sp039805465, 95.0, 98.82, 0.872; GCF_018882285.1, s__Polynucleobacter sp018882285, 95.0, 90.99, 0.577; GCF_002224225.1, s__Polynucleobacter cosmopolitanus, 95.0, 90.45, 0.671; GCA_937863045.1, s__Polynucleobacter sp937863045, 95.0, 90.21, 0.507; GCF_018687615.1, s__Polynucleobacter sp018687615, 95.0, 89.7, 0.511",60.54,11,,,S1G10,bin.26
bin.19,d__Bacteria;p__Pseudomonadota;c__Gammaproteobacteria;o__Burkholderiales;f__Burkholderiaceae_C;g__Limnohabitans_A;s__Limnohabitans_A sp003063265,GCF_003063265.1,95.0,d__Bacteria;p__Pseudomonadota;c__Gammaproteobacteria;o__Burkholderiales;f__Burkholderiaceae_C;g__Limnohabitans_A;s__Limnohabitans_A sp003063265,97.43,0.878,,,,,,,ani_screen,classification based on ANI only,,84.43,11,,,S1G10,bin.19
bin.21,d__Bacteria;p__Pseudomonadota;c__Gammaproteobacteria;o__Burkholderiales;f__Burkholderiaceae_C;g__Limnohabitans;s__Limnohabitans sp947451565,GCA_947451565.1,95.0,d__Bacteria;p__Pseudomonadota;c__Gammaproteobacteria;o__Burkholderiales;f__Burkholderiaceae_C;g__Limnohabitans;s__Limnohabitans sp947451565,96.34,0.737,,,,,,,ani_screen,classification based on ANI only,,53.17,11,,,S1G10,bin.21
bin.24,d__Bacteria;p__Bacteroidota;c__Bacteroidia;o__Chitinophagales;f__Chitinophagaceae;g__Sediminibacterium;s__Sediminibacterium sp030158665,GCA_030158665.1,95.0,d__Bacteria;p__Bacteroidota;c__Bacteroidia;o__Chitinophagales;f__Chitinophagaceae;g__Sediminibacterium;s__Sediminibacterium sp030158665,97.68,0.796,,,,,,,ani_screen,classification based on ANI only,,93.97,11,,,S1G10,bin.24
bin.5,d__Bacteria;p__Bacteroidota;c__Bacteroidia;o__Flavobacteriales_D;f__Crocinitomicaceae;g__M0103;s__M0103 sp039797785,GCA_039797785.1,95.0,d__Bacteria;p__Bacteroidota;c__Bacteroidia;o__Flavobacteriales_D;f__Crocinitomicaceae;g__M0103;s__M0103 sp039797785,95.24,0.708,,,,,,,ani_screen,classification based on ANI only,,95.29,11,,,S1C5,bin.5
bin.10,d__Bacteria;p__Pseudomonadota;c__Gammaproteobacteria;o__Burkholderiales;f__Burkholderiaceae_C;g__Limnohabitans_A;s__Limnohabitans_A sp003063665,GCF_003063665.1,95.0,d__Bacteria;p__Pseudomonadota;c__Gammaproteobacteria;o__Burkholderiales;f__Burkholderiaceae_C;g__Limnohabitans_A;s__Limnohabitans_A sp003063665,96.83,0.873,,,,,,,ani_screen,classification based on ANI only,,69.76,11,,,S1C5,bin.10
bin.22,d__Bacteria;p__Pseudomonadota;c__Gammaproteobacteria;o__Burkholderiales;f__Rhodocyclaceae;g__Fluviibacter;s__Fluviibacter sp964387485,GCA_964387485.1,95.0,d__Bacteria;p__Pseudomonadota;c__Gammaproteobacteria;o__Burkholderiales;f__Rhodocyclaceae;g__Fluviibacter;s__Fluviibacter sp964387485,98.96,0.895,,,,,,,ani_screen,classification based on ANI only,,74.05,11,,,S1C5,bin.22
bin.10,d__Bacteria;p__Bacteroidota;c__Bacteroidia;o__Flavobacteriales;f__Flavobacteriaceae;g__Flavobacterium;s__Flavobacterium sp004293165,GCF_035195345.1,95.0,d__Bacteria;p__Bacteroidota;c__Bacteroidia;o__Flavobacteriales;f__Flavobacteriaceae;g__Flavobacterium;s__Flavobacterium sp004293165,96.25,0.771,,,,,,,ani_screen,classification based on ANI only,"GCF_035195345.1, s__Flavobacterium sp004293165, 95.0, 96.25, 0.771; GCA_044354955.1, s__Flavobacterium sp044354955, 95.0, 93.98, 0.746; GCA_044371865.1, s__Flavobacterium sp044371865, 95.0, 91.92, 0.572",98.2,11,,,S1C6,bin.10
bin.13,d__Bacteria;p__Bacteroidota;c__Bacteroidia;o__Cytophagales;f__Spirosomataceae;g__CAYNRA01;s__CAYNRA01 sp046293395,GCA_046293395.1,95.0,d__Bacteria;p__Bacteroidota;c__Bacteroidia;o__Cytophagales;f__Spirosomataceae;g__CAYNRA01;s__CAYNRA01 sp046293395,98.41,0.913,,,,,,,ani_screen,classification based on ANI only,,90.32,11,,,S1C6,bin.13
bin.7,d__Bacteria;p__Bacteroidota;c__Bacteroidia;o__Chitinophagales;f__Chitinophagaceae;g__Sediminibacterium;s__Sediminibacterium sp039805185,GCA_039805185.1,95.0,d__Bacteria;p__Bacteroidota;c__Bacteroidia;o__Chitinophagales;f__Chitinophagaceae;g__Sediminibacterium;s__Sediminibacterium sp039805185,99.16,0.924,,,,,,,ani_screen,classification based on ANI only,,94.83,11,,,S1D11,bin.7
bin.16,d__Bacteria;p__Pseudomonadota;c__Gammaproteobacteria;o__Burkholderiales;f__Methylophilaceae;g__Methylopumilus_A;s__Methylopumilus_A sp040383445,GCA_040383445.1,95.0,d__Bacteria;p__Pseudomonadota;c__Gammaproteobacteria;o__Burkholderiales;f__Methylophilaceae;g__Methylopumilus_A;s__Methylopumilus_A sp040383445,98.48,0.803,,,,,,,ani_screen,classification based on ANI only,,87.84,11,,,S1D11,bin.16
bin.4,d__Bacteria;p__Pseudomonadota;c__Alphaproteobacteria;o__Sphingomonadales;f__Sphingomonadaceae;g__Sphingorhabdus_B;s__Sphingorhabdus_B sp044374345,GCF_044374345.1,95.0,d__Bacteria;p__Pseudomonadota;c__Alphaproteobacteria;o__Sphingomonadales;f__Sphingomonadaceae;g__Sphingorhabdus_B;s__Sphingorhabdus_B sp044374345,95.49,0.897,,,,,,,ani_screen,classification based on ANI only,"GCF_044374345.1, s__Sphingorhabdus_B sp044374345, 95.0, 95.49, 0.897; GCF_044239005.1, s__Sphingorhabdus_B sp044239005, 95.0, 94.41, 0.864; GCA_002479765.1, s__Sphingorhabdus_B sp002479765, 95.0, 94.35, 0.902; GCF_014196595.1, s__Sphingorhabdus_B rigui, 95.0, 94.14, 0.883; GCF_044354325.1, s__Sphingorhabdus_B sp044354325, 95.0, 94.09, 0.844; GCA_002282385.1, s__Sphingorhabdus_B sp002282385, 95.0, 94.06, 0.893; GCA_943368745.1, s__Sphingorhabdus_B sp943368745, 95.0, 94.0, 0.863; GCA_021300355.1, s__Sphingorhabdus_B sp021300355, 95.0, 93.93, 0.836; GCA_044374245.1, s__Sphingorhabdus_B sp044374245, 95.0, 93.92, 0.824; GCA_002299195.1, s__Sphingorhabdus_B sp002299195, 95.0, 93.73, 0.81; GCA_041175505.1, s__Sphingorhabdus_B sp041175505, 95.0, 93.29, 0.855; GCF_044338195.1, s__Sphingorhabdus_B sp044338195, 95.0, 93.05, 0.879; GCA_027490455.1, s__Sphingorhabdus_B sp027490455, 95.0, 93.0, 0.842; GCA_044353705.1, s__Sphingorhabdus_B sp044353705, 95.0, 92.87, 0.824; GCA_964502655.1, s__Sphingorhabdus_B sp964502655, 95.0, 92.87, 0.763; GCA_041169905.1, s__Sphingorhabdus_B sp041169905, 95.0, 92.27, 0.801; GCA_002255985.1, s__Sphingorhabdus_B sp002255985, 95.0, 92.24, 0.769; GCA_937898535.1, s__Sphingorhabdus_B sp937898535, 95.0, 91.41, 0.676",96.71,11,,,S1D11,bin.4
bin.18,d__Bacteria;p__Verrucomicrobiota;c__Verrucomicrobiia;o__Verrucomicrobiales;f__Akkermansiaceae;g__UBA956;s__UBA956 sp044239965,GCA_044239965.1,95.0,d__Bacteria;p__Verrucomicrobiota;c__Verrucomicrobiia;o__Verrucomicrobiales;f__Akkermansiaceae;g__UBA956;s__UBA956 sp044239965,96.88,0.814,,,,,,,ani_screen,classification based on ANI only,"GCA_044239965.1, s__UBA956 sp044239965, 95.0, 96.88, 0.814; GCA_947460915.1, s__UBA956 sp947460915, 95.0, 94.39, 0.762; GCA_002293145.1, s__UBA956 sp002293145, 95.0, 89.16, 0.542",95.45,11,,,S1D11,bin.18
bin.42,d__Bacteria;p__Actinomycetota;c__Actinomycetes;o__Actinomycetales;f__Microbacteriaceae;g__Aurantimicrobium;s__Aurantimicrobium minutum,GCF_002355535.1,95.0,d__Bacteria;p__Actinomycetota;c__Actinomycetes;o__Actinomycetales;f__Microbacteriaceae;g__Aurantimicrobium;s__Aurantimicrobium minutum,97.95,0.935,,,,,,,ani_screen,classification based on ANI only,"GCF_002355535.1, s__Aurantimicrobium minutum, 95.0, 97.95, 0.935; GCF_027924525.1, s__Aurantimicrobium sp027924525, 95.0, 93.24, 0.841; GCF_003325955.1, s__Aurantimicrobium sp003325955, 95.0, 91.34, 0.8",66.51,11,,,S1D11,bin.42
bin.22,d__Bacteria;p__Bacteroidota;c__Bacteroidia;o__Chitinophagales;f__Chitinophagaceae;g__UBA10646;s__UBA10646 sp004292605,GCA_004292605.1,95.0,d__Bacteria;p__Bacteroidota;c__Bacteroidia;o__Chitinophagales;f__Chitinophagaceae;g__UBA10646;s__UBA10646 sp004292605,96.35,0.86,,,,,,,ani_screen,classification based on ANI only,,90.28,11,,,S1E3,bin.22
bin.20,d__Bacteria;p__Pseudomonadota;c__Gammaproteobacteria;o__Thiomicrospirales;f__Thiomicrospiraceae;g__GCA-002282575;s__GCA-002282575 sp002281095,GCA_002281095.1,95.0,d__Bacteria;p__Pseudomonadota;c__Gammaproteobacteria;o__Thiomicrospirales;f__Thiomicrospiraceae;g__GCA-002282575;s__GCA-002282575 sp002281095,97.58,0.782,,,,,,,ani_screen,classification based on ANI only,,70.56,11,,,S1E3,bin.20
bin.7,d__Bacteria;p__Pseudomonadota;c__Gammaproteobacteria;o__Burkholderiales;f__Burkholderiaceae_C;g__Limnohabitans_A;s__Limnohabitans_A sp003063265,GCF_003063265.1,95.0,d__Bacteria;p__Pseudomonadota;c__Gammaproteobacteria;o__Burkholderiales;f__Burkholderiaceae_C;g__Limnohabitans_A;s__Limnohabitans_A sp003063265,97.3,0.862,,,,,,,ani_screen,classification based on ANI only,,58.76,11,,,S1G12,bin.7
bin.15,d__Bacteria;p__Actinomycetota;c__Actinomycetes;o__Actinomycetales;f__Microbacteriaceae;g__Aurantimicrobium;s__Aurantimicrobium photophilum,GCF_003194085.1,95.0,d__Bacteria;p__Actinomycetota;c__Actinomycetes;o__Actinomycetales;f__Microbacteriaceae;g__Aurantimicrobium;s__Aurantimicrobium photophilum,97.65,0.898,,,,,,,ani_screen,classification based on ANI only,,72.65,11,,,S1G12,bin.15
bin.1,d__Bacteria;p__Bacteroidota;c__Bacteroidia;o__Chitinophagales;f__Chitinophagaceae;g__Sediminibacterium;s__Sediminibacterium sp030158665,GCA_030158665.1,95.0,d__Bacteria;p__Bacteroidota;c__Bacteroidia;o__Chitinophagales;f__Chitinophagaceae;g__Sediminibacterium;s__Sediminibacterium sp030158665,97.99,0.786,,,,,,,ani_screen,classification based on ANI only,,87.7,11,,,S1G12,bin.1
bin.5,d__Bacteria;p__Verrucomicrobiota;c__Verrucomicrobiia;o__Verrucomicrobiales;f__Akkermansiaceae;g__Haloferula;s__,,,,,,,,,,,d__Bacteria;p__Verrucomicrobiota;c__Verrucomicrobiia;o__Verrucomicrobiales;f__Akkermansiaceae;g__Haloferula;s__,taxonomic classification fully defined by topology,classification based on placement in class-level tree,,87.45,11,0.9823,,S2A2,bin.5
bin.8,d__Bacteria;p__Bacteroidota;c__Bacteroidia;o__Chitinophagales;f__Chitinophagaceae;g__Sediminibacterium;s__Sediminibacterium sp030158535,GCA_030158535.1,95.0,d__Bacteria;p__Bacteroidota;c__Bacteroidia;o__Chitinophagales;f__Chitinophagaceae;g__Sediminibacterium;s__Sediminibacterium sp030158535,97.69,0.863,,,,,,,ani_screen,classification based on ANI only,"GCA_030158535.1, s__Sediminibacterium sp030158535, 95.0, 97.69, 0.863; GCA_017987615.1, s__Sediminibacterium sp017987615, 95.0, 94.52, 0.731; GCA_037975885.1, s__Sediminibacterium sp037975885, 95.0, 93.79, 0.868; GCA_945873615.1, s__Sediminibacterium ginsengisoli_E, 95.04, 93.65, 0.842; GCA_903958045.1, s__Sediminibacterium sp903958045, 95.0, 91.58, 0.744; GCA_947459295.1, s__Sediminibacterium sp947459295, 95.0, 91.02, 0.718; GCA_044341045.1, s__Sediminibacterium sp044341045, 95.0, 90.52, 0.659; GCA_947461125.1, s__Sediminibacterium sp947461125, 95.0, 88.85, 0.544; GCA_040403595.1, s__Sediminibacterium sp040403595, 95.0, 88.64, 0.504",72.59,11,,,S2A2,bin.8
bin.1,d__Bacteria;p__Bacteroidota;c__Bacteroidia;o__Chitinophagales;f__Chitinophagaceae;g__Sediminibacterium;s__Sediminibacterium sp030158665,GCA_030158665.1,95.0,d__Bacteria;p__Bacteroidota;c__Bacteroidia;o__Chitinophagales;f__Chitinophagaceae;g__Sediminibacterium;s__Sediminibacterium sp030158665,97.65,0.794,,,,,,,ani_screen,classification based on ANI only,,95.73,11,,,S2A2,bin.1
bin.3,d__Bacteria;p__Pseudomonadota;c__Gammaproteobacteria;o__Burkholderiales;f__Burkholderiaceae_C;g__Hydrogenophaga;s__,,,,,,,,,,,d__Bacteria;p__Pseudomonadota;c__Gammaproteobacteria;o__Burkholderiales;f__Burkholderiaceae_C;g__Hydrogenophaga;s__,taxonomic classification fully defined by topology,classification based on placement in class-level tree,,64.11,11,0.99172,,S2A2,bin.3
bin.11,d__Bacteria;p__Verrucomicrobiota;c__Verrucomicrobiia;o__Verrucomicrobiales;f__Verrucomicrobiaceae;g__Prosthecobacter;s__Prosthecobacter sp947463285,GCA_947463285.1,95.0,d__Bacteria;p__Verrucomicrobiota;c__Verrucomicrobiia;o__Verrucomicrobiales;f__Verrucomicrobiaceae;g__Prosthecobacter;s__Prosthecobacter sp947463285,95.02,0.776,,,,,,,ani_screen,classification based on ANI only,,83.25,11,,,S2A2,bin.11
bin.26,d__Bacteria;p__Actinomycetota;c__Actinomycetes;o__Nanopelagicales;f__Nanopelagicaceae;g__Planktophila;s__Planktophila sp937975715,GCA_937975715.1,95.0,d__Bacteria;p__Actinomycetota;c__Actinomycetes;o__Nanopelagicales;f__Nanopelagicaceae;g__Planktophila;s__Planktophila sp937975715,98.43,0.889,,,,,,,ani_screen,classification based on ANI only,,65.09,11,,,S1G1,bin.26
bin.19,d__Bacteria;p__Bacteroidota;c__Bacteroidia;o__Chitinophagales;f__Chitinophagaceae;g__Sediminibacterium;s__Sediminibacterium sp030158665,GCA_030158665.1,95.0,d__Bacteria;p__Bacteroidota;c__Bacteroidia;o__Chitinophagales;f__Chitinophagaceae;g__Sediminibacterium;s__Sediminibacterium sp030158665,97.89,0.786,,,,,,,ani_screen,classification based on ANI only,,91.7,11,,,S1G1,bin.19
bin.6,d__Bacteria;p__Actinomycetota;c__Actinomycetes;o__S36-B12;f__S36-B12;g__UBA11398;s__UBA11398 sp028687755,GCA_028687755.1,95.0,d__Bacteria;p__Actinomycetota;c__Actinomycetes;o__S36-B12;f__S36-B12;g__UBA11398;s__UBA11398 sp028687755,98.76,0.927,,,,,,,ani_screen,classification based on ANI only,,93.95,11,,,S1G1,bin.6
bin.10,d__Bacteria;p__Pseudomonadota;c__Alphaproteobacteria;o__Rhodobacterales;f__Rhodobacteraceae;g__Paragemmobacter;s__,,,,,,,,,,,d__Bacteria;p__Pseudomonadota;c__Alphaproteobacteria;o__Rhodobacterales;f__Rhodobacteraceae;g__Paragemmobacter;s__,taxonomic classification fully defined by topology,classification based on placement in class-level tree,,69.72,11,0.99671,,S1G6,bin.10
bin.18,d__Bacteria;p__Pseudomonadota;c__Gammaproteobacteria;o__Burkholderiales;f__Burkholderiaceae_C;g__Malikia;s__Malikia spinosa,GCF_002980625.1,95.0,d__Bacteria;p__Pseudomonadota;c__Gammaproteobacteria;o__Burkholderiales;f__Burkholderiaceae_C;g__Malikia;s__Malikia spinosa,96.31,0.82,,,,,,,ani_screen,classification based on ANI only,"GCF_002980625.1, s__Malikia spinosa, 95.0, 96.31, 0.82; GCA_026400105.1, s__Malikia sp026400105, 95.0, 94.85, 0.701; GCF_002980595.1, s__Malikia granosa, 95.0, 92.26, 0.631",52.06,11,,,S1G6,bin.18
bin.14,d__Bacteria;p__Pseudomonadota;c__Gammaproteobacteria;o__Burkholderiales;f__Burkholderiaceae_C;g__Hydrogenophaga;s__Hydrogenophaga sp030158645,GCF_030158645.1,95.0,d__Bacteria;p__Pseudomonadota;c__Gammaproteobacteria;o__Burkholderiales;f__Burkholderiaceae_C;g__Hydrogenophaga;s__Hydrogenophaga sp030158645,98.33,0.848,,,,,,,ani_screen,classification based on ANI only,"GCF_030158645.1, s__Hydrogenophaga sp030158645, 95.0, 98.33, 0.848; GCF_001713375.1, s__Hydrogenophaga sp001713375, 95.0, 89.72, 0.559; GCF_048549895.1, s__Hydrogenophaga sp048549895, 95.0, 89.71, 0.566",43.23,11,,,S1G6,bin.14
bin.37,d__Bacteria;p__Bacteroidota;c__Bacteroidia;o__Chitinophagales;f__Chitinophagaceae;g__Sediminibacterium;s__Sediminibacterium sp039805185,GCA_039805185.1,95.0,d__Bacteria;p__Bacteroidota;c__Bacteroidia;o__Chitinophagales;f__Chitinophagaceae;g__Sediminibacterium;s__Sediminibacterium sp039805185,99.27,0.934,,,,,,,ani_screen,classification based on ANI only,,65.77,11,,,S1D12,bin.37
bin.16,d__Bacteria;p__Pseudomonadota;c__Gammaproteobacteria;o__Burkholderiales;f__Methylophilaceae;g__Methylopumilus_A;s__Methylopumilus_A sp040383445,GCA_040383445.1,95.0,d__Bacteria;p__Pseudomonadota;c__Gammaproteobacteria;o__Burkholderiales;f__Methylophilaceae;g__Methylopumilus_A;s__Methylopumilus_A sp040383445,98.18,0.737,,,,,,,ani_screen,classification based on ANI only,,73.91,11,,,S1D12,bin.16
bin.15,d__Bacteria;p__Pseudomonadota;c__Gammaproteobacteria;o__Burkholderiales;f__Burkholderiaceae;g__Polynucleobacter;s__Polynucleobacter sp046046075,GCA_046046075.1,95.0,d__Bacteria;p__Pseudomonadota;c__Gammaproteobacteria;o__Burkholderiales;f__Burkholderiaceae;g__Polynucleobacter;s__Polynucleobacter sp046046075,98.59,0.852,,,,,,,ani_screen,classification based on ANI only,"GCA_046046075.1, s__Polynucleobacter sp046046075, 95.0, 98.59, 0.852; GCA_937996825.1, s__Polynucleobacter sp937996825, 95.0, 93.35, 0.765; GCA_937863045.1, s__Polynucleobacter sp937863045, 95.0, 89.7, 0.641; GCF_002224225.1, s__Polynucleobacter cosmopolitanus, 95.0, 89.59, 0.637; GCF_018882285.1, s__Polynucleobacter sp018882285, 95.0, 89.55, 0.656; GCA_039805465.1, s__Polynucleobacter sp039805465, 95.0, 89.44, 0.593; GCF_018687615.1, s__Polynucleobacter sp018687615, 95.0, 89.35, 0.654",89.36,11,,,S1D12,bin.15
bin.44,d__Bacteria;p__Armatimonadota;c__Armatimonadia;o__Armatimonadales;f__Armatimonadaceae;g__CAIRTT01;s__CAIRTT01 sp041176185,GCA_041176185.1,95.0,d__Bacteria;p__Armatimonadota;c__Armatimonadia;o__Armatimonadales;f__Armatimonadaceae;g__CAIRTT01;s__CAIRTT01 sp041176185,95.48,0.835,,,,,,,ani_screen,classification based on ANI only,,87.47,11,,,S1D12,bin.44
bin.12,d__Bacteria;p__Pseudomonadota;c__Gammaproteobacteria;o__Burkholderiales;f__Burkholderiaceae_C;g__Limnohabitans_A;s__Limnohabitans_A sp049655425,GCA_049655425.1,95.0,d__Bacteria;p__Pseudomonadota;c__Gammaproteobacteria;o__Burkholderiales;f__Burkholderiaceae_C;g__Limnohabitans_A;s__Limnohabitans_A sp049655425,97.02,0.877,,,,,,,ani_screen,classification based on ANI only,,79.68,11,,,S1D12,bin.12
bin.3,d__Bacteria;p__Pseudomonadota;c__Gammaproteobacteria;o__Burkholderiales;f__Rhodocyclaceae;g__Fluviibacter;s__,,,,,,,,,,,d__Bacteria;p__Pseudomonadota;c__Gammaproteobacteria;o__Burkholderiales;f__Rhodocyclaceae;g__Fluviibacter;s__,taxonomic classification fully defined by topology,classification based on placement in class-level tree,,60.28,11,0.99336,,S1D12,bin.3
bin.25,d__Bacteria;p__Bacteroidota;c__Bacteroidia;o__NS11-12g;f__UBA955;g__UBA955;s__UBA955 sp024643755,GCA_024643755.1,95.0,d__Bacteria;p__Bacteroidota;c__Bacteroidia;o__NS11-12g;f__UBA955;g__UBA955;s__UBA955 sp024643755,98.32,0.906,,,,,,,ani_screen,classification based on ANI only,,89.88,11,,,S1D12,bin.25
bin.29,d__Bacteria;p__Pseudomonadota;c__Alphaproteobacteria;o__Sphingomonadales;f__Sphingomonadaceae;g__Sphingorhabdus_B;s__Sphingorhabdus_B sp044374345,GCF_044374345.1,95.0,d__Bacteria;p__Pseudomonadota;c__Alphaproteobacteria;o__Sphingomonadales;f__Sphingomonadaceae;g__Sphingorhabdus_B;s__Sphingorhabdus_B sp044374345,95.55,0.868,,,,,,,ani_screen,classification based on ANI only,"GCF_044374345.1, s__Sphingorhabdus_B sp044374345, 95.0, 95.55, 0.868; GCF_044239005.1, s__Sphingorhabdus_B sp044239005, 95.0, 94.45, 0.835; GCA_002479765.1, s__Sphingorhabdus_B sp002479765, 95.0, 94.36, 0.875; GCA_002282385.1, s__Sphingorhabdus_B sp002282385, 95.0, 94.15, 0.867; GCF_044354325.1, s__Sphingorhabdus_B sp044354325, 95.0, 94.08, 0.81; GCF_014196595.1, s__Sphingorhabdus_B rigui, 95.0, 93.99, 0.849; GCA_044374245.1, s__Sphingorhabdus_B sp044374245, 95.0, 93.83, 0.767; GCA_943368745.1, s__Sphingorhabdus_B sp943368745, 95.0, 93.77, 0.83; GCA_021300355.1, s__Sphingorhabdus_B sp021300355, 95.0, 93.73, 0.801; GCA_041175505.1, s__Sphingorhabdus_B sp041175505, 95.0, 93.59, 0.826; GCA_002299195.1, s__Sphingorhabdus_B sp002299195, 95.0, 93.47, 0.72; GCF_044338195.1, s__Sphingorhabdus_B sp044338195, 95.0, 93.07, 0.835; GCA_027490455.1, s__Sphingorhabdus_B sp027490455, 95.0, 92.95, 0.745; GCA_964502655.1, s__Sphingorhabdus_B sp964502655, 95.0, 92.88, 0.718; GCA_044353705.1, s__Sphingorhabdus_B sp044353705, 95.0, 92.41, 0.705; GCA_002255985.1, s__Sphingorhabdus_B sp002255985, 95.0, 92.27, 0.74; GCA_041169905.1, s__Sphingorhabdus_B sp041169905, 95.0, 91.79, 0.688; GCA_937898535.1, s__Sphingorhabdus_B sp937898535, 95.0, 91.42, 0.623",90.68,11,,,S1D12,bin.29
bin.11,d__Bacteria;p__Actinomycetota;c__Actinomycetes;o__Actinomycetales;f__Microbacteriaceae;g__Aurantimicrobium;s__Aurantimicrobium minutum,GCF_002355535.1,95.0,d__Bacteria;p__Actinomycetota;c__Actinomycetes;o__Actinomycetales;f__Microbacteriaceae;g__Aurantimicrobium;s__Aurantimicrobium minutum,97.93,0.939,,,,,,,ani_screen,classification based on ANI only,"GCF_002355535.1, s__Aurantimicrobium minutum, 95.0, 97.93, 0.939; GCF_027924525.1, s__Aurantimicrobium sp027924525, 95.0, 93.18, 0.843; GCF_003325955.1, s__Aurantimicrobium sp003325955, 95.0, 91.19, 0.76",65.51,11,,,S1D12,bin.11
bin.2,d__Bacteria;p__Pseudomonadota;c__Alphaproteobacteria;o__Sphingomonadales;f__Sphingomonadaceae;g__Erythrobacter;s__,,,,,,,,,,,d__Bacteria;p__Pseudomonadota;c__Alphaproteobacteria;o__Sphingomonadales;f__Sphingomonadaceae;g__Erythrobacter;s__,taxonomic classification fully defined by topology,classification based on placement in class-level tree,,62.12,11,0.9991,,S1H1,bin.2
bin.3,d__Bacteria;p__Pseudomonadota;c__Gammaproteobacteria;o__Burkholderiales;f__Burkholderiaceae_C;g__Limnohabitans_A;s__,,,,,,,,,,,d__Bacteria;p__Pseudomonadota;c__Gammaproteobacteria;o__Burkholderiales;f__Burkholderiaceae_C;g__Limnohabitans_A;s__,taxonomic classification fully defined by topology,classification based on placement in class-level tree,,65.71,11,0.99325,,S1H1,bin.3
bin.9,d__Bacteria;p__Pseudomonadota;c__Gammaproteobacteria;o__Burkholderiales;f__Methylophilaceae;g__Methylopumilus_A;s__Methylopumilus_A sp040383445,GCA_040383445.1,95.0,d__Bacteria;p__Pseudomonadota;c__Gammaproteobacteria;o__Burkholderiales;f__Methylophilaceae;g__Methylopumilus_A;s__Methylopumilus_A sp040383445,98.61,0.756,,,,,,,ani_screen,classification based on ANI only,,61.4,11,,,S1H4,bin.9
bin.22,d__Bacteria;p__Bacteroidota;c__Bacteroidia;o__Chitinophagales;f__Chitinophagaceae;g__Sediminibacterium;s__Sediminibacterium sp030158665,GCA_030158665.1,95.0,d__Bacteria;p__Bacteroidota;c__Bacteroidia;o__Chitinophagales;f__Chitinophagaceae;g__Sediminibacterium;s__Sediminibacterium sp030158665,97.92,0.806,,,,,,,ani_screen,classification based on ANI only,,92.75,11,,,S1H4,bin.22
bin.26,d__Bacteria;p__Pseudomonadota;c__Gammaproteobacteria;o__Burkholderiales;f__Burkholderiaceae_B;g__Zwartia;s__,,,,,,,,,,,d__Bacteria;p__Pseudomonadota;c__Gammaproteobacteria;o__Burkholderiales;f__Burkholderiaceae_B;g__Zwartia;s__,taxonomic classification fully defined by topology,classification based on placement in class-level tree,,62.57,11,0.99595,,S1H4,bin.26
bin.25,d__Bacteria;p__Verrucomicrobiota;c__Verrucomicrobiia;o__Verrucomicrobiales;f__Verrucomicrobiaceae;g__Prosthecobacter;s__Prosthecobacter sp027486585,GCA_027486585.1,95.0,d__Bacteria;p__Verrucomicrobiota;c__Verrucomicrobiia;o__Verrucomicrobiales;f__Verrucomicrobiaceae;g__Prosthecobacter;s__Prosthecobacter sp027486585,96.19,0.856,,,,,,,ani_screen,classification based on ANI only,,71.06,11,,,S1H4,bin.25
bin.23,d__Bacteria;p__Pseudomonadota;c__Gammaproteobacteria;o__Burkholderiales;f__Burkholderiaceae_C;g__Limnohabitans_A;s__Limnohabitans_A sp001269365,GCF_001269365.1,95.0,d__Bacteria;p__Pseudomonadota;c__Gammaproteobacteria;o__Burkholderiales;f__Burkholderiaceae_C;g__Limnohabitans_A;s__Limnohabitans_A sp001269365,96.65,0.843,,,,,,,ani_screen,classification based on ANI only,,71.58,11,,,S1H4,bin.23
bin.6,d__Bacteria;p__Actinomycetota;c__Actinomycetes;o__Actinomycetales;f__Microbacteriaceae;g__Rhodoluna;s__Rhodoluna sp041190885,GCA_041190885.1,95.0,d__Bacteria;p__Actinomycetota;c__Actinomycetes;o__Actinomycetales;f__Microbacteriaceae;g__Rhodoluna;s__Rhodoluna sp041190885,97.73,0.897,,,,,,,ani_screen,classification based on ANI only,,83.33,11,,,S1E1,bin.6
bin.14,d__Bacteria;p__Bacteroidota;c__Bacteroidia;o__Chitinophagales;f__Chitinophagaceae;g__Sediminibacterium;s__Sediminibacterium sp937900675,GCA_937900675.1,95.0,d__Bacteria;p__Bacteroidota;c__Bacteroidia;o__Chitinophagales;f__Chitinophagaceae;g__Sediminibacterium;s__Sediminibacterium sp937900675,95.87,0.857,,,,,,,ani_screen,classification based on ANI only,,78.08,11,,,S1E1,bin.14
bin.41,d__Bacteria;p__Actinomycetota;c__Acidimicrobiia;o__Acidimicrobiales;f__Ilumatobacteraceae;g__UBA2093;s__UBA2093 sp041175365,GCA_041175365.1,95.0,d__Bacteria;p__Actinomycetota;c__Acidimicrobiia;o__Acidimicrobiales;f__Ilumatobacteraceae;g__UBA2093;s__UBA2093 sp041175365,98.41,0.817,,,,,,,ani_screen,classification based on ANI only,,72.65,11,,,S1C1,bin.41
bin.18,d__Bacteria;p__Bacteroidota;c__Bacteroidia;o__Chitinophagales;f__Chitinophagaceae;g__Sediminibacterium;s__Sediminibacterium sp030158665,GCA_030158665.1,95.0,d__Bacteria;p__Bacteroidota;c__Bacteroidia;o__Chitinophagales;f__Chitinophagaceae;g__Sediminibacterium;s__Sediminibacterium sp030158665,97.88,0.781,,,,,,,ani_screen,classification based on ANI only,,82.02,11,,,S1D7,bin.18
bin.12,d__Bacteria;p__Bacteroidota;c__Bacteroidia;o__Flavobacteriales;f__Flavobacteriaceae;g__Flavobacterium;s__Flavobacterium ammonificans,GCF_020886115.1,95.0,d__Bacteria;p__Bacteroidota;c__Bacteroidia;o__Flavobacteriales;f__Flavobacteriaceae;g__Flavobacterium;s__Flavobacterium ammonificans,97.82,0.914,,,,,,,ani_screen,classification based on ANI only,,87.19,11,,,S1D7,bin.12
bin.28,d__Bacteria;p__Pseudomonadota;c__Gammaproteobacteria;o__Burkholderiales;f__Burkholderiaceae;g__Polynucleobacter;s__Polynucleobacter sp046046075,GCA_046046075.1,95.0,d__Bacteria;p__Pseudomonadota;c__Gammaproteobacteria;o__Burkholderiales;f__Burkholderiaceae;g__Polynucleobacter;s__Polynucleobacter sp046046075,98.66,0.885,,,,,,,ani_screen,classification based on ANI only,"GCA_046046075.1, s__Polynucleobacter sp046046075, 95.0, 98.66, 0.885; GCA_937996825.1, s__Polynucleobacter sp937996825, 95.0, 93.51, 0.784; GCA_937863045.1, s__Polynucleobacter sp937863045, 95.0, 89.57, 0.634; GCF_018687615.1, s__Polynucleobacter sp018687615, 95.0, 89.29, 0.674; GCF_018882285.1, s__Polynucleobacter sp018882285, 95.0, 89.21, 0.67; GCF_002224225.1, s__Polynucleobacter cosmopolitanus, 95.0, 89.08, 0.653; GCA_039805465.1, s__Polynucleobacter sp039805465, 95.0, 88.97, 0.608",80.84,11,,,S1D7,bin.28
bin.34,d__Bacteria;p__Pseudomonadota;c__Gammaproteobacteria;o__Burkholderiales;f__Rhodocyclaceae;g__Fluviibacter;s__Fluviibacter sp964387485,GCA_964387485.1,95.0,d__Bacteria;p__Pseudomonadota;c__Gammaproteobacteria;o__Burkholderiales;f__Rhodocyclaceae;g__Fluviibacter;s__Fluviibacter sp964387485,99.01,0.878,,,,,,,ani_screen,classification based on ANI only,,84.89,11,,,S1D7,bin.34
bin.17,d__Bacteria;p__Pseudomonadota;c__Gammaproteobacteria;o__Burkholderiales;f__Burkholderiaceae;g__Polynucleobacter;s__Polynucleobacter sp000342265,GCA_000342265.1,95.0,d__Bacteria;p__Pseudomonadota;c__Gammaproteobacteria;o__Burkholderiales;f__Burkholderiaceae;g__Polynucleobacter;s__Polynucleobacter sp000342265,98.9,0.937,,,,,,,ani_screen,classification based on ANI only,"GCA_000342265.1, s__Polynucleobacter sp000342265, 95.0, 98.9, 0.937; GCF_018687575.1, s__Polynucleobacter asymbioticus_C, 95.0, 87.79, 0.599; GCF_018882325.1, s__Polynucleobacter sp018882325, 95.0, 87.68, 0.508; GCA_041179645.1, s__Polynucleobacter sp041179645, 95.0, 87.62, 0.566",82.18,11,,,S1D7,bin.17
bin.46,d__Bacteria;p__Pseudomonadota;c__Alphaproteobacteria;o__Sphingomonadales;f__Sphingomonadaceae;g__Novosphingobium;s__,,,,,,,,,,,d__Bacteria;p__Pseudomonadota;c__Alphaproteobacteria;o__Sphingomonadales;f__Sphingomonadaceae;g__Novosphingobium;s__,taxonomic classification fully defined by topology,classification based on placement in class-level tree,,66.95,11,0.99871,,S1H11,bin.46
bin.8,d__Bacteria;p__Actinomycetota;c__Actinomycetes;o__Actinomycetales;f__Microbacteriaceae;g__Aquiluna;s__Aquiluna sp002479805,GCA_002479805.1,95.0,d__Bacteria;p__Actinomycetota;c__Actinomycetes;o__Actinomycetales;f__Microbacteriaceae;g__Aquiluna;s__Aquiluna sp002479805,96.8,0.856,,,,,,,ani_screen,classification based on ANI only,,67.19,11,,,S1H11,bin.8
bin.7,d__Bacteria;p__Pseudomonadota;c__Gammaproteobacteria;o__Burkholderiales;f__Burkholderiaceae_C;g__Limnohabitans;s__,,,,,,,,,,,d__Bacteria;p__Pseudomonadota;c__Gammaproteobacteria;o__Burkholderiales;f__Burkholderiaceae_C;g__Limnohabitans;s__,taxonomic classification fully defined by topology,classification based on placement in class-level tree,,51.46,11,0.99928,,S1H11,bin.7
bin.10,d__Bacteria;p__Verrucomicrobiota;c__Verrucomicrobiia;o__Verrucomicrobiales;f__Akkermansiaceae;g__UBA956;s__UBA956 sp004293285,GCA_004293285.1,95.0,d__Bacteria;p__Verrucomicrobiota;c__Verrucomicrobiia;o__Verrucomicrobiales;f__Akkermansiaceae;g__UBA956;s__UBA956 sp004293285,98.67,0.822,,,,,,,ani_screen,classification based on ANI only,,90.58,11,,,S1H11,bin.10
bin.22,d__Bacteria;p__Pseudomonadota;c__Alphaproteobacteria;o__Rhodobacterales;f__Rhodobacteraceae;g__Tabrizicola_A;s__,,,,,,,,,,,d__Bacteria;p__Pseudomonadota;c__Alphaproteobacteria;o__Rhodobacterales;f__Rhodobacteraceae;g__Tabrizicola_A;s__,taxonomic classification fully defined by topology,classification based on placement in class-level tree,,69.72,11,0.98977,,S1H11,bin.22
bin.13,d__Bacteria;p__Bacteroidota;c__Bacteroidia;o__Chitinophagales;f__Chitinophagaceae;g__Sediminibacterium;s__Sediminibacterium sp030158535,GCA_030158535.1,95.0,d__Bacteria;p__Bacteroidota;c__Bacteroidia;o__Chitinophagales;f__Chitinophagaceae;g__Sediminibacterium;s__Sediminibacterium sp030158535,97.88,0.865,,,,,,,ani_screen,classification based on ANI only,"GCA_030158535.1, s__Sediminibacterium sp030158535, 95.0, 97.88, 0.865; GCA_017987615.1, s__Sediminibacterium sp017987615, 95.0, 94.82, 0.854; GCA_037975885.1, s__Sediminibacterium sp037975885, 95.0, 93.97, 0.869; GCA_945873615.1, s__Sediminibacterium ginsengisoli_E, 95.04, 93.97, 0.861; GCA_903958045.1, s__Sediminibacterium sp903958045, 95.0, 91.78, 0.777; GCA_947459295.1, s__Sediminibacterium sp947459295, 95.0, 90.84, 0.736; GCA_044341045.1, s__Sediminibacterium sp044341045, 95.0, 90.41, 0.725; GCA_040374915.1, s__Sediminibacterium sp040374915, 95.0, 89.61, 0.605; GCA_018971025.1, s__Sediminibacterium sp018971025, 95.0, 89.51, 0.587; GCA_041179065.1, s__Sediminibacterium sp041179065, 95.0, 89.13, 0.556; GCA_049418605.1, s__Sediminibacterium sp049418605, 95.0, 88.64, 0.595; GCA_947461125.1, s__Sediminibacterium sp947461125, 95.0, 88.55, 0.617; GCA_044361485.1, s__Sediminibacterium sp044361485, 95.0, 88.35, 0.528; GCA_027487895.1, s__Sediminibacterium sp027487895, 95.0, 88.07, 0.559; GCA_040403595.1, s__Sediminibacterium sp040403595, 95.0, 87.75, 0.55; GCA_041173245.1, s__Sediminibacterium sp041173245, 95.0, 87.72, 0.521; GCA_945901845.1, s__Sediminibacterium ginsengisoli_A, 95.0, 87.48, 0.531",99.34,11,,,S1H11,bin.13
bin.28,d__Bacteria;p__Verrucomicrobiota;c__Verrucomicrobiia;o__Verrucomicrobiales;f__Verrucomicrobiaceae;g__JAGRPD01;s__,,,,,,,,,,,d__Bacteria;p__Verrucomicrobiota;c__Verrucomicrobiia;o__Verrucomicrobiales;f__Verrucomicrobiaceae;g__JAGRPD01;s__,taxonomic classification fully defined by topology,classification based on placement in class-level tree,,85.19,11,0.99872,,S1H11,bin.28
bin.3,d__Bacteria;p__Bacteroidota;c__Bacteroidia;o__NS11-12g;f__UBA955;g__UBA955;s__UBA955 sp024643755,GCA_024643755.1,95.0,d__Bacteria;p__Bacteroidota;c__Bacteroidia;o__NS11-12g;f__UBA955;g__UBA955;s__UBA955 sp024643755,98.49,0.908,,,,,,,ani_screen,classification based on ANI only,,98.44,11,,,S1H11,bin.3
bin.11,d__Bacteria;p__Verrucomicrobiota;c__Verrucomicrobiia;o__Verrucomicrobiales;f__Akkermansiaceae;g__Haloferula;s__,,,,,,,,,,,d__Bacteria;p__Verrucomicrobiota;c__Verrucomicrobiia;o__Verrucomicrobiales;f__Akkermansiaceae;g__Haloferula;s__,taxonomic classification fully defined by topology,classification based on placement in class-level tree,,80.26,11,0.98178,,S1H11,bin.11
bin.23,d__Bacteria;p__Verrucomicrobiota;c__Verrucomicrobiia;o__Verrucomicrobiales;f__Verrucomicrobiaceae;g__Prosthecobacter;s__Prosthecobacter sp947463285,GCA_947463285.1,95.0,d__Bacteria;p__Verrucomicrobiota;c__Verrucomicrobiia;o__Verrucomicrobiales;f__Verrucomicrobiaceae;g__Prosthecobacter;s__Prosthecobacter sp947463285,95.0,0.798,,,,,,,ani_screen,classification based on ANI only,,89.96,11,,,S1H11,bin.23
bin.35,d__Bacteria;p__Pseudomonadota;c__Gammaproteobacteria;o__Burkholderiales;f__Burkholderiaceae_C;g__Hydrogenophaga;s__,,,,,,,,,,,d__Bacteria;p__Pseudomonadota;c__Gammaproteobacteria;o__Burkholderiales;f__Burkholderiaceae_C;g__Hydrogenophaga;s__,taxonomic classification fully defined by topology,classification based on placement in class-level tree,,65.97,11,0.99177,,S1H11,bin.35
bin.14,d__Bacteria;p__Bacteroidota;c__Bacteroidia;o__Chitinophagales;f__Chitinophagaceae;g__Sediminibacterium;s__Sediminibacterium sp030158665,GCA_030158665.1,95.0,d__Bacteria;p__Bacteroidota;c__Bacteroidia;o__Chitinophagales;f__Chitinophagaceae;g__Sediminibacterium;s__Sediminibacterium sp030158665,97.65,0.787,,,,,,,ani_screen,classification based on ANI only,,97.11,11,,,S1H11,bin.14
bin.39,d__Bacteria;p__Pseudomonadota;c__Gammaproteobacteria;o__Burkholderiales;f__Burkholderiaceae_C;g__Hydrogenophaga;s__,,,,,,,,,,,d__Bacteria;p__Pseudomonadota;c__Gammaproteobacteria;o__Burkholderiales;f__Burkholderiaceae_C;g__Hydrogenophaga;s__,taxonomic classification fully defined by topology,classification based on placement in class-level tree,,59.78,11,0.98694,,S1H11,bin.39
bin.8,d__Bacteria;p__Pseudomonadota;c__Gammaproteobacteria;o__Burkholderiales;f__Methylophilaceae;g__Methylopumilus_A;s__Methylopumilus_A sp040383445,GCA_040383445.1,95.0,d__Bacteria;p__Pseudomonadota;c__Gammaproteobacteria;o__Burkholderiales;f__Methylophilaceae;g__Methylopumilus_A;s__Methylopumilus_A sp040383445,97.02,0.759,,,,,,,ani_screen,classification based on ANI only,,78.02,11,,,S1F9,bin.8
bin.4,d__Bacteria;p__Pseudomonadota;c__Gammaproteobacteria;o__Burkholderiales;f__Burkholderiaceae_D;g__Pernthalerella;s__Pernthalerella sp030157545,GCA_030157545.1,95.0,d__Bacteria;p__Pseudomonadota;c__Gammaproteobacteria;o__Burkholderiales;f__Burkholderiaceae_D;g__Pernthalerella;s__Pernthalerella sp030157545,99.14,0.955,,,,,,,ani_screen,classification based on ANI only,,67.9,11,,,S1F9,bin.4
bin.9,d__Bacteria;p__Pseudomonadota;c__Gammaproteobacteria;o__Burkholderiales;f__Burkholderiaceae_C;g__Polaromonas;s__,,,,,,,,,,,d__Bacteria;p__Pseudomonadota;c__Gammaproteobacteria;o__Burkholderiales;f__Burkholderiaceae_C;g__Polaromonas;s__,taxonomic classification fully defined by topology,classification based on placement in class-level tree,,56.71,11,0.99276,,S1F9,bin.9
bin.10,d__Bacteria;p__Pseudomonadota;c__Gammaproteobacteria;o__Burkholderiales;f__Burkholderiaceae_D;g__Pernthalerella;s__Pernthalerella sp945866125,GCA_945866125.1,95.0,d__Bacteria;p__Pseudomonadota;c__Gammaproteobacteria;o__Burkholderiales;f__Burkholderiaceae_D;g__Pernthalerella;s__Pernthalerella sp945866125,99.0,0.867,,,,,,,ani_screen,classification based on ANI only,,62.91,11,,,S1F9,bin.10
bin.27,d__Bacteria;p__Bacteroidota;c__Bacteroidia;o__Chitinophagales;f__Chitinophagaceae;g__Sediminibacterium;s__Sediminibacterium sp030158665,GCA_030158665.1,95.0,d__Bacteria;p__Bacteroidota;c__Bacteroidia;o__Chitinophagales;f__Chitinophagaceae;g__Sediminibacterium;s__Sediminibacterium sp030158665,97.71,0.789,,,,,,,ani_screen,classification based on ANI only,,90.48,11,,,S1F9,bin.27
bin.13,d__Bacteria;p__Bacteroidota;c__Bacteroidia;o__Cytophagales;f__Spirosomataceae;g__Aquirufa;s__Aquirufa antheringensis,GCF_004307425.1,95.0,d__Bacteria;p__Bacteroidota;c__Bacteroidia;o__Cytophagales;f__Spirosomataceae;g__Aquirufa;s__Aquirufa antheringensis,97.59,0.936,,,,,,,ani_screen,classification based on ANI only,"GCF_004307425.1, s__Aquirufa antheringensis, 95.0, 97.59, 0.936; GCF_042714495.1, s__Aquirufa originis, 95.0, 92.56, 0.785; GCF_042715595.1, s__Aquirufa esocilacus, 95.0, 90.91, 0.64; GCA_040403415.1, s__Aquirufa sp040403415, 95.0, 90.48, 0.613; GCF_019916085.1, s__Aquirufa lenticrescens, 95.0, 90.1, 0.676; GCA_947450865.1, s__Aquirufa sp947450865, 95.0, 89.32, 0.539",72.46,11,,,S1F9,bin.13
bin.3,d__Bacteria;p__Pseudomonadota;c__Gammaproteobacteria;o__Burkholderiales;f__Burkholderiaceae_C;g__Malikia;s__Malikia spinosa,GCF_002980625.1,95.0,d__Bacteria;p__Pseudomonadota;c__Gammaproteobacteria;o__Burkholderiales;f__Burkholderiaceae_C;g__Malikia;s__Malikia spinosa,97.13,0.875,,,,,,,ani_screen,classification based on ANI only,"GCF_002980625.1, s__Malikia spinosa, 95.0, 97.13, 0.875; GCA_026400105.1, s__Malikia sp026400105, 95.0, 95.41, 0.757; GCF_002980595.1, s__Malikia granosa, 95.0, 92.71, 0.713",71.02,11,,,S1F9,bin.3
bin.24,d__Bacteria;p__Pseudomonadota;c__Gammaproteobacteria;o__Burkholderiales;f__Burkholderiaceae_C;g__Limnohabitans_A;s__Limnohabitans_A sp030158125,GCA_030158125.1,95.0,d__Bacteria;p__Pseudomonadota;c__Gammaproteobacteria;o__Burkholderiales;f__Burkholderiaceae_C;g__Limnohabitans_A;s__Limnohabitans_A sp030158125,99.11,0.846,,,,,,,ani_screen,classification based on ANI only,,72.77,11,,,S1F9,bin.24
bin.14,d__Bacteria;p__Pseudomonadota;c__Gammaproteobacteria;o__Burkholderiales;f__Burkholderiaceae;g__Polynucleobacter;s__Polynucleobacter sp030693775,GCF_030693775.1,95.0,d__Bacteria;p__Pseudomonadota;c__Gammaproteobacteria;o__Burkholderiales;f__Burkholderiaceae;g__Polynucleobacter;s__Polynucleobacter sp030693775,98.67,0.967,,,,,,,ani_screen,classification based on ANI only,"GCF_030693775.1, s__Polynucleobacter sp030693775, 95.0, 98.67, 0.967; GCA_964636135.1, s__Polynucleobacter sp964636135, 95.0, 90.7, 0.603; GCA_027486025.1, s__Polynucleobacter sp027486025, 95.0, 90.65, 0.714; GCF_003065365.1, s__Polynucleobacter difficilis, 95.0, 90.54, 0.749; GCA_943371165.1, s__Polynucleobacter sp943371165, 95.0, 89.96, 0.675; GCA_036770845.1, s__Polynucleobacter sp036770845, 95.0, 89.41, 0.517; GCA_044379065.1, s__Polynucleobacter sp044379065, 95.0, 89.25, 0.611; GCA_964203875.1, s__Polynucleobacter sp964203875, 95.0, 88.99, 0.684; GCA_964621735.1, s__Polynucleobacter sp964621735, 95.0, 88.52, 0.564; GCA_044345935.1, s__Polynucleobacter sp044345935, 95.0, 87.72, 0.521; GCA_044345755.1, s__Polynucleobacter sp044345755, 95.0, 87.63, 0.555; GCA_945947155.1, s__Polynucleobacter meluiroseus_G, 95.0, 86.9, 0.512",69.6,11,,,S1F9,bin.14
bin.25,d__Bacteria;p__Pseudomonadota;c__Gammaproteobacteria;o__Burkholderiales;f__Burkholderiaceae;g__Polynucleobacter;s__Polynucleobacter yangtzensis,GCF_001595965.1,95.0,d__Bacteria;p__Pseudomonadota;c__Gammaproteobacteria;o__Burkholderiales;f__Burkholderiaceae;g__Polynucleobacter;s__Polynucleobacter yangtzensis,98.15,0.906,,,,,,,ani_screen,classification based on ANI only,"GCF_001595965.1, s__Polynucleobacter yangtzensis, 95.0, 98.15, 0.906; GCF_018882415.1, s__Polynucleobacter sp018882415, 95.0, 94.23, 0.807; GCF_018882245.1, s__Polynucleobacter sp018882245, 95.0, 91.39, 0.766; GCF_018881815.1, s__Polynucleobacter sp018881815, 95.0, 90.6, 0.741; GCF_018687275.1, s__Polynucleobacter sp018687275, 95.0, 90.46, 0.669; GCF_027924105.1, s__Polynucleobacter sp018881795, 95.0, 89.47, 0.552",62.93,11,,,S1H3,bin.25
bin.6,d__Bacteria;p__Verrucomicrobiota;c__Verrucomicrobiia;o__Verrucomicrobiales;f__Verrucomicrobiaceae;g__Prosthecobacter;s__Prosthecobacter sp027486585,GCA_027486585.1,95.0,d__Bacteria;p__Verrucomicrobiota;c__Verrucomicrobiia;o__Verrucomicrobiales;f__Verrucomicrobiaceae;g__Prosthecobacter;s__Prosthecobacter sp027486585,95.99,0.835,,,,,,,ani_screen,classification based on ANI only,,70.02,11,,,S1H3,bin.6
bin.14,d__Bacteria;p__Bacteroidota;c__Bacteroidia;o__Chitinophagales;f__Chitinophagaceae;g__Sediminibacterium;s__Sediminibacterium sp030158665,GCA_030158665.1,95.0,d__Bacteria;p__Bacteroidota;c__Bacteroidia;o__Chitinophagales;f__Chitinophagaceae;g__Sediminibacterium;s__Sediminibacterium sp030158665,98.08,0.782,,,,,,,ani_screen,classification based on ANI only,,95.79,11,,,S1H3,bin.14
bin.7,d__Bacteria;p__Pseudomonadota;c__Gammaproteobacteria;o__Burkholderiales;f__Burkholderiaceae;g__Polynucleobacter;s__Polynucleobacter yangtzensis,GCF_001595965.1,95.0,d__Bacteria;p__Pseudomonadota;c__Gammaproteobacteria;o__Burkholderiales;f__Burkholderiaceae;g__Polynucleobacter;s__Polynucleobacter yangtzensis,98.18,0.902,,,,,,,ani_screen,classification based on ANI only,"GCF_001595965.1, s__Polynucleobacter yangtzensis, 95.0, 98.18, 0.902; GCF_018882415.1, s__Polynucleobacter sp018882415, 95.0, 93.93, 0.773; GCF_018882245.1, s__Polynucleobacter sp018882245, 95.0, 91.44, 0.718; GCF_018881815.1, s__Polynucleobacter sp018881815, 95.0, 90.23, 0.692; GCF_018687275.1, s__Polynucleobacter sp018687275, 95.0, 90.14, 0.642",59.48,11,,,S1G9,bin.7
bin.6,d__Bacteria;p__Bacteroidota;c__Bacteroidia;o__Chitinophagales;f__Chitinophagaceae;g__UBA10646;s__UBA10646 sp004292605,GCA_004292605.1,95.0,d__Bacteria;p__Bacteroidota;c__Bacteroidia;o__Chitinophagales;f__Chitinophagaceae;g__UBA10646;s__UBA10646 sp004292605,96.33,0.861,,,,,,,ani_screen,classification based on ANI only,,85.53,11,,,S1B11,bin.6
bin.19,d__Bacteria;p__Pseudomonadota;c__Alphaproteobacteria;o__Rhodobacterales;f__Rhodobacteraceae;g__Cypionkella;s__Cypionkella sp964497815,GCA_964497815.1,95.0,d__Bacteria;p__Pseudomonadota;c__Alphaproteobacteria;o__Rhodobacterales;f__Rhodobacteraceae;g__Cypionkella;s__Cypionkella sp964497815,99.03,0.915,,,,,,,ani_screen,classification based on ANI only,,84.15,11,,,S1F12,bin.19
bin.12,d__Bacteria;p__Actinomycetota;c__Actinomycetes;o__Nanopelagicales;f__Nanopelagicaceae;g__Planktophila;s__Planktophila sp937975715,GCA_937975715.1,95.0,d__Bacteria;p__Actinomycetota;c__Actinomycetes;o__Nanopelagicales;f__Nanopelagicaceae;g__Planktophila;s__Planktophila sp937975715,98.01,0.873,,,,,,,ani_screen,classification based on ANI only,,71.76,11,,,S1F12,bin.12
bin.2,d__Bacteria;p__Bacteroidota;c__Bacteroidia;o__Cytophagales;f__Spirosomataceae;g__Aquirufa;s__Aquirufa antheringensis,GCF_004307425.1,95.0,d__Bacteria;p__Bacteroidota;c__Bacteroidia;o__Cytophagales;f__Spirosomataceae;g__Aquirufa;s__Aquirufa antheringensis,97.58,0.933,,,,,,,ani_screen,classification based on ANI only,"GCF_004307425.1, s__Aquirufa antheringensis, 95.0, 97.58, 0.933; GCF_042714495.1, s__Aquirufa originis, 95.0, 92.71, 0.804; GCF_042715595.1, s__Aquirufa esocilacus, 95.0, 90.78, 0.65; GCA_040403415.1, s__Aquirufa sp040403415, 95.0, 90.67, 0.62; GCF_019916085.1, s__Aquirufa lenticrescens, 95.0, 90.15, 0.678; GCA_947450865.1, s__Aquirufa sp947450865, 95.0, 89.46, 0.55",68.68,11,,,S1F12,bin.2
bin.31,d__Bacteria;p__Bacteroidota;c__Bacteroidia;o__Chitinophagales;f__Chitinophagaceae;g__Sediminibacterium;s__Sediminibacterium sp030158665,GCA_030158665.1,95.0,d__Bacteria;p__Bacteroidota;c__Bacteroidia;o__Chitinophagales;f__Chitinophagaceae;g__Sediminibacterium;s__Sediminibacterium sp030158665,97.81,0.778,,,,,,,ani_screen,classification based on ANI only,,87.88,11,,,S1F12,bin.31
bin.16,d__Bacteria;p__Bacteroidota;c__Bacteroidia;o__Cytophagales;f__Spirosomataceae;g__Aquirufa;s__Aquirufa antheringensis,GCF_004307425.1,95.0,d__Bacteria;p__Bacteroidota;c__Bacteroidia;o__Cytophagales;f__Spirosomataceae;g__Aquirufa;s__Aquirufa antheringensis,97.65,0.936,,,,,,,ani_screen,classification based on ANI only,"GCF_004307425.1, s__Aquirufa antheringensis, 95.0, 97.65, 0.936; GCF_042714495.1, s__Aquirufa originis, 95.0, 92.44, 0.801; GCF_042715595.1, s__Aquirufa esocilacus, 95.0, 90.96, 0.637; GCA_040403415.1, s__Aquirufa sp040403415, 95.0, 90.63, 0.618; GCF_019916085.1, s__Aquirufa lenticrescens, 95.0, 89.9, 0.692; GCA_947450865.1, s__Aquirufa sp947450865, 95.0, 89.41, 0.571",70.08,11,,,S1G3,bin.16
bin.10,d__Bacteria;p__Actinomycetota;c__Actinomycetes;o__Nanopelagicales;f__Nanopelagicaceae;g__Planktophila;s__Planktophila sp937975715,GCA_937975715.1,95.0,d__Bacteria;p__Actinomycetota;c__Actinomycetes;o__Nanopelagicales;f__Nanopelagicaceae;g__Planktophila;s__Planktophila sp937975715,98.33,0.886,,,,,,,ani_screen,classification based on ANI only,,65.79,11,,,S1G3,bin.10
bin.13,d__Bacteria;p__Pseudomonadota;c__Gammaproteobacteria;o__Burkholderiales;f__Burkholderiaceae_C;g__Malikia;s__Malikia spinosa,GCF_002980625.1,95.0,d__Bacteria;p__Pseudomonadota;c__Gammaproteobacteria;o__Burkholderiales;f__Burkholderiaceae_C;g__Malikia;s__Malikia spinosa,96.66,0.803,,,,,,,ani_screen,classification based on ANI only,"GCF_002980625.1, s__Malikia spinosa, 95.0, 96.66, 0.803; GCA_026400105.1, s__Malikia sp026400105, 95.0, 95.02, 0.697; GCA_039804875.1, s__Malikia sp039804875, 95.0, 92.97, 0.507; GCF_002980595.1, s__Malikia granosa, 95.0, 92.34, 0.646",63.01,11,,,S1G3,bin.13
bin.12,d__Bacteria;p__Pseudomonadota;c__Alphaproteobacteria;o__Sphingomonadales;f__Sphingomonadaceae;g__Novosphingobium;s__,,,,,,,,,,,d__Bacteria;p__Pseudomonadota;c__Alphaproteobacteria;o__Sphingomonadales;f__Sphingomonadaceae;g__Novosphingobium;s__,taxonomic classification fully defined by topology,classification based on placement in class-level tree,,59.5,11,0.99449,,S1G3,bin.12
bin.2,d__Bacteria;p__Actinomycetota;c__Actinomycetes;o__S36-B12;f__S36-B12;g__UBA11398;s__UBA11398 sp028687755,GCA_028687755.1,95.0,d__Bacteria;p__Actinomycetota;c__Actinomycetes;o__S36-B12;f__S36-B12;g__UBA11398;s__UBA11398 sp028687755,98.6,0.933,,,,,,,ani_screen,classification based on ANI only,,86.15,11,,,S1G3,bin.2
bin.11,d__Bacteria;p__Bacteroidota;c__Bacteroidia;o__Chitinophagales;f__Chitinophagaceae;g__Sediminibacterium;s__Sediminibacterium sp030158665,GCA_030158665.1,95.0,d__Bacteria;p__Bacteroidota;c__Bacteroidia;o__Chitinophagales;f__Chitinophagaceae;g__Sediminibacterium;s__Sediminibacterium sp030158665,97.84,0.785,,,,,,,ani_screen,classification based on ANI only,,78.8,11,,,S1G3,bin.11
bin.7,d__Bacteria;p__Bacteroidota;c__Bacteroidia;o__Chitinophagales;f__Chitinophagaceae;g__Sediminibacterium;s__Sediminibacterium sp030158535,GCA_030158535.1,95.0,d__Bacteria;p__Bacteroidota;c__Bacteroidia;o__Chitinophagales;f__Chitinophagaceae;g__Sediminibacterium;s__Sediminibacterium sp030158535,96.62,0.83,,,,,,,ani_screen,classification based on ANI only,"GCA_030158535.1, s__Sediminibacterium sp030158535, 95.0, 96.62, 0.83; GCA_017987615.1, s__Sediminibacterium sp017987615, 95.0, 94.3, 0.688; GCA_037975885.1, s__Sediminibacterium sp037975885, 95.0, 94.15, 0.861; GCA_945873615.1, s__Sediminibacterium ginsengisoli_E, 95.04, 93.6, 0.825; GCA_903958045.1, s__Sediminibacterium sp903958045, 95.0, 91.69, 0.742; GCA_947459295.1, s__Sediminibacterium sp947459295, 95.0, 90.7, 0.694; GCA_044341045.1, s__Sediminibacterium sp044341045, 95.0, 90.55, 0.678; GCA_040403595.1, s__Sediminibacterium sp040403595, 95.0, 89.23, 0.501; GCA_947461125.1, s__Sediminibacterium sp947461125, 95.0, 89.06, 0.528",69.78,11,,,S1D3,bin.7
bin.38,d__Bacteria;p__Pseudomonadota;c__Gammaproteobacteria;o__Burkholderiales;f__Burkholderiaceae_C;g__RS62;s__RS62 sp041170945,GCA_041170945.1,95.0,d__Bacteria;p__Pseudomonadota;c__Gammaproteobacteria;o__Burkholderiales;f__Burkholderiaceae_C;g__RS62;s__RS62 sp041170945,98.82,0.782,,,,,,,ani_screen,classification based on ANI only,,86.79,11,,,S1D3,bin.38
bin.56,d__Bacteria;p__Pseudomonadota;c__Gammaproteobacteria;o__Burkholderiales;f__Methylophilaceae;g__Methylopumilus_A;s__Methylopumilus_A sp040383445,GCA_040383445.1,95.0,d__Bacteria;p__Pseudomonadota;c__Gammaproteobacteria;o__Burkholderiales;f__Methylophilaceae;g__Methylopumilus_A;s__Methylopumilus_A sp040383445,98.23,0.777,,,,,,,ani_screen,classification based on ANI only,,71.34,11,,,S1D3,bin.56
bin.1,d__Bacteria;p__Actinomycetota;c__Actinomycetes;o__Actinomycetales;f__Microbacteriaceae;g__Rhodoluna;s__Rhodoluna sp041179725,GCA_041179725.1,95.0,d__Bacteria;p__Actinomycetota;c__Actinomycetes;o__Actinomycetales;f__Microbacteriaceae;g__Rhodoluna;s__Rhodoluna sp041179725,98.72,0.746,,,,,,,ani_screen,classification based on ANI only,,66.25,11,,,S1D3,bin.1
bin.26,d__Bacteria;p__Actinomycetota;c__Actinomycetes;o__Nanopelagicales;f__Nanopelagicaceae;g__Planktophila;s__,,,,,,,,,,,d__Bacteria;p__Actinomycetota;c__Actinomycetes;o__Nanopelagicales;f__Nanopelagicaceae;g__Planktophila;s__,taxonomic classification fully defined by topology,classification based on placement in class-level tree,,61.1,11,0.99667,,S1D3,bin.26
bin.27,d__Bacteria;p__Actinomycetota;c__Acidimicrobiia;o__Acidimicrobiales;f__Ilumatobacteraceae;g__UBA2093;s__UBA2093 sp041175365,GCA_041175365.1,95.0,d__Bacteria;p__Actinomycetota;c__Acidimicrobiia;o__Acidimicrobiales;f__Ilumatobacteraceae;g__UBA2093;s__UBA2093 sp041175365,98.85,0.836,,,,,,,ani_screen,classification based on ANI only,,88.14,11,,,S1D3,bin.27
bin.13,d__Bacteria;p__Verrucomicrobiota;c__Verrucomicrobiia;o__Verrucomicrobiales;f__Akkermansiaceae;g__UBA956;s__UBA956 sp039804425,GCA_039804425.1,95.0,d__Bacteria;p__Verrucomicrobiota;c__Verrucomicrobiia;o__Verrucomicrobiales;f__Akkermansiaceae;g__UBA956;s__UBA956 sp039804425,98.96,0.872,,,,,,,ani_screen,classification based on ANI only,,48.7,11,,,S1D3,bin.13
bin.12,d__Bacteria;p__Pseudomonadota;c__Alphaproteobacteria;o__Rhodobacterales;f__Rhodobacteraceae;g__Tabrizicola_A;s__Tabrizicola_A aquatica,GCA_965194375.1,95.0,d__Bacteria;p__Pseudomonadota;c__Alphaproteobacteria;o__Rhodobacterales;f__Rhodobacteraceae;g__Tabrizicola_A;s__Tabrizicola_A aquatica,96.1,0.862,,,,,,,ani_screen,classification based on ANI only,,74.09,11,,,S1D3,bin.12
bin.25,d__Bacteria;p__Bacteroidota;c__Bacteroidia;o__NS11-12g;f__UBA955;g__UBA955;s__UBA955 sp027488495,GCA_027488495.1,95.0,d__Bacteria;p__Bacteroidota;c__Bacteroidia;o__NS11-12g;f__UBA955;g__UBA955;s__UBA955 sp027488495,95.53,0.775,,,,,,,ani_screen,classification based on ANI only,,74.73,11,,,S1D3,bin.25
bin.20,d__Bacteria;p__Verrucomicrobiota;c__Verrucomicrobiia;o__Verrucomicrobiales;f__Akkermansiaceae;g__UBA956;s__UBA956 sp004293285,GCA_004293285.1,95.0,d__Bacteria;p__Verrucomicrobiota;c__Verrucomicrobiia;o__Verrucomicrobiales;f__Akkermansiaceae;g__UBA956;s__UBA956 sp004293285,98.74,0.803,,,,,,,ani_screen,classification based on ANI only,,84.69,11,,,S1D3,bin.20
bin.39,d__Bacteria;p__Bacteroidota;c__Bacteroidia;o__Chitinophagales;f__Chitinophagaceae;g__Sediminibacterium;s__Sediminibacterium sp937900675,GCA_937900675.1,95.0,d__Bacteria;p__Bacteroidota;c__Bacteroidia;o__Chitinophagales;f__Chitinophagaceae;g__Sediminibacterium;s__Sediminibacterium sp937900675,95.87,0.815,,,,,,,ani_screen,classification based on ANI only,,67.94,11,,,S1D3,bin.39
bin.4,d__Bacteria;p__Bacteroidota;c__Bacteroidia;o__Chitinophagales;f__Chitinophagaceae;g__Sediminibacterium;s__Sediminibacterium sp030158665,GCA_030158665.1,95.0,d__Bacteria;p__Bacteroidota;c__Bacteroidia;o__Chitinophagales;f__Chitinophagaceae;g__Sediminibacterium;s__Sediminibacterium sp030158665,97.6,0.788,,,,,,,ani_screen,classification based on ANI only,,95.55,11,,,S1B7,bin.4
bin.18,d__Bacteria;p__Verrucomicrobiota;c__Verrucomicrobiia;o__Verrucomicrobiales;f__Akkermansiaceae;g__UBA956;s__UBA956 sp044239965,GCA_044239965.1,95.0,d__Bacteria;p__Verrucomicrobiota;c__Verrucomicrobiia;o__Verrucomicrobiales;f__Akkermansiaceae;g__UBA956;s__UBA956 sp044239965,96.58,0.776,,,,,,,ani_screen,classification based on ANI only,"GCA_044239965.1, s__UBA956 sp044239965, 95.0, 96.58, 0.776; GCA_947460915.1, s__UBA956 sp947460915, 95.0, 94.18, 0.696; GCA_002293145.1, s__UBA956 sp002293145, 95.0, 88.47, 0.503",78.44,11,,,S1D9,bin.18
bin.51,d__Bacteria;p__Pseudomonadota;c__Gammaproteobacteria;o__Burkholderiales;f__Burkholderiaceae;g__Polynucleobacter;s__Polynucleobacter sp030696845,GCA_030696845.1,95.0,d__Bacteria;p__Pseudomonadota;c__Gammaproteobacteria;o__Burkholderiales;f__Burkholderiaceae;g__Polynucleobacter;s__Polynucleobacter sp030696845,99.38,0.985,,,,,,,ani_screen,classification based on ANI only,,97.96,11,,,S1D9,bin.51
bin.30,d__Bacteria;p__Actinomycetota;c__Actinomycetes;o__Actinomycetales;f__Microbacteriaceae;g__Aurantimicrobium;s__Aurantimicrobium minutum,GCF_002355535.1,95.0,d__Bacteria;p__Actinomycetota;c__Actinomycetes;o__Actinomycetales;f__Microbacteriaceae;g__Aurantimicrobium;s__Aurantimicrobium minutum,97.54,0.927,,,,,,,ani_screen,classification based on ANI only,"GCF_002355535.1, s__Aurantimicrobium minutum, 95.0, 97.54, 0.927; GCF_027924525.1, s__Aurantimicrobium sp027924525, 95.0, 93.2, 0.852; GCF_003325955.1, s__Aurantimicrobium sp003325955, 95.0, 90.74, 0.769",79.66,11,,,S1D9,bin.30
bin.26,d__Bacteria;p__Bacteroidota;c__Bacteroidia;o__Cytophagales;f__Spirosomataceae;g__Aquirufa;s__Aquirufa sp964618445,GCA_964618445.1,95.0,d__Bacteria;p__Bacteroidota;c__Bacteroidia;o__Cytophagales;f__Spirosomataceae;g__Aquirufa;s__Aquirufa sp964618445,97.36,0.901,,,,,,,ani_screen,classification based on ANI only,"GCA_964618445.1, s__Aquirufa sp964618445, 95.0, 97.36, 0.901; GCF_042715545.1, s__Aquirufa avitistagni, 95.0, 94.0, 0.905; GCA_027485075.1, s__Aquirufa sp027485075, 95.0, 90.63, 0.655; GCF_044377215.1, s__Aquirufa sp044377215, 95.0, 87.48, 0.504",96.93,11,,,S1D9,bin.26
bin.47,d__Bacteria;p__Planctomycetota;c__Planctomycetia;o__Pirellulales;f__Pirellulaceae;g__Aureliella;s__,,,,,,,,,,,d__Bacteria;p__Planctomycetota;c__Planctomycetia;o__Pirellulales;f__Pirellulaceae;g__Aureliella;s__,taxonomic classification fully defined by topology,classification based on placement in class-level tree,,54.39,11,0.97522,,S1D9,bin.47
bin.25,d__Bacteria;p__Bacteroidota;c__Bacteroidia;o__Flavobacteriales;f__Flavobacteriaceae;g__Flavobacterium;s__Flavobacterium ammonificans,GCF_020886115.1,95.0,d__Bacteria;p__Bacteroidota;c__Bacteroidia;o__Flavobacteriales;f__Flavobacteriaceae;g__Flavobacterium;s__Flavobacterium ammonificans,97.22,0.834,,,,,,,ani_screen,classification based on ANI only,,78.9,11,,,S1D9,bin.25
bin.49,d__Bacteria;p__Bacteroidota;c__Bacteroidia;o__Chitinophagales;f__Chitinophagaceae;g__Sediminibacterium;s__Sediminibacterium sp039805185,GCA_039805185.1,95.0,d__Bacteria;p__Bacteroidota;c__Bacteroidia;o__Chitinophagales;f__Chitinophagaceae;g__Sediminibacterium;s__Sediminibacterium sp039805185,99.2,0.929,,,,,,,ani_screen,classification based on ANI only,,95.85,11,,,S1D9,bin.49
bin.23,d__Bacteria;p__Pseudomonadota;c__Gammaproteobacteria;o__Burkholderiales;f__Burkholderiaceae_B;g__Zwartia;s__Zwartia vadi,GCF_030410375.1,95.0,d__Bacteria;p__Pseudomonadota;c__Gammaproteobacteria;o__Burkholderiales;f__Burkholderiaceae_B;g__Zwartia;s__Zwartia vadi,99.13,0.923,,,,,,,ani_screen,classification based on ANI only,,73.75,11,,,S1D9,bin.23
bin.55,d__Bacteria;p__Pseudomonadota;c__Alphaproteobacteria;o__Sphingomonadales;f__Sphingomonadaceae;g__Novosphingobium;s__,,,,,,,,,,,d__Bacteria;p__Pseudomonadota;c__Alphaproteobacteria;o__Sphingomonadales;f__Sphingomonadaceae;g__Novosphingobium;s__,taxonomic classification fully defined by topology,classification based on placement in class-level tree,,67.47,11,0.9965,,S1D9,bin.55
bin.46,d__Bacteria;p__Bacteroidota;c__Bacteroidia;o__Chitinophagales;f__Chitinophagaceae;g__Sediminibacterium;s__Sediminibacterium sp039805185,GCA_039805185.1,95.0,d__Bacteria;p__Bacteroidota;c__Bacteroidia;o__Chitinophagales;f__Chitinophagaceae;g__Sediminibacterium;s__Sediminibacterium sp039805185,99.23,0.932,,,,,,,ani_screen,classification based on ANI only,,90.84,11,,,S1D10,bin.46
bin.15,d__Bacteria;p__Pseudomonadota;c__Gammaproteobacteria;o__Burkholderiales;f__Burkholderiaceae_D;g__Pernthalerella;s__Pernthalerella sp034680505,GCA_034680505.1,95.0,d__Bacteria;p__Pseudomonadota;c__Gammaproteobacteria;o__Burkholderiales;f__Burkholderiaceae_D;g__Pernthalerella;s__Pernthalerella sp034680505,98.89,0.899,,,,,,,ani_screen,classification based on ANI only,"GCA_034680505.1, s__Pernthalerella sp034680505, 95.0, 98.89, 0.899; GCA_945883145.1, s__Pernthalerella sp945883145, 95.0, 90.45, 0.634; GCA_041176585.1, s__Pernthalerella sp041176585, 95.0, 88.58, 0.508; GCA_027486615.1, s__Pernthalerella sp027486615, 95.0, 88.16, 0.501",82.5,11,,,S1D10,bin.15
bin.22,d__Bacteria;p__Pseudomonadota;c__Gammaproteobacteria;o__Burkholderiales;f__Burkholderiaceae;g__Polynucleobacter;s__Polynucleobacter sp030696845,GCA_030696845.1,95.0,d__Bacteria;p__Pseudomonadota;c__Gammaproteobacteria;o__Burkholderiales;f__Burkholderiaceae;g__Polynucleobacter;s__Polynucleobacter sp030696845,99.37,0.964,,,,,,,ani_screen,classification based on ANI only,,69.18,11,,,S1D10,bin.22
bin.1,d__Bacteria;p__Actinomycetota;c__Actinomycetes;o__Actinomycetales;f__Microbacteriaceae;g__Aurantimicrobium;s__Aurantimicrobium minutum,GCF_002355535.1,95.0,d__Bacteria;p__Actinomycetota;c__Actinomycetes;o__Actinomycetales;f__Microbacteriaceae;g__Aurantimicrobium;s__Aurantimicrobium minutum,97.43,0.922,,,,,,,ani_screen,classification based on ANI only,"GCF_002355535.1, s__Aurantimicrobium minutum, 95.0, 97.43, 0.922; GCF_027924525.1, s__Aurantimicrobium sp027924525, 95.0, 93.24, 0.836; GCF_003325955.1, s__Aurantimicrobium sp003325955, 95.0, 90.68, 0.752",55.99,11,,,S1D10,bin.1
bin.42,d__Bacteria;p__Bacteroidota;c__Bacteroidia;o__NS11-12g;f__UBA955;g__UBA955;s__UBA955 sp027488495,GCA_027488495.1,95.0,d__Bacteria;p__Bacteroidota;c__Bacteroidia;o__NS11-12g;f__UBA955;g__UBA955;s__UBA955 sp027488495,95.87,0.853,,,,,,,ani_screen,classification based on ANI only,,98.34,11,,,S1D10,bin.42
bin.13,d__Bacteria;p__Bacteroidota;c__Bacteroidia;o__Chitinophagales;f__Chitinophagaceae;g__Sediminibacterium;s__Sediminibacterium sp937900675,GCA_937900675.1,95.0,d__Bacteria;p__Bacteroidota;c__Bacteroidia;o__Chitinophagales;f__Chitinophagaceae;g__Sediminibacterium;s__Sediminibacterium sp937900675,95.71,0.833,,,,,,,ani_screen,classification based on ANI only,,78.98,11,,,S1D10,bin.13
bin.66,d__Bacteria;p__Cyanobacteriota;c__Cyanobacteriia;o__Cyanobacteriales;f__Microcoleaceae;g__Capilliphycus;s__Capilliphycus robustus,GCF_034932365.1,95.0,d__Bacteria;p__Cyanobacteriota;c__Cyanobacteriia;o__Cyanobacteriales;f__Microcoleaceae;g__Capilliphycus;s__Capilliphycus robustus,96.51,0.778,,,,,,,ani_screen,classification based on ANI only,,59.2,11,,,S1D10,bin.66
bin.3,d__Bacteria;p__Actinomycetota;c__Actinomycetes;o__Actinomycetales;f__Microbacteriaceae;g__Rhodoluna;s__Rhodoluna sp041190885,GCA_041190885.1,95.0,d__Bacteria;p__Actinomycetota;c__Actinomycetes;o__Actinomycetales;f__Microbacteriaceae;g__Rhodoluna;s__Rhodoluna sp041190885,97.89,0.924,,,,,,,ani_screen,classification based on ANI only,"GCA_041190885.1, s__Rhodoluna sp041190885, 95.0, 97.89, 0.924; GCA_041184065.1, s__Rhodoluna sp041184065, 95.0, 89.45, 0.519; GCA_041180145.1, s__Rhodoluna sp041180145, 95.0, 88.91, 0.57",89.58,11,,,S1D10,bin.3
bin.21,d__Bacteria;p__Pseudomonadota;c__Gammaproteobacteria;o__Burkholderiales;f__Burkholderiaceae_C;g__Limnohabitans_A;s__Limnohabitans_A sp049655425,GCA_049655425.1,95.0,d__Bacteria;p__Pseudomonadota;c__Gammaproteobacteria;o__Burkholderiales;f__Burkholderiaceae_C;g__Limnohabitans_A;s__Limnohabitans_A sp049655425,96.97,0.85,,,,,,,ani_screen,classification based on ANI only,,89.46,11,,,S1D10,bin.21
bin.31,d__Bacteria;p__Pseudomonadota;c__Gammaproteobacteria;o__Burkholderiales;f__Methylophilaceae;g__Methylopumilus_A;s__Methylopumilus_A sp040383445,GCA_040383445.1,95.0,d__Bacteria;p__Pseudomonadota;c__Gammaproteobacteria;o__Burkholderiales;f__Methylophilaceae;g__Methylopumilus_A;s__Methylopumilus_A sp040383445,98.48,0.896,,,,,,,ani_screen,classification based on ANI only,"GCA_040383445.1, s__Methylopumilus_A sp040383445, 95.0, 98.48, 0.896; GCA_024640945.1, s__Methylopumilus_A sp024640945, 95.0, 93.19, 0.793; GCA_041175265.1, s__Methylopumilus_A sp041175265, 95.0, 89.85, 0.504",96.43,11,,,S1D10,bin.31
bin.39,d__Bacteria;p__Verrucomicrobiota;c__Verrucomicrobiia;o__Verrucomicrobiales;f__Akkermansiaceae;g__UBA956;s__UBA956 sp004293285,GCA_004293285.1,95.0,d__Bacteria;p__Verrucomicrobiota;c__Verrucomicrobiia;o__Verrucomicrobiales;f__Akkermansiaceae;g__UBA956;s__UBA956 sp004293285,98.74,0.809,,,,,,,ani_screen,classification based on ANI only,,91.24,11,,,S1D10,bin.39
bin.46,d__Bacteria;p__Cyanobacteriota;c__Cyanobacteriia;o__PCC-6307;f__Cyanobiaceae;g__Vulcanococcus;s__Vulcanococcus sp014654725,GCF_014654725.1,95.0,d__Bacteria;p__Cyanobacteriota;c__Cyanobacteriia;o__PCC-6307;f__Cyanobiaceae;g__Vulcanococcus;s__Vulcanococcus sp014654725,98.05,0.9,,,,,,,ani_screen,classification based on ANI only,"GCF_014654725.1, s__Vulcanococcus sp014654725, 95.0, 98.05, 0.9; GCF_044369115.1, s__Vulcanococcus sp044369115, 95.0, 90.88, 0.62; GCA_943370455.1, s__Vulcanococcus sp943370455, 95.0, 90.74, 0.682; GCF_019264575.1, s__Vulcanococcus sp019264575, 95.0, 90.67, 0.702; GCF_000179235.2, s__Vulcanococcus sp000179235, 95.0, 89.27, 0.503; GCA_016882585.1, s__Vulcanococcus sp016882585, 95.0, 89.22, 0.517",73.03,11,,,S1C4,bin.46
bin.26,d__Bacteria;p__Pseudomonadota;c__Gammaproteobacteria;o__Burkholderiales;f__Methylophilaceae;g__Methylopumilus_A;s__Methylopumilus_A sp040383445,GCA_040383445.1,95.0,d__Bacteria;p__Pseudomonadota;c__Gammaproteobacteria;o__Burkholderiales;f__Methylophilaceae;g__Methylopumilus_A;s__Methylopumilus_A sp040383445,98.63,0.836,,,,,,,ani_screen,classification based on ANI only,,79.28,11,,,S1C4,bin.26
bin.61,d__Bacteria;p__Bacteroidota;c__Bacteroidia;o__Chitinophagales;f__Saprospiraceae;g__BJGN01;s__BJGN01 sp030728245,GCA_030728245.1,95.0,d__Bacteria;p__Bacteroidota;c__Bacteroidia;o__Chitinophagales;f__Saprospiraceae;g__BJGN01;s__BJGN01 sp030728245,95.47,0.846,,,,,,,ani_screen,classification based on ANI only,"GCA_030728245.1, s__BJGN01 sp030728245, 95.0, 95.47, 0.846; GCA_049241465.1, s__BJGN01 sp049241465, 95.0, 94.99, 0.814; GCA_044352635.1, s__BJGN01 sp044352635, 95.0, 94.92, 0.66; GCA_947501115.1, s__BJGN01 sp947501115, 95.0, 94.32, 0.846; GCA_014190515.1, s__BJGN01 sp014190515, 95.0, 94.18, 0.724; GCA_021299835.1, s__BJGN01 sp021299835, 95.0, 92.94, 0.763; GCA_017858735.1, s__BJGN01 sp017858735, 95.0, 92.93, 0.789; GCA_945878825.1, s__BJGN01 sp945878825, 95.0, 91.0, 0.562; GCA_027488135.1, s__BJGN01 sp027488135, 95.0, 90.22, 0.657",91.0,11,,,S1C4,bin.61
bin.21,d__Bacteria;p__Verrucomicrobiota;c__Verrucomicrobiia;o__Verrucomicrobiales;f__Akkermansiaceae;g__UBA956;s__UBA956 sp044239965,GCA_044239965.1,95.0,d__Bacteria;p__Verrucomicrobiota;c__Verrucomicrobiia;o__Verrucomicrobiales;f__Akkermansiaceae;g__UBA956;s__UBA956 sp044239965,96.85,0.797,,,,,,,ani_screen,classification based on ANI only,"GCA_044239965.1, s__UBA956 sp044239965, 95.0, 96.85, 0.797; GCA_947460915.1, s__UBA956 sp947460915, 95.0, 94.13, 0.732; GCA_002293145.1, s__UBA956 sp002293145, 95.0, 88.36, 0.521",78.54,11,,,S1C4,bin.21
bin.15,d__Bacteria;p__Pseudomonadota;c__Gammaproteobacteria;o__Chromatiales;f__Chromatiaceae;g__Chromatium;s__Chromatium okenii,GCF_016583745.1,95.0,d__Bacteria;p__Pseudomonadota;c__Gammaproteobacteria;o__Chromatiales;f__Chromatiaceae;g__Chromatium;s__Chromatium okenii,96.84,0.861,,,,,,,ani_screen,classification based on ANI only,,74.31,11,,,S1C2,bin.15
bin.13,d__Bacteria;p__Pseudomonadota;c__Gammaproteobacteria;o__Burkholderiales;f__Rhodocyclaceae;g__Fluviibacter;s__Fluviibacter phosphoraccumulans,GCF_016110345.1,95.0,d__Bacteria;p__Pseudomonadota;c__Gammaproteobacteria;o__Burkholderiales;f__Rhodocyclaceae;g__Fluviibacter;s__Fluviibacter phosphoraccumulans,97.61,0.856,,,,,,,ani_screen,classification based on ANI only,,75.15,11,,,S1C2,bin.13
bin.28,d__Bacteria;p__Bacteroidota;c__Bacteroidia;o__Cytophagales;f__Spirosomataceae;g__Runella;s__Runella sp023254175,GCA_023254175.1,95.0,d__Bacteria;p__Bacteroidota;c__Bacteroidia;o__Cytophagales;f__Spirosomataceae;g__Runella;s__Runella sp023254175,99.07,0.938,,,,,,,ani_screen,classification based on ANI only,,89.78,11,,,S1C2,bin.28
bin.38,d__Bacteria;p__Bacteroidota;c__Bacteroidia;o__Chitinophagales;f__Chitinophagaceae;g__Sediminibacterium;s__Sediminibacterium salmoneum,GCF_000511175.1,95.0,d__Bacteria;p__Bacteroidota;c__Bacteroidia;o__Chitinophagales;f__Chitinophagaceae;g__Sediminibacterium;s__Sediminibacterium salmoneum,98.85,0.864,,,,,,,ani_screen,classification based on ANI only,,68.8,11,,,S1C9,bin.38
bin.15,d__Bacteria;p__Actinomycetota;c__Actinomycetes;o__Actinomycetales;f__Microbacteriaceae;g__Aquiluna;s__Aquiluna sp041191965,GCA_041191965.1,95.0,d__Bacteria;p__Actinomycetota;c__Actinomycetes;o__Actinomycetales;f__Microbacteriaceae;g__Aquiluna;s__Aquiluna sp041191965,98.12,0.932,,,,,,,ani_screen,classification based on ANI only,,63.69,11,,,S1C9,bin.15
bin.1,d__Bacteria;p__Verrucomicrobiota;c__Verrucomicrobiia;o__Verrucomicrobiales;f__Verrucomicrobiaceae;g__Prosthecobacter;s__,,,,,,,,,,,d__Bacteria;p__Verrucomicrobiota;c__Verrucomicrobiia;o__Verrucomicrobiales;f__Verrucomicrobiaceae;g__Prosthecobacter;s__,taxonomic classification fully defined by topology,classification based on placement in class-level tree,,53.65,11,0.98236,,S1C9,bin.1
bin.19,d__Bacteria;p__Bacteroidota;c__Chlorobiia;o__Chlorobiales;f__Chlorobiaceae;g__Chlorobaculum;s__Chlorobaculum limnaeum,GCF_001747405.1,95.0,d__Bacteria;p__Bacteroidota;c__Chlorobiia;o__Chlorobiales;f__Chlorobiaceae;g__Chlorobaculum;s__Chlorobaculum limnaeum,97.98,0.887,,,,,,,ani_screen,classification based on ANI only,"GCF_001747405.1, s__Chlorobaculum limnaeum, 95.0, 97.98, 0.887; GCA_964476855.1, s__Chlorobaculum sp964476855, 95.0, 94.41, 0.712; GCF_006265165.1, s__Chlorobaculum thiosulfatiphilum, 95.0, 90.03, 0.605",89.96,11,,,S1C9,bin.19
bin.3,d__Bacteria;p__Bacteroidota;c__Bacteroidia;o__Flavobacteriales;f__Flavobacteriaceae;g__Flavobacterium;s__Flavobacterium sp004293165,GCF_035195345.1,95.0,d__Bacteria;p__Bacteroidota;c__Bacteroidia;o__Flavobacteriales;f__Flavobacteriaceae;g__Flavobacterium;s__Flavobacterium sp004293165,95.77,0.683,,,,,,,ani_screen,classification based on ANI only,"GCF_035195345.1, s__Flavobacterium sp004293165, 95.0, 95.77, 0.683; GCA_044354955.1, s__Flavobacterium sp044354955, 95.0, 94.78, 0.803; GCA_044371865.1, s__Flavobacterium sp044371865, 95.0, 92.41, 0.588",93.57,11,,,S1C9,bin.3
bin.23,d__Bacteria;p__Pseudomonadota;c__Gammaproteobacteria;o__Burkholderiales;f__Burkholderiaceae;g__Polynucleobacter;s__Polynucleobacter sp046046075,GCA_046046075.1,95.0,d__Bacteria;p__Pseudomonadota;c__Gammaproteobacteria;o__Burkholderiales;f__Burkholderiaceae;g__Polynucleobacter;s__Polynucleobacter sp046046075,98.36,0.888,,,,,,,ani_screen,classification based on ANI only,"GCA_046046075.1, s__Polynucleobacter sp046046075, 95.0, 98.36, 0.888; GCA_937996825.1, s__Polynucleobacter sp937996825, 95.0, 93.24, 0.776; GCA_937863045.1, s__Polynucleobacter sp937863045, 95.0, 89.81, 0.638; GCF_018687615.1, s__Polynucleobacter sp018687615, 95.0, 89.37, 0.683; GCF_018882285.1, s__Polynucleobacter sp018882285, 95.0, 89.21, 0.667; GCA_039805465.1, s__Polynucleobacter sp039805465, 95.0, 89.14, 0.609; GCF_002224225.1, s__Polynucleobacter cosmopolitanus, 95.0, 89.04, 0.65",88.86,11,,,S1C9,bin.23
bin.24,d__Bacteria;p__Bacteroidota;c__Bacteroidia;o__Chitinophagales;f__Chitinophagaceae;g__Nemorincola;s__Nemorincola sp016786565,GCA_016786565.1,95.0,d__Bacteria;p__Bacteroidota;c__Bacteroidia;o__Chitinophagales;f__Chitinophagaceae;g__Nemorincola;s__Nemorincola sp016786565,95.13,0.825,,,,,,,ani_screen,classification based on ANI only,,89.8,11,,,S1C9,bin.24
bin.14,d__Bacteria;p__Verrucomicrobiota;c__Verrucomicrobiia;o__Verrucomicrobiales;f__Verrucomicrobiaceae;g__Prosthecobacter;s__Prosthecobacter sp937941745,GCA_937941745.1,95.0,d__Bacteria;p__Verrucomicrobiota;c__Verrucomicrobiia;o__Verrucomicrobiales;f__Verrucomicrobiaceae;g__Prosthecobacter;s__Prosthecobacter sp937941745,98.56,0.852,,,,,,,ani_screen,classification based on ANI only,,75.39,11,,,S1C9,bin.14
bin.17,d__Bacteria;p__Verrucomicrobiota;c__Verrucomicrobiia;o__Verrucomicrobiales;f__Akkermansiaceae;g__Haloferula;s__,,,,,,,,,,,d__Bacteria;p__Verrucomicrobiota;c__Verrucomicrobiia;o__Verrucomicrobiales;f__Akkermansiaceae;g__Haloferula;s__,taxonomic classification fully defined by topology,classification based on placement in class-level tree,,81.9,11,0.99542,,S1C9,bin.17
bin.8,d__Bacteria;p__Bacteroidota;c__Bacteroidia;o__Cytophagales;f__Spirosomataceae;g__Aquirufa;s__Aquirufa echingensis,GCF_042714525.1,95.0,d__Bacteria;p__Bacteroidota;c__Bacteroidia;o__Cytophagales;f__Spirosomataceae;g__Aquirufa;s__Aquirufa echingensis,97.28,0.884,,,,,,,ani_screen,classification based on ANI only,,52.99,11,,,S1F10,bin.8
bin.15,d__Bacteria;p__Bacteroidota;c__Bacteroidia;o__Chitinophagales;f__Chitinophagaceae;g__Sediminibacterium;s__Sediminibacterium sp030158665,GCA_030158665.1,95.0,d__Bacteria;p__Bacteroidota;c__Bacteroidia;o__Chitinophagales;f__Chitinophagaceae;g__Sediminibacterium;s__Sediminibacterium sp030158665,97.76,0.792,,,,,,,ani_screen,classification based on ANI only,,96.91,11,,,S1F10,bin.15
bin.4,d__Bacteria;p__Pseudomonadota;c__Gammaproteobacteria;o__Burkholderiales;f__Burkholderiaceae_D;g__Pernthalerella;s__Pernthalerella sp030157545,GCA_030157545.1,95.0,d__Bacteria;p__Pseudomonadota;c__Gammaproteobacteria;o__Burkholderiales;f__Burkholderiaceae_D;g__Pernthalerella;s__Pernthalerella sp030157545,98.65,0.951,,,,,,,ani_screen,classification based on ANI only,,69.18,11,,,S1F10,bin.4
bin.22,d__Bacteria;p__Pseudomonadota;c__Gammaproteobacteria;o__Burkholderiales;f__Burkholderiaceae_B;g__Zwartia;s__,,,,,,,,,,,d__Bacteria;p__Pseudomonadota;c__Gammaproteobacteria;o__Burkholderiales;f__Burkholderiaceae_B;g__Zwartia;s__,taxonomic classification fully defined by topology,classification based on placement in class-level tree,,60.24,11,0.98281,,S1F10,bin.22
bin.12,d__Bacteria;p__Pseudomonadota;c__Gammaproteobacteria;o__Burkholderiales;f__Burkholderiaceae_D;g__Pernthalerella;s__,,,,,,,,,,,d__Bacteria;p__Pseudomonadota;c__Gammaproteobacteria;o__Burkholderiales;f__Burkholderiaceae_D;g__Pernthalerella;s__,taxonomic classification fully defined by topology,classification based on placement in class-level tree,,66.87,11,0.9887,,S1F10,bin.12
bin.3,d__Bacteria;p__Bacteroidota;c__Bacteroidia;o__Cytophagales;f__Spirosomataceae;g__Aquirufa;s__Aquirufa antheringensis,GCF_004307425.1,95.0,d__Bacteria;p__Bacteroidota;c__Bacteroidia;o__Cytophagales;f__Spirosomataceae;g__Aquirufa;s__Aquirufa antheringensis,97.66,0.932,,,,,,,ani_screen,classification based on ANI only,"GCF_004307425.1, s__Aquirufa antheringensis, 95.0, 97.66, 0.932; GCF_042714495.1, s__Aquirufa originis, 95.0, 92.06, 0.78; GCF_042715595.1, s__Aquirufa esocilacus, 95.0, 90.93, 0.625; GCA_040403415.1, s__Aquirufa sp040403415, 95.0, 90.46, 0.596; GCF_019916085.1, s__Aquirufa lenticrescens, 95.0, 89.74, 0.689; GCA_947450865.1, s__Aquirufa sp947450865, 95.0, 89.03, 0.547",72.77,11,,,S1F10,bin.3
bin.25,d__Bacteria;p__Pseudomonadota;c__Gammaproteobacteria;o__Burkholderiales;f__Burkholderiaceae_C;g__Limnohabitans_A;s__Limnohabitans_A sp030158125,GCA_030158125.1,95.0,d__Bacteria;p__Pseudomonadota;c__Gammaproteobacteria;o__Burkholderiales;f__Burkholderiaceae_C;g__Limnohabitans_A;s__Limnohabitans_A sp030158125,99.06,0.867,,,,,,,ani_screen,classification based on ANI only,,68.36,11,,,S1F10,bin.25
bin.20,d__Bacteria;p__Pseudomonadota;c__Gammaproteobacteria;o__Burkholderiales;f__Burkholderiaceae_C;g__Malikia;s__Malikia spinosa,GCF_002980625.1,95.0,d__Bacteria;p__Pseudomonadota;c__Gammaproteobacteria;o__Burkholderiales;f__Burkholderiaceae_C;g__Malikia;s__Malikia spinosa,96.71,0.843,,,,,,,ani_screen,classification based on ANI only,"GCF_002980625.1, s__Malikia spinosa, 95.0, 96.71, 0.843; GCA_026400105.1, s__Malikia sp026400105, 95.0, 94.95, 0.738; GCF_002980595.1, s__Malikia granosa, 95.0, 92.4, 0.682",48.32,11,,,S1F10,bin.20
bin.10,d__Bacteria;p__Verrucomicrobiota;c__Verrucomicrobiia;o__Verrucomicrobiales;f__Akkermansiaceae;g__UBA956;s__UBA956 sp044239965,GCA_044239965.1,95.0,d__Bacteria;p__Verrucomicrobiota;c__Verrucomicrobiia;o__Verrucomicrobiales;f__Akkermansiaceae;g__UBA956;s__UBA956 sp044239965,96.83,0.805,,,,,,,ani_screen,classification based on ANI only,"GCA_044239965.1, s__UBA956 sp044239965, 95.0, 96.83, 0.805; GCA_947460915.1, s__UBA956 sp947460915, 95.0, 94.25, 0.737; GCA_002293145.1, s__UBA956 sp002293145, 95.0, 87.97, 0.527",88.68,11,,,S1B12,bin.10
bin.51,d__Bacteria;p__Bacteroidota;c__Bacteroidia;o__Cytophagales;f__Spirosomataceae;g__Runella;s__Runella sp023254175,GCA_023254175.1,95.0,d__Bacteria;p__Bacteroidota;c__Bacteroidia;o__Cytophagales;f__Spirosomataceae;g__Runella;s__Runella sp023254175,99.52,0.958,,,,,,,ani_screen,classification based on ANI only,,77.98,11,,,S1B12,bin.51
bin.26,d__Bacteria;p__Bacteroidota;c__Bacteroidia;o__Chitinophagales;f__Saprospiraceae;g__BJGN01;s__BJGN01 sp030728245,GCA_030728245.1,95.0,d__Bacteria;p__Bacteroidota;c__Bacteroidia;o__Chitinophagales;f__Saprospiraceae;g__BJGN01;s__BJGN01 sp030728245,95.39,0.832,,,,,,,ani_screen,classification based on ANI only,"GCA_030728245.1, s__BJGN01 sp030728245, 95.0, 95.39, 0.832; GCA_044352635.1, s__BJGN01 sp044352635, 95.0, 94.97, 0.651; GCA_049241465.1, s__BJGN01 sp049241465, 95.0, 94.67, 0.781; GCA_947501115.1, s__BJGN01 sp947501115, 95.0, 94.25, 0.825; GCA_014190515.1, s__BJGN01 sp014190515, 95.0, 94.0, 0.693; GCA_021299835.1, s__BJGN01 sp021299835, 95.0, 92.86, 0.736; GCA_017858735.1, s__BJGN01 sp017858735, 95.0, 92.85, 0.755; GCA_945878825.1, s__BJGN01 sp945878825, 95.0, 91.25, 0.541; GCA_027488135.1, s__BJGN01 sp027488135, 95.0, 90.24, 0.636",90.3,11,,,S1B12,bin.26
bin.48,d__Bacteria;p__Bacteroidota;c__Bacteroidia;o__Chitinophagales;f__Chitinophagaceae;g__Sediminibacterium;s__Sediminibacterium sp030158535,GCA_030158535.1,95.0,d__Bacteria;p__Bacteroidota;c__Bacteroidia;o__Chitinophagales;f__Chitinophagaceae;g__Sediminibacterium;s__Sediminibacterium sp030158535,97.18,0.807,,,,,,,ani_screen,classification based on ANI only,"GCA_030158535.1, s__Sediminibacterium sp030158535, 95.0, 97.18, 0.807; GCA_017987615.1, s__Sediminibacterium sp017987615, 95.0, 94.51, 0.716; GCA_037975885.1, s__Sediminibacterium sp037975885, 95.0, 93.94, 0.825; GCA_945873615.1, s__Sediminibacterium ginsengisoli_E, 95.04, 93.81, 0.797; GCA_903958045.1, s__Sediminibacterium sp903958045, 95.0, 91.8, 0.706; GCA_947459295.1, s__Sediminibacterium sp947459295, 95.0, 91.14, 0.692; GCA_044341045.1, s__Sediminibacterium sp044341045, 95.0, 90.64, 0.651; GCA_947461125.1, s__Sediminibacterium sp947461125, 95.0, 88.93, 0.538; GCA_040403595.1, s__Sediminibacterium sp040403595, 95.0, 88.76, 0.515",79.3,11,,,S1B12,bin.48
bin.21,d__Bacteria;p__Pseudomonadota;c__Gammaproteobacteria;o__Burkholderiales;f__Burkholderiaceae;g__Polynucleobacter;s__Polynucleobacter sp046046075,GCA_046046075.1,95.0,d__Bacteria;p__Pseudomonadota;c__Gammaproteobacteria;o__Burkholderiales;f__Burkholderiaceae;g__Polynucleobacter;s__Polynucleobacter sp046046075,98.49,0.813,,,,,,,ani_screen,classification based on ANI only,"GCA_046046075.1, s__Polynucleobacter sp046046075, 95.0, 98.49, 0.813; GCA_937996825.1, s__Polynucleobacter sp937996825, 95.0, 93.39, 0.771; GCF_018882285.1, s__Polynucleobacter sp018882285, 95.0, 89.56, 0.659; GCF_018687615.1, s__Polynucleobacter sp018687615, 95.0, 89.56, 0.65; GCF_002224225.1, s__Polynucleobacter cosmopolitanus, 95.0, 89.42, 0.632; GCA_039805465.1, s__Polynucleobacter sp039805465, 95.0, 89.3, 0.598; GCA_937863045.1, s__Polynucleobacter sp937863045, 95.0, 89.01, 0.602",84.07,11,,,S1B12,bin.21
bin.31,d__Bacteria;p__Pseudomonadota;c__Alphaproteobacteria;o__Sphingomonadales;f__Sphingomonadaceae;g__Sphingorhabdus_B;s__Sphingorhabdus_B sp044374345,GCF_044374345.1,95.0,d__Bacteria;p__Pseudomonadota;c__Alphaproteobacteria;o__Sphingomonadales;f__Sphingomonadaceae;g__Sphingorhabdus_B;s__Sphingorhabdus_B sp044374345,95.93,0.797,,,,,,,ani_screen,classification based on ANI only,"GCF_044374345.1, s__Sphingorhabdus_B sp044374345, 95.0, 95.93, 0.797; GCF_044239005.1, s__Sphingorhabdus_B sp044239005, 95.0, 94.63, 0.729; GCA_002479765.1, s__Sphingorhabdus_B sp002479765, 95.0, 94.5, 0.785; GCF_044354325.1, s__Sphingorhabdus_B sp044354325, 95.0, 94.27, 0.733; GCF_014196595.1, s__Sphingorhabdus_B rigui, 95.0, 94.06, 0.76; GCA_002282385.1, s__Sphingorhabdus_B sp002282385, 95.0, 93.97, 0.775; GCA_964502655.1, s__Sphingorhabdus_B sp964502655, 95.0, 93.9, 0.651; GCA_002299195.1, s__Sphingorhabdus_B sp002299195, 95.0, 93.84, 0.638; GCA_044374245.1, s__Sphingorhabdus_B sp044374245, 95.0, 93.82, 0.683; GCA_021300355.1, s__Sphingorhabdus_B sp021300355, 95.0, 93.81, 0.709; GCA_943368745.1, s__Sphingorhabdus_B sp943368745, 95.0, 93.72, 0.757; GCA_041175505.1, s__Sphingorhabdus_B sp041175505, 95.0, 93.53, 0.725; GCF_044338195.1, s__Sphingorhabdus_B sp044338195, 95.0, 93.12, 0.732; GCA_027490455.1, s__Sphingorhabdus_B sp027490455, 95.0, 92.8, 0.597; GCA_044353705.1, s__Sphingorhabdus_B sp044353705, 95.0, 92.43, 0.588; GCA_937898535.1, s__Sphingorhabdus_B sp937898535, 95.0, 92.2, 0.57; GCA_041169905.1, s__Sphingorhabdus_B sp041169905, 95.0, 92.1, 0.566; GCA_002255985.1, s__Sphingorhabdus_B sp002255985, 95.0, 92.08, 0.633",67.76,11,,,S1B12,bin.31
bin.4,d__Bacteria;p__Verrucomicrobiota;c__Verrucomicrobiia;o__Verrucomicrobiales;f__V1-33;g__CAJBME01;s__CAJBME01 sp903954065,GCA_903954065.1,95.0,d__Bacteria;p__Verrucomicrobiota;c__Verrucomicrobiia;o__Verrucomicrobiales;f__V1-33;g__CAJBME01;s__CAJBME01 sp903954065,95.67,0.818,,,,,,,ani_screen,classification based on ANI only,,78.14,11,,,S1A11,bin.4
bin.18,d__Bacteria;p__Bacteroidota;c__Bacteroidia;o__Flavobacteriales;f__Flavobacteriaceae;g__Flavobacterium;s__Flavobacterium sp046051465,GCA_046051465.1,95.0,d__Bacteria;p__Bacteroidota;c__Bacteroidia;o__Flavobacteriales;f__Flavobacteriaceae;g__Flavobacterium;s__Flavobacterium sp046051465,98.06,0.831,,,,,,,ani_screen,classification based on ANI only,,79.9,11,,,S1A11,bin.18
bin.14,d__Bacteria;p__Verrucomicrobiota;c__Verrucomicrobiia;o__Verrucomicrobiales;f__Akkermansiaceae;g__UBA956;s__UBA956 sp039804425,GCA_039804425.1,95.0,d__Bacteria;p__Verrucomicrobiota;c__Verrucomicrobiia;o__Verrucomicrobiales;f__Akkermansiaceae;g__UBA956;s__UBA956 sp039804425,98.92,0.867,,,,,,,ani_screen,classification based on ANI only,,67.47,11,,,S1A11,bin.14
bin.9,d__Bacteria;p__Pseudomonadota;c__Gammaproteobacteria;o__Burkholderiales;f__Burkholderiaceae_B;g__Zwartia;s__,,,,,,,,,,,d__Bacteria;p__Pseudomonadota;c__Gammaproteobacteria;o__Burkholderiales;f__Burkholderiaceae_B;g__Zwartia;s__,taxonomic classification fully defined by topology,classification based on placement in class-level tree,,57.39,11,0.98135,,S1F7,bin.9
bin.19,d__Bacteria;p__Bacteroidota;c__Bacteroidia;o__Chitinophagales;f__Chitinophagaceae;g__Sediminibacterium;s__Sediminibacterium sp030158665,GCA_030158665.1,95.0,d__Bacteria;p__Bacteroidota;c__Bacteroidia;o__Chitinophagales;f__Chitinophagaceae;g__Sediminibacterium;s__Sediminibacterium sp030158665,97.58,0.754,,,,,,,ani_screen,classification based on ANI only,,80.66,11,,,S1F7,bin.19
bin.20,d__Bacteria;p__Actinomycetota;c__Actinomycetes;o__S36-B12;f__S36-B12;g__UBA11398;s__UBA11398 sp028687755,GCA_028687755.1,95.0,d__Bacteria;p__Actinomycetota;c__Actinomycetes;o__S36-B12;f__S36-B12;g__UBA11398;s__UBA11398 sp028687755,98.63,0.922,,,,,,,ani_screen,classification based on ANI only,,73.07,11,,,S1F7,bin.20
bin.17,d__Bacteria;p__Pseudomonadota;c__Gammaproteobacteria;o__Burkholderiales;f__Burkholderiaceae_C;g__Limnohabitans_A;s__Limnohabitans_A sp030158125,GCA_030158125.1,95.0,d__Bacteria;p__Pseudomonadota;c__Gammaproteobacteria;o__Burkholderiales;f__Burkholderiaceae_C;g__Limnohabitans_A;s__Limnohabitans_A sp030158125,99.01,0.911,,,,,,,ani_screen,classification based on ANI only,,79.14,11,,,S1F7,bin.17
bin.1,d__Bacteria;p__Bacteroidota;c__Bacteroidia;o__Flavobacteriales;f__Flavobacteriaceae;g__Flavobacterium;s__Flavobacterium ammonificans,GCF_020886115.1,95.0,d__Bacteria;p__Bacteroidota;c__Bacteroidia;o__Flavobacteriales;f__Flavobacteriaceae;g__Flavobacterium;s__Flavobacterium ammonificans,98.18,0.958,,,,,,,ani_screen,classification based on ANI only,,61.36,11,,,S1H5,bin.1
bin.2,d__Bacteria;p__Pseudomonadota;c__Gammaproteobacteria;o__Burkholderiales;f__Burkholderiaceae_C;g__Limnohabitans_A;s__Limnohabitans_A sp015657605,GCA_015657605.1,95.0,d__Bacteria;p__Pseudomonadota;c__Gammaproteobacteria;o__Burkholderiales;f__Burkholderiaceae_C;g__Limnohabitans_A;s__Limnohabitans_A sp015657605,96.75,0.707,,,,,,,ani_screen,classification based on ANI only,"GCA_015657605.1, s__Limnohabitans_A sp015657605, 95.0, 96.75, 0.707; GCF_040400975.1, s__Limnohabitans_A sp040400975, 95.0, 92.32, 0.747; GCA_947458305.1, s__Limnohabitans_A sp947458305, 95.0, 90.98, 0.585; GCA_021299875.1, s__Limnohabitans_A sp021299875, 95.0, 90.17, 0.647; GCA_943331105.2, s__Limnohabitans_A sp943331105, 95.0, 89.23, 0.555; GCF_000293865.2, s__Limnohabitans_A sp000293865, 95.0, 88.88, 0.557",62.93,11,,,S1H5,bin.2
bin.5,d__Bacteria;p__Bacteroidota;c__Bacteroidia;o__Flavobacteriales;f__Flavobacteriaceae;g__Flavobacterium;s__Flavobacterium ammonificans,GCF_020886115.1,95.0,d__Bacteria;p__Bacteroidota;c__Bacteroidia;o__Flavobacteriales;f__Flavobacteriaceae;g__Flavobacterium;s__Flavobacterium ammonificans,99.37,0.985,,,,,,,ani_screen,classification based on ANI only,,85.03,11,,,S1E7,bin.5
bin.16,d__Bacteria;p__Verrucomicrobiota;c__Verrucomicrobiia;o__Verrucomicrobiales;f__Verrucomicrobiaceae;g__Prosthecobacter;s__,,,,,,,,,,,d__Bacteria;p__Verrucomicrobiota;c__Verrucomicrobiia;o__Verrucomicrobiales;f__Verrucomicrobiaceae;g__Prosthecobacter;s__,taxonomic classification fully defined by topology,classification based on placement in class-level tree,,91.84,11,0.99416,,S1E7,bin.16
bin.11,d__Bacteria;p__Bacteroidota;c__Bacteroidia;o__NS11-12g;f__UBA955;g__UBA955;s__UBA955 sp024643755,GCA_024643755.1,95.0,d__Bacteria;p__Bacteroidota;c__Bacteroidia;o__NS11-12g;f__UBA955;g__UBA955;s__UBA955 sp024643755,98.32,0.912,,,,,,,ani_screen,classification based on ANI only,,94.53,11,,,S1E7,bin.11
bin.14,d__Bacteria;p__Verrucomicrobiota;c__Verrucomicrobiia;o__Verrucomicrobiales;f__Akkermansiaceae;g__UBA956;s__UBA956 sp044239965,GCA_044239965.1,95.0,d__Bacteria;p__Verrucomicrobiota;c__Verrucomicrobiia;o__Verrucomicrobiales;f__Akkermansiaceae;g__UBA956;s__UBA956 sp044239965,96.83,0.785,,,,,,,ani_screen,classification based on ANI only,"GCA_044239965.1, s__UBA956 sp044239965, 95.0, 96.83, 0.785; GCA_947460915.1, s__UBA956 sp947460915, 95.0, 94.25, 0.74; GCA_002293145.1, s__UBA956 sp002293145, 95.0, 87.84, 0.52",93.51,11,,,S1E7,bin.14
bin.17,d__Bacteria;p__Actinomycetota;c__Actinomycetes;o__Actinomycetales;f__Microbacteriaceae;g__Aquiluna;s__Aquiluna sp002479805,GCA_002479805.1,95.0,d__Bacteria;p__Actinomycetota;c__Actinomycetes;o__Actinomycetales;f__Microbacteriaceae;g__Aquiluna;s__Aquiluna sp002479805,96.27,0.855,,,,,,,ani_screen,classification based on ANI only,,90.62,11,,,S1E7,bin.17
bin.9,d__Bacteria;p__Pseudomonadota;c__Gammaproteobacteria;o__Burkholderiales;f__Burkholderiaceae;g__Polynucleobacter;s__Polynucleobacter sp000342265,GCA_000342265.1,95.0,d__Bacteria;p__Pseudomonadota;c__Gammaproteobacteria;o__Burkholderiales;f__Burkholderiaceae;g__Polynucleobacter;s__Polynucleobacter sp000342265,98.65,0.946,,,,,,,ani_screen,classification based on ANI only,"GCA_000342265.1, s__Polynucleobacter sp000342265, 95.0, 98.65, 0.946; GCF_018882325.1, s__Polynucleobacter sp018882325, 95.0, 87.85, 0.534; GCF_018687575.1, s__Polynucleobacter asymbioticus_C, 95.0, 87.76, 0.596; GCA_041179645.1, s__Polynucleobacter sp041179645, 95.0, 87.68, 0.555",89.12,11,,,S1E12,bin.9
bin.10,d__Bacteria;p__Verrucomicrobiota;c__Verrucomicrobiia;o__Verrucomicrobiales;f__Akkermansiaceae;g__UBA956;s__UBA956 sp044239965,GCA_044239965.1,95.0,d__Bacteria;p__Verrucomicrobiota;c__Verrucomicrobiia;o__Verrucomicrobiales;f__Akkermansiaceae;g__UBA956;s__UBA956 sp044239965,96.78,0.762,,,,,,,ani_screen,classification based on ANI only,,72.61,11,,,S1E12,bin.10
bin.13,d__Bacteria;p__Actinomycetota;c__Actinomycetes;o__Actinomycetales;f__Microbacteriaceae;g__Aurantimicrobium;s__Aurantimicrobium photophilum,GCF_003194085.1,95.0,d__Bacteria;p__Actinomycetota;c__Actinomycetes;o__Actinomycetales;f__Microbacteriaceae;g__Aurantimicrobium;s__Aurantimicrobium photophilum,97.62,0.906,,,,,,,ani_screen,classification based on ANI only,,71.52,11,,,S1E12,bin.13
bin.3,d__Bacteria;p__Pseudomonadota;c__Gammaproteobacteria;o__Burkholderiales;f__Burkholderiaceae;g__Polynucleobacter;s__Polynucleobacter sp030696845,GCA_030696845.1,95.0,d__Bacteria;p__Pseudomonadota;c__Gammaproteobacteria;o__Burkholderiales;f__Burkholderiaceae;g__Polynucleobacter;s__Polynucleobacter sp030696845,99.34,0.963,,,,,,,ani_screen,classification based on ANI only,,81.92,11,,,S1E12,bin.3
bin.12,d__Bacteria;p__Pseudomonadota;c__Gammaproteobacteria;o__Burkholderiales;f__Burkholderiaceae;g__Polynucleobacter;s__Polynucleobacter sp046046075,GCA_046046075.1,95.0,d__Bacteria;p__Pseudomonadota;c__Gammaproteobacteria;o__Burkholderiales;f__Burkholderiaceae;g__Polynucleobacter;s__Polynucleobacter sp046046075,98.57,0.889,,,,,,,ani_screen,classification based on ANI only,"GCA_046046075.1, s__Polynucleobacter sp046046075, 95.0, 98.57, 0.889; GCA_937996825.1, s__Polynucleobacter sp937996825, 95.0, 93.61, 0.779; GCA_937863045.1, s__Polynucleobacter sp937863045, 95.0, 89.92, 0.647; GCF_018687615.1, s__Polynucleobacter sp018687615, 95.0, 89.54, 0.7; GCF_018882285.1, s__Polynucleobacter sp018882285, 95.0, 89.47, 0.699; GCF_002224225.1, s__Polynucleobacter cosmopolitanus, 95.0, 89.37, 0.672; GCA_039805465.1, s__Polynucleobacter sp039805465, 95.0, 89.37, 0.629",96.01,11,,,S1C12,bin.12
bin.18,d__Bacteria;p__Pseudomonadota;c__Gammaproteobacteria;o__Burkholderiales;f__Burkholderiaceae;g__Polynucleobacter;s__Polynucleobacter sp046046075,GCA_046046075.1,95.0,d__Bacteria;p__Pseudomonadota;c__Gammaproteobacteria;o__Burkholderiales;f__Burkholderiaceae;g__Polynucleobacter;s__Polynucleobacter sp046046075,98.69,0.824,,,,,,,ani_screen,classification based on ANI only,"GCA_046046075.1, s__Polynucleobacter sp046046075, 95.0, 98.69, 0.824; GCA_937996825.1, s__Polynucleobacter sp937996825, 95.0, 93.53, 0.768; GCA_937863045.1, s__Polynucleobacter sp937863045, 95.0, 89.68, 0.595; GCF_018687615.1, s__Polynucleobacter sp018687615, 95.0, 89.66, 0.672; GCF_018882285.1, s__Polynucleobacter sp018882285, 95.0, 89.64, 0.675; GCF_002224225.1, s__Polynucleobacter cosmopolitanus, 95.0, 89.64, 0.652; GCA_039805465.1, s__Polynucleobacter sp039805465, 95.0, 89.43, 0.591",89.76,11,,,S1B1,bin.18
bin.25,d__Bacteria;p__Actinomycetota;c__Actinomycetes;o__Actinomycetales;f__Microbacteriaceae;g__Rhodoluna;s__Rhodoluna sp041179005,GCA_041179005.1,95.0,d__Bacteria;p__Actinomycetota;c__Actinomycetes;o__Actinomycetales;f__Microbacteriaceae;g__Rhodoluna;s__Rhodoluna sp041179005,96.95,0.904,,,,,,,ani_screen,classification based on ANI only,,97.15,11,,,S1B1,bin.25
bin.46,d__Bacteria;p__Bacteroidota;c__Bacteroidia;o__Cytophagales;f__Spirosomataceae;g__Aquirufa;s__Aquirufa sp027491315,GCA_027491315.1,95.0,d__Bacteria;p__Bacteroidota;c__Bacteroidia;o__Cytophagales;f__Spirosomataceae;g__Aquirufa;s__Aquirufa sp027491315,98.87,0.958,,,,,,,ani_screen,classification based on ANI only,,85.91,11,,,S1C3,bin.46
bin.4,d__Bacteria;p__Bacteroidota;c__Bacteroidia;o__Chitinophagales;f__Chitinophagaceae;g__Sediminibacterium;s__Sediminibacterium sp030158665,GCA_030158665.1,95.0,d__Bacteria;p__Bacteroidota;c__Bacteroidia;o__Chitinophagales;f__Chitinophagaceae;g__Sediminibacterium;s__Sediminibacterium sp030158665,97.9,0.79,,,,,,,ani_screen,classification based on ANI only,,88.86,11,,,S1C3,bin.4
bin.51,d__Bacteria;p__Pseudomonadota;c__Gammaproteobacteria;o__Burkholderiales;f__Burkholderiaceae_C;g__Limnohabitans_A;s__Limnohabitans_A sp049655425,GCA_049655425.1,95.0,d__Bacteria;p__Pseudomonadota;c__Gammaproteobacteria;o__Burkholderiales;f__Burkholderiaceae_C;g__Limnohabitans_A;s__Limnohabitans_A sp049655425,97.34,0.91,,,,,,,ani_screen,classification based on ANI only,,79.12,11,,,S1C3,bin.51
bin.26,d__Bacteria;p__Bacteroidota;c__Bacteroidia;o__NS11-12g;f__UBA955;g__UBA955;s__UBA955 sp027488495,GCA_027488495.1,95.0,d__Bacteria;p__Bacteroidota;c__Bacteroidia;o__NS11-12g;f__UBA955;g__UBA955;s__UBA955 sp027488495,95.67,0.797,,,,,,,ani_screen,classification based on ANI only,,95.35,11,,,S1C3,bin.26
bin.31,d__Bacteria;p__Pseudomonadota;c__Gammaproteobacteria;o__Burkholderiales;f__Burkholderiaceae;g__Polynucleobacter;s__Polynucleobacter sp046046075,GCA_046046075.1,95.0,d__Bacteria;p__Pseudomonadota;c__Gammaproteobacteria;o__Burkholderiales;f__Burkholderiaceae;g__Polynucleobacter;s__Polynucleobacter sp046046075,98.25,0.817,,,,,,,ani_screen,classification based on ANI only,"GCA_046046075.1, s__Polynucleobacter sp046046075, 95.0, 98.25, 0.817; GCA_937996825.1, s__Polynucleobacter sp937996825, 95.0, 93.43, 0.75; GCA_937863045.1, s__Polynucleobacter sp937863045, 95.0, 89.55, 0.591; GCF_018687615.1, s__Polynucleobacter sp018687615, 95.0, 89.38, 0.635; GCF_018882285.1, s__Polynucleobacter sp018882285, 95.0, 89.34, 0.638; GCF_002224225.1, s__Polynucleobacter cosmopolitanus, 95.0, 89.2, 0.602; GCA_039805465.1, s__Polynucleobacter sp039805465, 95.0, 88.99, 0.571",81.18,11,,,S1C3,bin.31
bin.24,d__Bacteria;p__Actinomycetota;c__Actinomycetes;o__Actinomycetales;f__Microbacteriaceae;g__Rhodoluna;s__Rhodoluna sp024645105,GCA_024645105.1,95.0,d__Bacteria;p__Actinomycetota;c__Actinomycetes;o__Actinomycetales;f__Microbacteriaceae;g__Rhodoluna;s__Rhodoluna sp024645105,96.52,0.778,,,,,,,ani_screen,classification based on ANI only,,76.19,11,,,S1C3,bin.24
bin.17,d__Bacteria;p__Verrucomicrobiota;c__Verrucomicrobiia;o__Verrucomicrobiales;f__Akkermansiaceae;g__UBA956;s__UBA956 sp044239965,GCA_044239965.1,95.0,d__Bacteria;p__Verrucomicrobiota;c__Verrucomicrobiia;o__Verrucomicrobiales;f__Akkermansiaceae;g__UBA956;s__UBA956 sp044239965,96.84,0.817,,,,,,,ani_screen,classification based on ANI only,"GCA_044239965.1, s__UBA956 sp044239965, 95.0, 96.84, 0.817; GCA_947460915.1, s__UBA956 sp947460915, 95.0, 94.36, 0.757; GCA_002293145.1, s__UBA956 sp002293145, 95.0, 88.03, 0.533",95.33,11,,,S1C3,bin.17
bin.12,d__Bacteria;p__Pseudomonadota;c__Gammaproteobacteria;o__Burkholderiales;f__Burkholderiaceae_D;g__Pernthalerella;s__Pernthalerella sp030157545,GCA_030157545.1,95.0,d__Bacteria;p__Pseudomonadota;c__Gammaproteobacteria;o__Burkholderiales;f__Burkholderiaceae_D;g__Pernthalerella;s__Pernthalerella sp030157545,98.9,0.932,,,,,,,ani_screen,classification based on ANI only,,63.85,11,,,S1A3,bin.12
bin.5,d__Bacteria;p__Bacteroidota;c__Bacteroidia;o__Sphingobacteriales;f__Sphingobacteriaceae;g__Pseudopedobacter;s__Pseudopedobacter aquae,GCF_008195825.1,95.0,d__Bacteria;p__Bacteroidota;c__Bacteroidia;o__Sphingobacteriales;f__Sphingobacteriaceae;g__Pseudopedobacter;s__Pseudopedobacter aquae,97.41,0.807,,,,,,,ani_screen,classification based on ANI only,"GCF_008195825.1, s__Pseudopedobacter aquae, 95.0, 97.41, 0.807; GCF_009674685.1, s__Pseudopedobacter puniceum, 95.0, 91.39, 0.7; GCF_000425145.1, s__Pseudopedobacter glucosidilyticus, 95.0, 89.35, 0.515",96.37,11,,,S1H10,bin.5
bin.4,d__Bacteria;p__Pseudomonadota;c__Gammaproteobacteria;o__Burkholderiales;f__Burkholderiaceae_C;g__Hydrogenophaga;s__,,,,,,,,,,,d__Bacteria;p__Pseudomonadota;c__Gammaproteobacteria;o__Burkholderiales;f__Burkholderiaceae_C;g__Hydrogenophaga;s__,taxonomic classification fully defined by topology,classification based on placement in class-level tree,,60.9,11,0.99752,,S1H10,bin.4
bin.3,d__Bacteria;p__Bacteroidota;c__Bacteroidia;o__Flavobacteriales;f__Flavobacteriaceae;g__Flavobacterium;s__Flavobacterium ammonificans,GCF_020886115.1,95.0,d__Bacteria;p__Bacteroidota;c__Bacteroidia;o__Flavobacteriales;f__Flavobacteriaceae;g__Flavobacterium;s__Flavobacterium ammonificans,97.84,0.827,,,,,,,ani_screen,classification based on ANI only,,68.5,11,,,S1H10,bin.3
bin.25,d__Bacteria;p__Pseudomonadota;c__Alphaproteobacteria;o__Rhodobacterales;f__Rhodobacteraceae;g__Tabrizicola_A;s__,,,,,,,,,,,d__Bacteria;p__Pseudomonadota;c__Alphaproteobacteria;o__Rhodobacterales;f__Rhodobacteraceae;g__Tabrizicola_A;s__,taxonomic classification fully defined by topology,classification based on placement in class-level tree,,48.84,11,0.99359,,S1H10,bin.25
bin.5,d__Bacteria;p__Pseudomonadota;c__Gammaproteobacteria;o__Burkholderiales;f__Burkholderiaceae_C;g__Hydrogenophaga;s__Hydrogenophaga sp030158645,GCF_030158645.1,95.0,d__Bacteria;p__Pseudomonadota;c__Gammaproteobacteria;o__Burkholderiales;f__Burkholderiaceae_C;g__Hydrogenophaga;s__Hydrogenophaga sp030158645,98.5,0.87,,,,,,,ani_screen,classification based on ANI only,"GCF_030158645.1, s__Hydrogenophaga sp030158645, 95.0, 98.5, 0.87; GCF_048549895.1, s__Hydrogenophaga sp048549895, 95.0, 90.01, 0.612; GCF_001713375.1, s__Hydrogenophaga sp001713375, 95.0, 89.78, 0.628; GCF_022844385.1, s__Hydrogenophaga sp022844385, 95.0, 89.35, 0.512; GCA_046314475.1, s__Hydrogenophaga sp046314475, 95.0, 89.04, 0.519; GCF_010104355.1, s__Hydrogenophaga sp010104355, 95.0, 88.51, 0.509",63.95,11,,,S1G7,bin.5
bin.1,d__Bacteria;p__Pseudomonadota;c__Gammaproteobacteria;o__Burkholderiales;f__Burkholderiaceae;g__Polynucleobacter;s__Polynucleobacter yangtzensis,GCF_001595965.1,95.0,d__Bacteria;p__Pseudomonadota;c__Gammaproteobacteria;o__Burkholderiales;f__Burkholderiaceae;g__Polynucleobacter;s__Polynucleobacter yangtzensis,98.2,0.93,,,,,,,ani_screen,classification based on ANI only,"GCF_001595965.1, s__Polynucleobacter yangtzensis, 95.0, 98.2, 0.93; GCF_018882415.1, s__Polynucleobacter sp018882415, 95.0, 94.08, 0.82; GCF_018882245.1, s__Polynucleobacter sp018882245, 95.0, 91.46, 0.773; GCF_018881815.1, s__Polynucleobacter sp018881815, 95.0, 90.48, 0.739; GCF_018687275.1, s__Polynucleobacter sp018687275, 95.0, 90.25, 0.696; GCF_027924105.1, s__Polynucleobacter sp018881795, 95.0, 88.47, 0.548",62.24,11,,,S1G7,bin.1
bin.3,d__Bacteria;p__Actinomycetota;c__Actinomycetes;o__Actinomycetales;f__Microbacteriaceae;g__Aurantimicrobium;s__Aurantimicrobium photophilum,GCF_003194085.1,95.0,d__Bacteria;p__Actinomycetota;c__Actinomycetes;o__Actinomycetales;f__Microbacteriaceae;g__Aurantimicrobium;s__Aurantimicrobium photophilum,97.5,0.892,,,,,,,ani_screen,classification based on ANI only,,73.75,11,,,S1G7,bin.3
bin.17,d__Bacteria;p__Pseudomonadota;c__Gammaproteobacteria;o__Burkholderiales;f__Burkholderiaceae_C;g__Malikia;s__Malikia spinosa,GCF_002980625.1,95.0,d__Bacteria;p__Pseudomonadota;c__Gammaproteobacteria;o__Burkholderiales;f__Burkholderiaceae_C;g__Malikia;s__Malikia spinosa,96.65,0.773,,,,,,,ani_screen,classification based on ANI only,"GCF_002980625.1, s__Malikia spinosa, 95.0, 96.65, 0.773; GCA_026400105.1, s__Malikia sp026400105, 95.0, 95.01, 0.656; GCF_002980595.1, s__Malikia granosa, 95.0, 92.1, 0.607",63.15,11,,,S1G7,bin.17
bin.22,d__Bacteria;p__Bacteroidota;c__Bacteroidia;o__Chitinophagales;f__Chitinophagaceae;g__Sediminibacterium;s__Sediminibacterium sp030158535,GCA_030158535.1,95.0,d__Bacteria;p__Bacteroidota;c__Bacteroidia;o__Chitinophagales;f__Chitinophagaceae;g__Sediminibacterium;s__Sediminibacterium sp030158535,97.23,0.809,,,,,,,ani_screen,classification based on ANI only,"GCA_030158535.1, s__Sediminibacterium sp030158535, 95.0, 97.23, 0.809; GCA_017987615.1, s__Sediminibacterium sp017987615, 95.0, 94.74, 0.763; GCA_037975885.1, s__Sediminibacterium sp037975885, 95.0, 93.79, 0.832; GCA_945873615.1, s__Sediminibacterium ginsengisoli_E, 95.04, 93.79, 0.807; GCA_947459295.1, s__Sediminibacterium sp947459295, 95.0, 91.02, 0.72; GCA_903958045.1, s__Sediminibacterium sp903958045, 95.0, 90.89, 0.72; GCA_044341045.1, s__Sediminibacterium sp044341045, 95.0, 90.4, 0.664; GCA_040374915.1, s__Sediminibacterium sp040374915, 95.0, 89.31, 0.521; GCA_018971025.1, s__Sediminibacterium sp018971025, 95.0, 88.94, 0.507; GCA_947461125.1, s__Sediminibacterium sp947461125, 95.0, 88.56, 0.574; GCA_027487895.1, s__Sediminibacterium sp027487895, 95.0, 88.16, 0.518; GCA_040403595.1, s__Sediminibacterium sp040403595, 95.0, 88.14, 0.52; GCA_049418605.1, s__Sediminibacterium sp049418605, 95.0, 87.84, 0.509",87.21,11,,,S1B5,bin.22
bin.1,d__Bacteria;p__Nitrospirota;c__Nitrospiria;o__Nitrospirales;f__Nitrospiraceae;g__Nitrospira_A;s__Nitrospira_A sp035400805,GCA_035400805.1,95.0,d__Bacteria;p__Nitrospirota;c__Nitrospiria;o__Nitrospirales;f__Nitrospiraceae;g__Nitrospira_A;s__Nitrospira_A sp035400805,98.22,0.676,,,,,,,ani_screen,classification based on ANI only,,67.13,11,,,S1B5,bin.1
bin.13,d__Bacteria;p__Pseudomonadota;c__Gammaproteobacteria;o__Burkholderiales;f__Burkholderiaceae_C;g__Acidovorax;s__Acidovorax sp003663825,GCF_003663825.1,95.0,d__Bacteria;p__Pseudomonadota;c__Gammaproteobacteria;o__Burkholderiales;f__Burkholderiaceae_C;g__Acidovorax;s__Acidovorax sp003663825,96.89,0.853,,,,,,,ani_screen,classification based on ANI only,,87.11,11,,,S1B5,bin.13
bin.25,d__Bacteria;p__Pseudomonadota;c__Gammaproteobacteria;o__Burkholderiales;f__Burkholderiaceae;g__Polynucleobacter;s__Polynucleobacter sp030696845,GCA_030696845.1,95.0,d__Bacteria;p__Pseudomonadota;c__Gammaproteobacteria;o__Burkholderiales;f__Burkholderiaceae;g__Polynucleobacter;s__Polynucleobacter sp030696845,99.25,0.939,,,,,,,ani_screen,classification based on ANI only,,75.89,11,,,S1B5,bin.25
bin.20,d__Bacteria;p__Bacteroidota;c__Bacteroidia;o__NS11-12g;f__UBA955;g__UBA955;s__UBA955 sp024643755,GCA_024643755.1,95.0,d__Bacteria;p__Bacteroidota;c__Bacteroidia;o__NS11-12g;f__UBA955;g__UBA955;s__UBA955 sp024643755,97.59,0.876,,,,,,,ani_screen,classification based on ANI only,,96.17,11,,,S1B5,bin.20
bin.30,d__Bacteria;p__Pseudomonadota;c__Gammaproteobacteria;o__Burkholderiales;f__Burkholderiaceae_C;g__Limnohabitans_A;s__Limnohabitans_A sp003063265,GCF_003063265.1,95.0,d__Bacteria;p__Pseudomonadota;c__Gammaproteobacteria;o__Burkholderiales;f__Burkholderiaceae_C;g__Limnohabitans_A;s__Limnohabitans_A sp003063265,97.12,0.844,,,,,,,ani_screen,classification based on ANI only,,61.02,11,,,S1G8,bin.30
bin.12,d__Bacteria;p__Actinomycetota;c__Actinomycetes;o__Actinomycetales;f__Microbacteriaceae;g__Aurantimicrobium;s__Aurantimicrobium photophilum,GCF_003194085.1,95.0,d__Bacteria;p__Actinomycetota;c__Actinomycetes;o__Actinomycetales;f__Microbacteriaceae;g__Aurantimicrobium;s__Aurantimicrobium photophilum,97.46,0.887,,,,,,,ani_screen,classification based on ANI only,,75.23,11,,,S1G8,bin.12
bin.2,d__Bacteria;p__Pseudomonadota;c__Gammaproteobacteria;o__Burkholderiales;f__Burkholderiaceae;g__Polynucleobacter;s__Polynucleobacter yangtzensis,GCF_001595965.1,95.0,d__Bacteria;p__Pseudomonadota;c__Gammaproteobacteria;o__Burkholderiales;f__Burkholderiaceae;g__Polynucleobacter;s__Polynucleobacter yangtzensis,97.98,0.903,,,,,,,ani_screen,classification based on ANI only,"GCF_001595965.1, s__Polynucleobacter yangtzensis, 95.0, 97.98, 0.903; GCF_018882415.1, s__Polynucleobacter sp018882415, 95.0, 93.96, 0.795; GCF_018882245.1, s__Polynucleobacter sp018882245, 95.0, 91.44, 0.738; GCF_018881815.1, s__Polynucleobacter sp018881815, 95.0, 90.14, 0.708; GCF_018687275.1, s__Polynucleobacter sp018687275, 95.0, 90.1, 0.659; GCF_027924105.1, s__Polynucleobacter sp018881795, 95.0, 88.5, 0.523",80.0,11,,,S1G8,bin.2
bin.4,d__Bacteria;p__Bacteroidota;c__Bacteroidia;o__Chitinophagales;f__Chitinophagaceae;g__Rurimicrobium;s__Rurimicrobium sp027491165,GCA_027491165.1,95.0,d__Bacteria;p__Bacteroidota;c__Bacteroidia;o__Chitinophagales;f__Chitinophagaceae;g__Rurimicrobium;s__Rurimicrobium sp027491165,98.97,0.893,,,,,,,ani_screen,classification based on ANI only,,73.17,11,,,S1H6,bin.4
bin.10,d__Bacteria;p__Bacteroidota;c__Bacteroidia;o__Flavobacteriales;f__Flavobacteriaceae;g__Flavobacterium;s__Flavobacterium ammonificans,GCF_020886115.1,95.0,d__Bacteria;p__Bacteroidota;c__Bacteroidia;o__Flavobacteriales;f__Flavobacteriaceae;g__Flavobacterium;s__Flavobacterium ammonificans,98.05,0.964,,,,,,,ani_screen,classification based on ANI only,,83.71,11,,,S1H6,bin.10
bin.3,d__Bacteria;p__Pseudomonadota;c__Gammaproteobacteria;o__Enterobacterales;f__Aeromonadaceae;g__Aeromonas;s__Aeromonas popoffii,GCF_000820025.1,95.0,d__Bacteria;p__Pseudomonadota;c__Gammaproteobacteria;o__Enterobacterales;f__Aeromonadaceae;g__Aeromonas;s__Aeromonas popoffii,98.22,0.899,,,,,,,ani_screen,classification based on ANI only,"GCF_000820025.1, s__Aeromonas popoffii, 95.0, 98.22, 0.899; GCF_000819745.1, s__Aeromonas bestiarum, 95.0, 92.92, 0.725; GCF_000820005.1, s__Aeromonas piscicola, 95.22, 92.66, 0.74; GCF_001643305.1, s__Aeromonas salmonicida, 95.0, 89.98, 0.594; GCF_000014805.1, s__Aeromonas hydrophila, 95.0, 88.87, 0.549; GCF_000820305.1, s__Aeromonas dhakensis, 95.0, 88.46, 0.532",83.67,11,,,S1H2,bin.3
bin.2,d__Bacteria;p__Pseudomonadota;c__Gammaproteobacteria;o__Burkholderiales;f__Burkholderiaceae_C;g__Limnohabitans_A;s__Limnohabitans_A sp003063665,GCF_003063665.1,95.0,d__Bacteria;p__Pseudomonadota;c__Gammaproteobacteria;o__Burkholderiales;f__Burkholderiaceae_C;g__Limnohabitans_A;s__Limnohabitans_A sp003063665,96.64,0.891,,,,,,,ani_screen,classification based on ANI only,,74.03,11,,,S1E2,bin.2
bin.11,d__Bacteria;p__Pseudomonadota;c__Gammaproteobacteria;o__Burkholderiales;f__Burkholderiaceae;g__Polynucleobacter;s__Polynucleobacter sp000342265,GCA_000342265.1,95.0,d__Bacteria;p__Pseudomonadota;c__Gammaproteobacteria;o__Burkholderiales;f__Burkholderiaceae;g__Polynucleobacter;s__Polynucleobacter sp000342265,98.83,0.966,,,,,,,ani_screen,classification based on ANI only,"GCA_000342265.1, s__Polynucleobacter sp000342265, 95.0, 98.83, 0.966; GCF_018687575.1, s__Polynucleobacter asymbioticus_C, 95.0, 88.0, 0.598; GCF_018882325.1, s__Polynucleobacter sp018882325, 95.0, 87.99, 0.528; GCA_041179645.1, s__Polynucleobacter sp041179645, 95.0, 87.85, 0.561",89.54,11,,,S1E2,bin.11
bin.38,d__Bacteria;p__Actinomycetota;c__Actinomycetes;o__Actinomycetales;f__Microbacteriaceae;g__Aurantimicrobium;s__Aurantimicrobium minutum,GCF_002355535.1,95.0,d__Bacteria;p__Actinomycetota;c__Actinomycetes;o__Actinomycetales;f__Microbacteriaceae;g__Aurantimicrobium;s__Aurantimicrobium minutum,98.1,0.935,,,,,,,ani_screen,classification based on ANI only,"GCF_002355535.1, s__Aurantimicrobium minutum, 95.0, 98.1, 0.935; GCF_027924525.1, s__Aurantimicrobium sp027924525, 95.0, 93.15, 0.847; GCF_003325955.1, s__Aurantimicrobium sp003325955, 95.0, 91.38, 0.797",68.06,11,,,S1D4,bin.38
bin.16,d__Bacteria;p__Verrucomicrobiota;c__Verrucomicrobiia;o__Verrucomicrobiales;f__Akkermansiaceae;g__Luteolibacter;s__,,,,,,,,,,,d__Bacteria;p__Verrucomicrobiota;c__Verrucomicrobiia;o__Verrucomicrobiales;f__Akkermansiaceae;g__Luteolibacter;s__,taxonomic classification fully defined by topology,classification based on placement in class-level tree,,87.39,11,0.96699,,S1D4,bin.16
bin.9,d__Bacteria;p__Pseudomonadota;c__Alphaproteobacteria;o__Sphingomonadales;f__Sphingomonadaceae;g__Sphingorhabdus_B;s__Sphingorhabdus_B sp044374345,GCF_044374345.1,95.0,d__Bacteria;p__Pseudomonadota;c__Alphaproteobacteria;o__Sphingomonadales;f__Sphingomonadaceae;g__Sphingorhabdus_B;s__Sphingorhabdus_B sp044374345,96.16,0.875,,,,,,,ani_screen,classification based on ANI only,"GCF_044374345.1, s__Sphingorhabdus_B sp044374345, 95.0, 96.16, 0.875; GCF_044239005.1, s__Sphingorhabdus_B sp044239005, 95.0, 94.6, 0.811; GCA_002479765.1, s__Sphingorhabdus_B sp002479765, 95.0, 94.47, 0.868; GCF_044354325.1, s__Sphingorhabdus_B sp044354325, 95.0, 94.23, 0.801; GCF_014196595.1, s__Sphingorhabdus_B rigui, 95.0, 94.13, 0.842; GCA_002282385.1, s__Sphingorhabdus_B sp002282385, 95.0, 94.04, 0.842; GCA_964502655.1, s__Sphingorhabdus_B sp964502655, 95.0, 93.91, 0.712; GCA_943368745.1, s__Sphingorhabdus_B sp943368745, 95.0, 93.79, 0.841; GCA_044374245.1, s__Sphingorhabdus_B sp044374245, 95.0, 93.77, 0.76; GCA_021300355.1, s__Sphingorhabdus_B sp021300355, 95.0, 93.75, 0.785; GCA_002299195.1, s__Sphingorhabdus_B sp002299195, 95.0, 93.73, 0.706; GCA_041175505.1, s__Sphingorhabdus_B sp041175505, 95.0, 93.61, 0.807; GCF_044338195.1, s__Sphingorhabdus_B sp044338195, 95.0, 93.19, 0.829; GCA_044353705.1, s__Sphingorhabdus_B sp044353705, 95.0, 92.8, 0.67; GCA_027490455.1, s__Sphingorhabdus_B sp027490455, 95.0, 92.79, 0.673; GCA_002255985.1, s__Sphingorhabdus_B sp002255985, 95.0, 92.36, 0.721; GCA_041169905.1, s__Sphingorhabdus_B sp041169905, 95.0, 92.09, 0.634; GCA_937898535.1, s__Sphingorhabdus_B sp937898535, 95.0, 92.08, 0.614",74.25,11,,,S1D4,bin.9
bin.10,d__Bacteria;p__Pseudomonadota;c__Alphaproteobacteria;o__Rhodobacterales;f__Rhodobacteraceae;g__Paragemmobacter;s__,,,,,,,,,,,d__Bacteria;p__Pseudomonadota;c__Alphaproteobacteria;o__Rhodobacterales;f__Rhodobacteraceae;g__Paragemmobacter;s__,taxonomic classification fully defined by topology,classification based on placement in class-level tree,,51.4,11,0.99521,,S1D4,bin.10
bin.26,d__Bacteria;p__Pseudomonadota;c__Gammaproteobacteria;o__Burkholderiales;f__Burkholderiaceae;g__Polynucleobacter;s__Polynucleobacter sp046046075,GCA_046046075.1,95.0,d__Bacteria;p__Pseudomonadota;c__Gammaproteobacteria;o__Burkholderiales;f__Burkholderiaceae;g__Polynucleobacter;s__Polynucleobacter sp046046075,98.3,0.804,,,,,,,ani_screen,classification based on ANI only,"GCA_046046075.1, s__Polynucleobacter sp046046075, 95.0, 98.3, 0.804; GCA_937996825.1, s__Polynucleobacter sp937996825, 95.0, 93.35, 0.76; GCA_937863045.1, s__Polynucleobacter sp937863045, 95.0, 89.87, 0.599; GCF_018687615.1, s__Polynucleobacter sp018687615, 95.0, 89.68, 0.657; GCF_018882285.1, s__Polynucleobacter sp018882285, 95.0, 89.56, 0.647; GCA_039805465.1, s__Polynucleobacter sp039805465, 95.0, 89.53, 0.609; GCF_002224225.1, s__Polynucleobacter cosmopolitanus, 95.0, 89.32, 0.615",58.92,11,,,S1D4,bin.26
bin.45,d__Bacteria;p__Bacteroidota;c__Bacteroidia;o__Flavobacteriales;f__Flavobacteriaceae;g__Flavobacterium;s__Flavobacterium cheonhonense,GCF_039539085.1,95.0,d__Bacteria;p__Bacteroidota;c__Bacteroidia;o__Flavobacteriales;f__Flavobacteriaceae;g__Flavobacterium;s__Flavobacterium cheonhonense,98.63,0.948,,,,,,,ani_screen,classification based on ANI only,"GCF_039539085.1, s__Flavobacterium cheonhonense, 95.0, 98.63, 0.948; GCA_044338435.1, s__Flavobacterium sp044338435, 95.0, 94.65, 0.761; GCA_041158485.1, s__Flavobacterium sp041158485, 95.0, 91.38, 0.673; GCF_047038255.1, s__Flavobacterium mekongense, 95.0, 90.01, 0.626; GCF_024710485.1, s__Flavobacterium sp024710485, 95.0, 88.74, 0.55",92.71,11,,,S1D4,bin.45
bin.52,d__Bacteria;p__Verrucomicrobiota;c__Verrucomicrobiia;o__Verrucomicrobiales;f__Akkermansiaceae;g__UBA956;s__UBA956 sp044239965,GCA_044239965.1,95.0,d__Bacteria;p__Verrucomicrobiota;c__Verrucomicrobiia;o__Verrucomicrobiales;f__Akkermansiaceae;g__UBA956;s__UBA956 sp044239965,96.83,0.811,,,,,,,ani_screen,classification based on ANI only,"GCA_044239965.1, s__UBA956 sp044239965, 95.0, 96.83, 0.811; GCA_947460915.1, s__UBA956 sp947460915, 95.0, 94.25, 0.736; GCA_002293145.1, s__UBA956 sp002293145, 95.0, 88.09, 0.527",91.44,11,,,S1D4,bin.52
bin.54,d__Bacteria;p__Pseudomonadota;c__Gammaproteobacteria;o__Burkholderiales;f__Burkholderiaceae;g__Polynucleobacter;s__Polynucleobacter sp030696845,GCA_030696845.1,95.0,d__Bacteria;p__Pseudomonadota;c__Gammaproteobacteria;o__Burkholderiales;f__Burkholderiaceae;g__Polynucleobacter;s__Polynucleobacter sp030696845,98.9,0.903,,,,,,,ani_screen,classification based on ANI only,,80.46,11,,,S1D4,bin.54
bin.28,d__Bacteria;p__Pseudomonadota;c__Gammaproteobacteria;o__Methylococcales;f__Methylomonadaceae;g__Methylomonas;s__Methylomonas sp903931355,GCA_903931355.1,95.0,d__Bacteria;p__Pseudomonadota;c__Gammaproteobacteria;o__Methylococcales;f__Methylomonadaceae;g__Methylomonas;s__Methylomonas sp903931355,96.65,0.682,,,,,,,ani_screen,classification based on ANI only,,91.58,11,,,S1D4,bin.28
bin.61,d__Bacteria;p__Bacteroidota;c__Bacteroidia;o__Cytophagales;f__Spirosomataceae;g__Runella;s__Runella sp023254175,GCA_023254175.1,95.0,d__Bacteria;p__Bacteroidota;c__Bacteroidia;o__Cytophagales;f__Spirosomataceae;g__Runella;s__Runella sp023254175,98.81,0.926,,,,,,,ani_screen,classification based on ANI only,,78.58,11,,,S1D4,bin.61
bin.11,d__Bacteria;p__Verrucomicrobiota;c__Verrucomicrobiia;o__Opitutales;f__UBA953;g__UBA953;s__,,,,,,,,,,,d__Bacteria;p__Verrucomicrobiota;c__Verrucomicrobiia;o__Opitutales;f__UBA953;g__UBA953;s__,taxonomic classification fully defined by topology,classification based on placement in class-level tree,,88.76,11,0.99691,,S1D4,bin.11
bin.24,d__Bacteria;p__Pseudomonadota;c__Alphaproteobacteria;o__Sphingomonadales;f__Sphingomonadaceae;g__Novosphingobium;s__,,,,,,,,,,,d__Bacteria;p__Pseudomonadota;c__Alphaproteobacteria;o__Sphingomonadales;f__Sphingomonadaceae;g__Novosphingobium;s__,taxonomic classification fully defined by topology,classification based on placement in class-level tree,,72.12,11,0.99193,,S1D4,bin.24
bin.39,d__Bacteria;p__Bacteroidota;c__Bacteroidia;o__Chitinophagales;f__Chitinophagaceae;g__Sediminibacterium;s__Sediminibacterium sp039805185,GCA_039805185.1,95.0,d__Bacteria;p__Bacteroidota;c__Bacteroidia;o__Chitinophagales;f__Chitinophagaceae;g__Sediminibacterium;s__Sediminibacterium sp039805185,99.05,0.93,,,,,,,ani_screen,classification based on ANI only,,98.08,11,,,S1D4,bin.39
bin.55,d__Bacteria;p__Pseudomonadota;c__Gammaproteobacteria;o__Burkholderiales;f__Methylophilaceae;g__Methylopumilus_A;s__Methylopumilus_A sp040383445,GCA_040383445.1,95.0,d__Bacteria;p__Pseudomonadota;c__Gammaproteobacteria;o__Burkholderiales;f__Methylophilaceae;g__Methylopumilus_A;s__Methylopumilus_A sp040383445,98.06,0.819,,,,,,,ani_screen,classification based on ANI only,,87.62,11,,,S1D4,bin.55
bin.15,d__Bacteria;p__Pseudomonadota;c__Alphaproteobacteria;o__Rhodobacterales;f__Rhodobacteraceae;g__Tabrizicola_A;s__Tabrizicola_A aquatica,GCA_965194375.1,95.0,d__Bacteria;p__Pseudomonadota;c__Alphaproteobacteria;o__Rhodobacterales;f__Rhodobacteraceae;g__Tabrizicola_A;s__Tabrizicola_A aquatica,96.46,0.934,,,,,,,ani_screen,classification based on ANI only,"GCA_965194375.1, s__Tabrizicola_A aquatica, 95.0, 96.46, 0.934; GCA_049419625.1, s__Tabrizicola_A sp049419625, 95.0, 90.92, 0.576; GCA_044377735.1, s__Tabrizicola_A sp044377735, 95.0, 90.1, 0.632",85.49,11,,,S1E11,bin.15
bin.9,d__Bacteria;p__Pseudomonadota;c__Gammaproteobacteria;o__Burkholderiales;f__Burkholderiaceae;g__Polynucleobacter;s__Polynucleobacter sp030696845,GCA_030696845.1,95.0,d__Bacteria;p__Pseudomonadota;c__Gammaproteobacteria;o__Burkholderiales;f__Burkholderiaceae;g__Polynucleobacter;s__Polynucleobacter sp030696845,99.37,0.962,,,,,,,ani_screen,classification based on ANI only,,86.01,11,,,S1E11,bin.9
bin.10,d__Bacteria;p__Verrucomicrobiota;c__Verrucomicrobiia;o__Verrucomicrobiales;f__Akkermansiaceae;g__UBA956;s__UBA956 sp044239965,GCA_044239965.1,95.0,d__Bacteria;p__Verrucomicrobiota;c__Verrucomicrobiia;o__Verrucomicrobiales;f__Akkermansiaceae;g__UBA956;s__UBA956 sp044239965,96.86,0.805,,,,,,,ani_screen,classification based on ANI only,"GCA_044239965.1, s__UBA956 sp044239965, 95.0, 96.86, 0.805; GCA_947460915.1, s__UBA956 sp947460915, 95.0, 94.27, 0.755; GCA_002293145.1, s__UBA956 sp002293145, 95.0, 89.15, 0.536",95.31,11,,,S1E11,bin.10
bin.18,d__Bacteria;p__Pseudomonadota;c__Gammaproteobacteria;o__Burkholderiales;f__Burkholderiaceae_D;g__Pernthalerella;s__Pernthalerella sp030157545,GCA_030157545.1,95.0,d__Bacteria;p__Pseudomonadota;c__Gammaproteobacteria;o__Burkholderiales;f__Burkholderiaceae_D;g__Pernthalerella;s__Pernthalerella sp030157545,98.71,0.971,,,,,,,ani_screen,classification based on ANI only,,99.44,11,,,S1E11,bin.18
bin.6,d__Bacteria;p__Bacteroidota;c__Bacteroidia;o__Cytophagales;f__Spirosomataceae;g__Aquirufa;s__Aquirufa antheringensis,GCF_004307425.1,95.0,d__Bacteria;p__Bacteroidota;c__Bacteroidia;o__Cytophagales;f__Spirosomataceae;g__Aquirufa;s__Aquirufa antheringensis,97.21,0.92,,,,,,,ani_screen,classification based on ANI only,"GCF_004307425.1, s__Aquirufa antheringensis, 95.0, 97.21, 0.92; GCF_042714495.1, s__Aquirufa originis, 95.0, 92.6, 0.797; GCA_040403415.1, s__Aquirufa sp040403415, 95.0, 90.86, 0.666; GCF_042715595.1, s__Aquirufa esocilacus, 95.0, 90.64, 0.647; GCF_019916085.1, s__Aquirufa lenticrescens, 95.0, 90.21, 0.696; GCA_947450865.1, s__Aquirufa sp947450865, 95.0, 88.82, 0.561; GCA_002479785.1, s__Aquirufa sp002479785, 95.0, 87.23, 0.514",95.83,11,,,S1E11,bin.6
bin.14,d__Bacteria;p__Pseudomonadota;c__Gammaproteobacteria;o__Burkholderiales;f__Burkholderiaceae;g__Polynucleobacter;s__Polynucleobacter sp000342265,GCA_000342265.1,95.0,d__Bacteria;p__Pseudomonadota;c__Gammaproteobacteria;o__Burkholderiales;f__Burkholderiaceae;g__Polynucleobacter;s__Polynucleobacter sp000342265,98.63,0.953,,,,,,,ani_screen,classification based on ANI only,"GCA_000342265.1, s__Polynucleobacter sp000342265, 95.0, 98.63, 0.953; GCF_018882325.1, s__Polynucleobacter sp018882325, 95.0, 87.74, 0.542; GCF_018687575.1, s__Polynucleobacter asymbioticus_C, 95.0, 87.61, 0.603; GCA_041179645.1, s__Polynucleobacter sp041179645, 95.0, 87.47, 0.571",90.32,11,,,S1E11,bin.14
bin.18,d__Bacteria;p__Planctomycetota;c__Phycisphaerae;o__Phycisphaerales;f__SM1A02;g__QWPT01;s__QWPT01 sp044341665,GCA_044341665.1,95.0,d__Bacteria;p__Planctomycetota;c__Phycisphaerae;o__Phycisphaerales;f__SM1A02;g__QWPT01;s__QWPT01 sp044341665,95.04,0.668,,,,,,,ani_screen,classification based on ANI only,,69.54,11,,,S1C10,bin.18
bin.13,d__Bacteria;p__Pseudomonadota;c__Alphaproteobacteria;o__Caulobacterales;f__Aquidulcibacteraceae;g__Aquidulcibacter;s__Aquidulcibacter sp943368895,GCA_943368895.1,95.0,d__Bacteria;p__Pseudomonadota;c__Alphaproteobacteria;o__Caulobacterales;f__Aquidulcibacteraceae;g__Aquidulcibacter;s__Aquidulcibacter sp943368895,98.72,0.761,,,,,,,ani_screen,classification based on ANI only,"GCA_943368895.1, s__Aquidulcibacter sp943368895, 95.0, 98.72, 0.761; GCA_021299265.1, s__Aquidulcibacter sp021299265, 95.0, 90.04, 0.588; GCA_001602435.1, s__Aquidulcibacter sp001602435, 95.0, 89.8, 0.585",58.84,11,,,S1C10,bin.13
bin.34,d__Bacteria;p__Armatimonadota;c__Fimbriimonadia;o__Fimbriimonadales;f__Fimbriimonadaceae;g__Fimbriimonas;s__Fimbriimonas sp903927345,GCA_903927345.1,95.0,d__Bacteria;p__Armatimonadota;c__Fimbriimonadia;o__Fimbriimonadales;f__Fimbriimonadaceae;g__Fimbriimonas;s__Fimbriimonas sp903927345,96.28,0.881,,,,,,,ani_screen,classification based on ANI only,,88.9,11,,,S1C10,bin.34
bin.13,d__Bacteria;p__Pseudomonadota;c__Alphaproteobacteria;o__Sphingomonadales;f__Sphingomonadaceae;g__Sphingorhabdus_B;s__Sphingorhabdus_B sp044374345,GCF_044374345.1,95.0,d__Bacteria;p__Pseudomonadota;c__Alphaproteobacteria;o__Sphingomonadales;f__Sphingomonadaceae;g__Sphingorhabdus_B;s__Sphingorhabdus_B sp044374345,95.42,0.862,,,,,,,ani_screen,classification based on ANI only,"GCF_044374345.1, s__Sphingorhabdus_B sp044374345, 95.0, 95.42, 0.862; GCF_044239005.1, s__Sphingorhabdus_B sp044239005, 95.0, 94.33, 0.821; GCF_044354325.1, s__Sphingorhabdus_B sp044354325, 95.0, 94.25, 0.815; GCA_002479765.1, s__Sphingorhabdus_B sp002479765, 95.0, 94.23, 0.825; GCA_002282385.1, s__Sphingorhabdus_B sp002282385, 95.0, 93.85, 0.825; GCF_014196595.1, s__Sphingorhabdus_B rigui, 95.0, 93.83, 0.813; GCA_044374245.1, s__Sphingorhabdus_B sp044374245, 95.0, 93.81, 0.79; GCA_002299195.1, s__Sphingorhabdus_B sp002299195, 95.0, 93.61, 0.771; GCA_943368745.1, s__Sphingorhabdus_B sp943368745, 95.0, 93.6, 0.796; GCA_021300355.1, s__Sphingorhabdus_B sp021300355, 95.0, 93.42, 0.784; GCA_041175505.1, s__Sphingorhabdus_B sp041175505, 95.0, 93.2, 0.792; GCA_964502655.1, s__Sphingorhabdus_B sp964502655, 95.0, 93.04, 0.684; GCA_027490455.1, s__Sphingorhabdus_B sp027490455, 95.0, 93.03, 0.803; GCF_044338195.1, s__Sphingorhabdus_B sp044338195, 95.0, 92.82, 0.818; GCA_044353705.1, s__Sphingorhabdus_B sp044353705, 95.0, 92.73, 0.79; GCA_041169905.1, s__Sphingorhabdus_B sp041169905, 95.0, 92.54, 0.762; GCA_002255985.1, s__Sphingorhabdus_B sp002255985, 95.0, 91.84, 0.708; GCA_937898535.1, s__Sphingorhabdus_B sp937898535, 95.0, 91.42, 0.616",97.11,11,,,S1E4,bin.13
bin.2,d__Bacteria;p__Bacteroidota;c__Bacteroidia;o__Flavobacteriales;f__Flavobacteriaceae;g__Flavobacterium;s__Flavobacterium ammonificans,GCF_020886115.1,95.0,d__Bacteria;p__Bacteroidota;c__Bacteroidia;o__Flavobacteriales;f__Flavobacteriaceae;g__Flavobacterium;s__Flavobacterium ammonificans,97.9,0.921,,,,,,,ani_screen,classification based on ANI only,,75.81,11,,,S1E4,bin.2
bin.3,d__Bacteria;p__Pseudomonadota;c__Gammaproteobacteria;o__Burkholderiales;f__Burkholderiaceae;g__Polynucleobacter;s__Polynucleobacter sp046046075,GCA_046046075.1,95.0,d__Bacteria;p__Pseudomonadota;c__Gammaproteobacteria;o__Burkholderiales;f__Burkholderiaceae;g__Polynucleobacter;s__Polynucleobacter sp046046075,98.49,0.821,,,,,,,ani_screen,classification based on ANI only,"GCA_046046075.1, s__Polynucleobacter sp046046075, 95.0, 98.49, 0.821; GCA_937996825.1, s__Polynucleobacter sp937996825, 95.0, 93.27, 0.779; GCF_018687615.1, s__Polynucleobacter sp018687615, 95.0, 89.66, 0.625; GCF_018882285.1, s__Polynucleobacter sp018882285, 95.0, 89.6, 0.65; GCA_937863045.1, s__Polynucleobacter sp937863045, 95.0, 89.42, 0.613; GCF_002224225.1, s__Polynucleobacter cosmopolitanus, 95.0, 89.36, 0.634; GCA_039805465.1, s__Polynucleobacter sp039805465, 95.0, 89.36, 0.573",88.26,11,,,S1E4,bin.3
bin.17,d__Bacteria;p__Pseudomonadota;c__Gammaproteobacteria;o__Burkholderiales;f__Burkholderiaceae;g__Polynucleobacter;s__Polynucleobacter sp030696845,GCA_030696845.1,95.0,d__Bacteria;p__Pseudomonadota;c__Gammaproteobacteria;o__Burkholderiales;f__Burkholderiaceae;g__Polynucleobacter;s__Polynucleobacter sp030696845,99.58,0.987,,,,,,,ani_screen,classification based on ANI only,,83.29,11,,,S1E4,bin.17
bin.10,d__Bacteria;p__Pseudomonadota;c__Gammaproteobacteria;o__Burkholderiales;f__Burkholderiaceae_D;g__Pernthalerella;s__Pernthalerella sp030157545,GCA_030157545.1,95.0,d__Bacteria;p__Pseudomonadota;c__Gammaproteobacteria;o__Burkholderiales;f__Burkholderiaceae_D;g__Pernthalerella;s__Pernthalerella sp030157545,98.62,0.927,,,,,,,ani_screen,classification based on ANI only,,87.98,11,,,S1F4,bin.10
bin.12,d__Bacteria;p__Verrucomicrobiota;c__Verrucomicrobiia;o__Opitutales;f__UBA953;g__UBA953;s__UBA953 sp041191065,GCA_041191065.1,95.0,d__Bacteria;p__Verrucomicrobiota;c__Verrucomicrobiia;o__Opitutales;f__UBA953;g__UBA953;s__UBA953 sp041191065,99.1,0.825,,,,,,,ani_screen,classification based on ANI only,"GCA_041191065.1, s__UBA953 sp041191065, 95.0, 99.1, 0.825; GCA_004293385.1, s__UBA953 sp004293385, 95.0, 93.16, 0.647; GCA_943323725.2, s__UBA953 sp943323725, 95.0, 92.97, 0.567; GCA_030725715.1, s__UBA953 sp030725715, 95.0, 92.75, 0.66; GCA_046052185.1, s__UBA953 sp046052185, 95.0, 92.71, 0.638; GCA_046301395.1, s__UBA953 sp046301395, 95.0, 92.69, 0.603; GCA_039797095.1, s__UBA953 sp039797095, 95.0, 92.45, 0.58; GCA_016871725.1, s__UBA953 sp016871725, 95.0, 91.03, 0.635; GCA_964202105.1, s__UBA953 sp964202105, 95.0, 90.95, 0.527; GCA_044378215.1, s__UBA953 sp044378215, 95.0, 90.89, 0.526; GCA_044350605.1, s__UBA953 sp044350605, 95.0, 90.75, 0.554; GCA_041180005.1, s__UBA953 sp041180005, 95.0, 90.22, 0.558",59.52,11,,,S1C11,bin.12
bin.16,d__Bacteria;p__Pseudomonadota;c__Alphaproteobacteria;o__Rhodobacterales;f__Rhodobacteraceae;g__Tabrizicola_A;s__,,,,,,,,,,,d__Bacteria;p__Pseudomonadota;c__Alphaproteobacteria;o__Rhodobacterales;f__Rhodobacteraceae;g__Tabrizicola_A;s__,taxonomic classification fully defined by topology,classification based on placement in class-level tree,,53.13,11,0.98856,,S1H12,bin.16
